invoice,stock_code,description,quantity,invoice_date,price,customer_id,country,revenue
100001,S795,Streaming subscription,1,2024-01-01,15.83,C17735,Australia,15.83
100023,S995,Streaming subscription,4,2024-01-01,19.53,C69787,France,78.12
100024,S465,Streaming subscription,3,2024-01-01,22.62,C40085,France,67.86
100025,S726,Streaming subscription,1,2024-01-01,23.0,C51568,Germany,23.0
100026,S244,Streaming subscription,4,2024-01-01,24.38,C54759,Germany,97.52
100027,S314,Streaming subscription,4,2024-01-01,26.66,C37135,Germany,106.64
100028,S666,Streaming subscription,4,2024-01-01,18.43,C40832,Germany,73.72
100029,S545,Streaming subscription,1,2024-01-01,20.84,C72972,Germany,20.84
100031,S171,Streaming subscription,4,2024-01-01,21.07,C18675,Germany,84.28
100032,S911,Streaming subscription,3,2024-01-01,27.27,C74944,Germany,81.81
100033,S516,Streaming subscription,2,2024-01-01,29.06,C87094,United Kingdom,58.12
100034,S781,Streaming subscription,1,2024-01-01,26.37,C37779,United Kingdom,26.37
100035,S665,Streaming subscription,4,2024-01-01,33.83,C17599,United Kingdom,135.32
100036,S473,Streaming subscription,4,2024-01-01,29.0,C26940,United Kingdom,116.0
100037,S257,Streaming subscription,2,2024-01-01,29.48,C62887,United Kingdom,58.96
100038,S253,Streaming subscription,4,2024-01-01,24.98,C50232,United Kingdom,99.92
100039,S961,Streaming subscription,-1,2024-01-01,30.45,C47633,United Kingdom,-30.45
100040,S347,Streaming subscription,3,2024-01-01,29.32,C53798,United Kingdom,87.96000000000001
100022,S152,Streaming subscription,5,2024-01-01,22.76,C49088,France,113.80000000000001
100021,S131,Streaming subscription,2,2024-01-01,20.35,C31054,France,40.7
100030,S339,Streaming subscription,3,2024-01-01,28.88,C33502,Germany,86.64
100019,S181,Streaming subscription,4,2024-01-01,21.59,C60328,France,86.36
100020,S373,Streaming subscription,4,2024-01-01,19.8,C98445,France,79.2
100002,S761,Streaming subscription,4,2024-01-01,12.64,C78501,Australia,50.56
100003,S806,Streaming subscription,4,2024-01-01,19.41,C55031,Australia,77.64
100004,S461,Streaming subscription,2,2024-01-01,22.19,C84047,Australia,44.38
100005,S498,Streaming subscription,3,2024-01-01,16.46,C89909,Australia,49.38
100006,S248,Streaming subscription,1,2024-01-01,22.54,C78227,Australia,22.54
100008,S547,Streaming subscription,4,2024-01-01,18.23,C13942,Australia,72.92
100009,S238,Streaming subscription,3,2024-01-01,17.47,C42997,Canada,52.41
100010,S168,Streaming subscription,5,2024-01-01,14.17,C52259,Canada,70.85
100007,S418,Streaming subscription,4,2024-01-01,23.75,C71012,Australia,95.0
100018,S700,Streaming subscription,3,2024-01-01,24.41,C17127,France,73.23
100012,S244,Streaming subscription,2,2024-01-01,18.24,C84940,Canada,36.48
100013,S729,Streaming subscription,4,2024-01-01,17.86,C49169,Canada,71.44
100014,S315,Streaming subscription,5,2024-01-01,16.37,C71423,Canada,81.85000000000001
100015,S816,Streaming subscription,-1,2024-01-01,18.34,C80822,Canada,-18.34
100016,S697,Streaming subscription,4,2024-01-01,10.86,C60007,Canada,43.44
100017,S320,Streaming subscription,3,2024-01-01,18.79,C20307,France,56.37
100011,S270,Streaming subscription,4,2024-01-01,15.56,C39717,Canada,62.24
100069,S400,Streaming subscription,5,2024-01-02,22.08,C57768,Germany,110.39999999999999
100068,S198,Streaming subscription,-2,2024-01-02,22.3,C35913,Germany,-44.6
100067,S635,Streaming subscription,1,2024-01-02,21.38,C48886,Germany,21.38
100063,S457,Streaming subscription,1,2024-01-02,19.9,C55753,France,19.9
100065,S122,Streaming subscription,3,2024-01-02,25.21,C85670,Germany,75.63
100064,S963,Streaming subscription,4,2024-01-02,25.73,C93231,France,102.92
100070,S644,Streaming subscription,4,2024-01-02,22.51,C93381,Germany,90.04
100066,S105,Streaming subscription,1,2024-01-02,24.68,C96959,Germany,24.68
100071,S346,Streaming subscription,3,2024-01-02,24.04,C50850,Germany,72.12
100080,S677,Streaming subscription,1,2024-01-02,38.11,C61410,United Kingdom,38.11
100073,S527,Streaming subscription,5,2024-01-02,38.43,C63498,United Kingdom,192.15
100074,S231,Streaming subscription,2,2024-01-02,34.31,C93101,United Kingdom,68.62
100075,S240,Streaming subscription,1,2024-01-02,30.98,C35624,United Kingdom,30.98
100076,S737,Streaming subscription,-1,2024-01-02,23.45,C14985,United Kingdom,-23.45
100077,S257,Streaming subscription,1,2024-01-02,26.32,C56439,United Kingdom,26.32
100078,S984,Streaming subscription,4,2024-01-02,28.81,C55406,United Kingdom,115.24
100079,S886,Streaming subscription,4,2024-01-02,25.74,C54377,United Kingdom,102.96
100062,S609,Streaming subscription,4,2024-01-02,21.16,C93479,France,84.64
100072,S322,Streaming subscription,3,2024-01-02,19.86,C85676,Germany,59.58
100061,S279,Streaming subscription,3,2024-01-02,19.88,C17594,France,59.64
100050,S368,Streaming subscription,5,2024-01-02,17.54,C49158,Canada,87.69999999999999
100059,S306,Streaming subscription,1,2024-01-02,21.37,C97236,France,21.37
100060,S788,Streaming subscription,1,2024-01-02,20.88,C62299,France,20.88
100041,S541,Streaming subscription,4,2024-01-02,20.94,C58801,Australia,83.76
100042,S589,Streaming subscription,3,2024-01-02,20.43,C56859,Australia,61.29
100043,S494,Streaming subscription,5,2024-01-02,19.0,C10892,Australia,95.0
100044,S383,Streaming subscription,5,2024-01-02,18.94,C19771,Australia,94.7
100045,S704,Streaming subscription,4,2024-01-02,19.3,C94487,Australia,77.2
100047,S133,Streaming subscription,2,2024-01-02,16.95,C37895,Australia,33.9
100048,S282,Streaming subscription,5,2024-01-02,22.43,C95759,Australia,112.15
100049,S361,Streaming subscription,4,2024-01-02,15.44,C99223,Canada,61.76
100046,S976,Streaming subscription,4,2024-01-02,22.93,C30719,Australia,91.72
100051,S992,Streaming subscription,5,2024-01-02,16.59,C86106,Canada,82.95
100057,S276,Streaming subscription,1,2024-01-02,17.92,C38837,France,17.92
100056,S747,Streaming subscription,1,2024-01-02,14.64,C88709,Canada,14.64
100055,S316,Streaming subscription,5,2024-01-02,21.76,C90271,Canada,108.80000000000001
100058,S940,Streaming subscription,5,2024-01-02,21.03,C11254,France,105.15
100053,S794,Streaming subscription,1,2024-01-02,14.55,C89765,Canada,14.55
100052,S522,Streaming subscription,5,2024-01-02,15.57,C38433,Canada,77.85
100054,S104,Streaming subscription,1,2024-01-02,21.36,C94312,Canada,21.36
100110,S343,Streaming subscription,4,2024-01-03,27.29,C86547,Germany,109.16
100103,S205,Streaming subscription,4,2024-01-03,26.2,C75592,France,104.8
100104,S756,Streaming subscription,3,2024-01-03,19.04,C40027,France,57.12
100105,S907,Streaming subscription,4,2024-01-03,25.17,C81569,Germany,100.68
100106,S964,Streaming subscription,2,2024-01-03,23.83,C23300,Germany,47.66
100107,S941,Streaming subscription,1,2024-01-03,20.64,C21512,Germany,20.64
100108,S424,Streaming subscription,4,2024-01-03,21.74,C80226,Germany,86.96
100109,S530,Streaming subscription,4,2024-01-03,24.39,C10440,Germany,97.56
100111,S672,Streaming subscription,5,2024-01-03,17.34,C12914,Germany,86.7
100120,S837,Streaming subscription,1,2024-01-03,27.83,C64532,United Kingdom,27.83
100113,S365,Streaming subscription,3,2024-01-03,22.64,C11088,United Kingdom,67.92
100114,S589,Streaming subscription,2,2024-01-03,30.08,C19952,United Kingdom,60.16
100115,S996,Streaming subscription,2,2024-01-03,28.43,C80018,United Kingdom,56.86
100116,S121,Streaming subscription,5,2024-01-03,30.7,C69910,United Kingdom,153.5
100117,S684,Streaming subscription,1,2024-01-03,30.9,C87709,United Kingdom,30.9
100118,S868,Streaming subscription,1,2024-01-03,25.78,C79908,United Kingdom,25.78
100119,S278,Streaming subscription,5,2024-01-03,26.86,C91848,United Kingdom,134.3
100102,S859,Streaming subscription,3,2024-01-03,13.81,C20775,France,41.43
100112,S749,Streaming subscription,4,2024-01-03,24.72,C84285,Germany,98.88
100101,S569,Streaming subscription,4,2024-01-03,21.29,C56593,France,85.16
100090,S812,Streaming subscription,2,2024-01-03,12.29,C95396,Canada,24.58
100099,S630,Streaming subscription,4,2024-01-03,18.69,C25094,France,74.76
100081,S474,Streaming subscription,5,2024-01-03,16.81,C93322,Australia,84.05
100082,S195,Streaming subscription,3,2024-01-03,15.58,C14676,Australia,46.74
100083,S931,Streaming subscription,3,2024-01-03,13.37,C82061,Australia,40.11
100084,S620,Streaming subscription,5,2024-01-03,15.59,C80152,Australia,77.95
100085,S677,Streaming subscription,4,2024-01-03,18.46,C84344,Australia,73.84
100086,S849,Streaming subscription,3,2024-01-03,20.01,C51651,Australia,60.03
100087,S446,Streaming subscription,4,2024-01-03,20.1,C15501,Australia,80.4
100088,S643,Streaming subscription,1,2024-01-03,13.33,C30931,Australia,13.33
100089,S430,Streaming subscription,2,2024-01-03,19.0,C49050,Canada,38.0
100100,S527,Streaming subscription,1,2024-01-03,25.08,C51938,France,25.08
100091,S923,Streaming subscription,4,2024-01-03,22.03,C51444,Canada,88.12
100092,S281,Streaming subscription,3,2024-01-03,22.08,C82394,Canada,66.24
100093,S578,Streaming subscription,3,2024-01-03,16.2,C25904,Canada,48.599999999999994
100094,S552,Streaming subscription,4,2024-01-03,11.85,C87463,Canada,47.4
100095,S218,Streaming subscription,5,2024-01-03,20.07,C65967,Canada,100.35
100096,S750,Streaming subscription,4,2024-01-03,18.53,C22366,Canada,74.12
100097,S962,Streaming subscription,5,2024-01-03,19.22,C50066,France,96.1
100098,S181,Streaming subscription,4,2024-01-03,18.59,C32804,France,74.36
100148,S207,Streaming subscription,4,2024-01-04,13.91,C16894,Germany,55.64
100147,S315,Streaming subscription,5,2024-01-04,29.06,C64075,Germany,145.29999999999998
100146,S843,Streaming subscription,-1,2024-01-04,17.87,C73554,Germany,-17.87
100142,S864,Streaming subscription,4,2024-01-04,21.3,C55326,France,85.2
100144,S838,Streaming subscription,5,2024-01-04,23.31,C15001,France,116.55
100143,S567,Streaming subscription,4,2024-01-04,18.25,C56735,France,73.0
100149,S792,Streaming subscription,5,2024-01-04,25.81,C71889,Germany,129.04999999999998
100145,S352,Streaming subscription,1,2024-01-04,25.87,C75769,Germany,25.87
100150,S734,Streaming subscription,1,2024-01-04,23.24,C40026,Germany,23.24
100154,S502,Streaming subscription,3,2024-01-04,26.62,C85190,United Kingdom,79.86
100152,S249,Streaming subscription,4,2024-01-04,27.43,C96220,Germany,109.72
100153,S685,Streaming subscription,3,2024-01-04,25.06,C22743,United Kingdom,75.17999999999999
100160,S785,Streaming subscription,4,2024-01-04,28.88,C76929,United Kingdom,115.52
100155,S926,Streaming subscription,4,2024-01-04,29.07,C23560,United Kingdom,116.28
100156,S262,Streaming subscription,2,2024-01-04,26.6,C66887,United Kingdom,53.2
100157,S995,Streaming subscription,2,2024-01-04,30.4,C62779,United Kingdom,60.8
100158,S543,Streaming subscription,4,2024-01-04,25.42,C85651,United Kingdom,101.68
100141,S662,Streaming subscription,3,2024-01-04,30.07,C82746,France,90.21000000000001
100151,S519,Streaming subscription,1,2024-01-04,27.05,C24737,Germany,27.05
100159,S465,Streaming subscription,5,2024-01-04,29.04,C70317,United Kingdom,145.2
100140,S277,Streaming subscription,2,2024-01-04,19.79,C48827,France,39.58
100138,S415,Streaming subscription,3,2024-01-04,24.85,C60918,France,74.55000000000001
100139,S731,Streaming subscription,3,2024-01-04,19.99,C65497,France,59.97
100121,S820,Streaming subscription,5,2024-01-04,14.24,C32039,Australia,71.2
100122,S208,Streaming subscription,1,2024-01-04,22.05,C79488,Australia,22.05
100123,S727,Streaming subscription,5,2024-01-04,24.07,C51057,Australia,120.35
100124,S177,Streaming subscription,2,2024-01-04,24.16,C86600,Australia,48.32
100126,S773,Streaming subscription,2,2024-01-04,22.24,C65038,Australia,44.48
100127,S148,Streaming subscription,3,2024-01-04,15.78,C29721,Australia,47.339999999999996
100128,S433,Streaming subscription,5,2024-01-04,13.02,C18254,Australia,65.1
100125,S239,Streaming subscription,3,2024-01-04,14.24,C11417,Australia,42.72
100130,S501,Streaming subscription,4,2024-01-04,15.27,C23061,Canada,61.08
100129,S264,Streaming subscription,4,2024-01-04,12.19,C58870,Canada,48.76
100136,S953,Streaming subscription,3,2024-01-04,13.01,C62946,Canada,39.03
100135,S484,Streaming subscription,4,2024-01-04,17.1,C97430,Canada,68.4
100134,S183,Streaming subscription,1,2024-01-04,16.17,C37423,Canada,16.17
100137,S385,Streaming subscription,4,2024-01-04,19.38,C52954,France,77.52
100132,S241,Streaming subscription,4,2024-01-04,14.77,C23359,Canada,59.08
100131,S950,Streaming subscription,2,2024-01-04,14.73,C58378,Canada,29.46
100133,S557,Streaming subscription,3,2024-01-04,17.15,C21640,Canada,51.449999999999996
100189,S223,Streaming subscription,3,2024-01-05,26.33,C87009,Germany,78.99
100183,S126,Streaming subscription,3,2024-01-05,19.02,C64954,France,57.06
100184,S571,Streaming subscription,4,2024-01-05,17.25,C41322,France,69.0
100185,S867,Streaming subscription,4,2024-01-05,22.76,C50407,Germany,91.04
100186,S878,Streaming subscription,2,2024-01-05,23.18,C26883,Germany,46.36
100187,S176,Streaming subscription,4,2024-01-05,26.01,C48239,Germany,104.04
100188,S796,Streaming subscription,5,2024-01-05,31.36,C46714,Germany,156.8
100191,S546,Streaming subscription,2,2024-01-05,23.57,C17417,Germany,47.14
100182,S336,Streaming subscription,5,2024-01-05,21.0,C70955,France,105.0
100193,S897,Streaming subscription,4,2024-01-05,32.29,C96327,United Kingdom,129.16
100194,S776,Streaming subscription,5,2024-01-05,24.89,C41203,United Kingdom,124.45
100195,S900,Streaming subscription,5,2024-01-05,22.08,C91814,United Kingdom,110.39999999999999
100196,S576,Streaming subscription,2,2024-01-05,19.07,C65789,United Kingdom,38.14
100197,S369,Streaming subscription,4,2024-01-05,25.55,C39023,United Kingdom,102.2
100198,S239,Streaming subscription,1,2024-01-05,36.38,C32553,United Kingdom,36.38
100199,S874,Streaming subscription,4,2024-01-05,27.46,C52862,United Kingdom,109.84
100200,S994,Streaming subscription,5,2024-01-05,26.22,C70442,United Kingdom,131.1
100192,S507,Streaming subscription,-1,2024-01-05,26.23,C96682,Germany,-26.23
100181,S144,Streaming subscription,2,2024-01-05,18.74,C31028,France,37.48
100190,S545,Streaming subscription,4,2024-01-05,18.12,C92375,Germany,72.48
100179,S198,Streaming subscription,2,2024-01-05,21.71,C69131,France,43.42
100162,S790,Streaming subscription,3,2024-01-05,26.46,C48777,Australia,79.38
100163,S445,Streaming subscription,5,2024-01-05,16.7,C40652,Australia,83.5
100164,S548,Streaming subscription,3,2024-01-05,17.54,C11974,Australia,52.62
100165,S451,Streaming subscription,2,2024-01-05,20.51,C25975,Australia,41.02
100166,S646,Streaming subscription,-1,2024-01-05,21.93,C93470,Australia,-21.93
100167,S502,Streaming subscription,4,2024-01-05,20.0,C60986,Australia,80.0
100168,S572,Streaming subscription,1,2024-01-05,20.26,C67038,Australia,20.26
100169,S982,Streaming subscription,4,2024-01-05,20.54,C98628,Canada,82.16
100170,S355,Streaming subscription,4,2024-01-05,17.13,C96688,Canada,68.52
100161,S397,Streaming subscription,3,2024-01-05,21.66,C53431,Australia,64.98
100171,S803,Streaming subscription,4,2024-01-05,12.11,C55639,Canada,48.44
100172,S964,Streaming subscription,4,2024-01-05,11.74,C68868,Canada,46.96
100173,S971,Streaming subscription,3,2024-01-05,11.58,C83931,Canada,34.74
100174,S556,Streaming subscription,4,2024-01-05,10.08,C79960,Canada,40.32
100175,S540,Streaming subscription,5,2024-01-05,18.7,C39273,Canada,93.5
100176,S684,Streaming subscription,5,2024-01-05,17.66,C17633,Canada,88.3
100177,S599,Streaming subscription,2,2024-01-05,18.66,C50002,France,37.32
100178,S956,Streaming subscription,5,2024-01-05,22.46,C14382,France,112.30000000000001
100180,S453,Streaming subscription,4,2024-01-05,18.07,C82077,France,72.28
100229,S625,Streaming subscription,3,2024-01-06,20.58,C18199,Germany,61.739999999999995
100228,S597,Streaming subscription,-2,2024-01-06,20.36,C99376,Germany,-40.72
100227,S814,Streaming subscription,1,2024-01-06,16.71,C55655,Germany,16.71
100223,S874,Streaming subscription,3,2024-01-06,20.33,C12685,France,60.989999999999995
100225,S842,Streaming subscription,4,2024-01-06,26.42,C38543,Germany,105.68
100224,S411,Streaming subscription,4,2024-01-06,18.04,C69323,France,72.16
100230,S263,Streaming subscription,5,2024-01-06,19.83,C34586,Germany,99.14999999999999
100226,S900,Streaming subscription,1,2024-01-06,25.26,C79876,Germany,25.26
100231,S145,Streaming subscription,4,2024-01-06,16.16,C40914,Germany,64.64
100235,S745,Streaming subscription,4,2024-01-06,27.67,C98506,United Kingdom,110.68
100233,S657,Streaming subscription,2,2024-01-06,27.41,C64968,United Kingdom,54.82
100234,S597,Streaming subscription,1,2024-01-06,25.03,C57938,United Kingdom,25.03
100236,S131,Streaming subscription,-1,2024-01-06,24.58,C81641,United Kingdom,-24.58
100237,S567,Streaming subscription,2,2024-01-06,22.06,C79498,United Kingdom,44.12
100238,S521,Streaming subscription,5,2024-01-06,22.42,C23443,United Kingdom,112.10000000000001
100239,S964,Streaming subscription,2,2024-01-06,22.14,C92790,United Kingdom,44.28
100240,S408,Streaming subscription,5,2024-01-06,24.94,C52281,United Kingdom,124.7
100222,S818,Streaming subscription,3,2024-01-06,19.29,C56385,France,57.87
100232,S635,Streaming subscription,-1,2024-01-06,14.28,C24063,Germany,-14.28
100221,S233,Streaming subscription,5,2024-01-06,21.72,C38655,France,108.6
100220,S925,Streaming subscription,2,2024-01-06,14.19,C91847,France,28.38
100219,S361,Streaming subscription,1,2024-01-06,16.44,C32883,France,16.44
100202,S191,Streaming subscription,2,2024-01-06,14.82,C80158,Australia,29.64
100203,S943,Streaming subscription,3,2024-01-06,15.57,C96378,Australia,46.71
100204,S192,Streaming subscription,4,2024-01-06,13.69,C61492,Australia,54.76
100205,S810,Streaming subscription,1,2024-01-06,13.23,C38130,Australia,13.23
100206,S145,Streaming subscription,1,2024-01-06,12.82,C79975,Australia,12.82
100207,S978,Streaming subscription,1,2024-01-06,13.01,C37186,Australia,13.01
100208,S360,Streaming subscription,-1,2024-01-06,18.7,C20086,Australia,-18.7
100209,S875,Streaming subscription,3,2024-01-06,13.43,C34735,Canada,40.29
100201,S253,Streaming subscription,5,2024-01-06,14.91,C60594,Australia,74.55
100211,S856,Streaming subscription,3,2024-01-06,13.14,C63771,Canada,39.42
100212,S399,Streaming subscription,2,2024-01-06,8.23,C30542,Canada,16.46
100213,S397,Streaming subscription,4,2024-01-06,16.16,C54528,Canada,64.64
100214,S642,Streaming subscription,3,2024-01-06,15.04,C14263,Canada,45.12
100215,S938,Streaming subscription,-1,2024-01-06,14.45,C26948,Canada,-14.45
100216,S128,Streaming subscription,5,2024-01-06,7.8,C52794,Canada,39.0
100217,S718,Streaming subscription,2,2024-01-06,21.9,C86448,France,43.8
100218,S104,Streaming subscription,3,2024-01-06,21.0,C51203,France,63.0
100210,S595,Streaming subscription,3,2024-01-06,8.0,C80251,Canada,24.0
100268,S132,Streaming subscription,2,2024-01-07,13.81,C94600,Germany,27.62
100267,S865,Streaming subscription,1,2024-01-07,25.42,C74794,Germany,25.42
100263,S783,Streaming subscription,1,2024-01-07,17.11,C64302,France,17.11
100265,S337,Streaming subscription,2,2024-01-07,16.63,C68561,Germany,33.26
100264,S753,Streaming subscription,5,2024-01-07,24.83,C19035,France,124.14999999999999
100269,S898,Streaming subscription,1,2024-01-07,18.4,C35399,Germany,18.4
100266,S890,Streaming subscription,3,2024-01-07,22.34,C73921,Germany,67.02
100270,S842,Streaming subscription,3,2024-01-07,19.8,C49110,Germany,59.400000000000006
100275,S518,Streaming subscription,1,2024-01-07,24.67,C69439,United Kingdom,24.67
100272,S434,Streaming subscription,3,2024-01-07,26.16,C59896,Germany,78.48
100273,S286,Streaming subscription,5,2024-01-07,23.35,C44211,United Kingdom,116.75
100274,S922,Streaming subscription,1,2024-01-07,24.4,C64731,United Kingdom,24.4
100276,S834,Streaming subscription,1,2024-01-07,13.4,C76744,United Kingdom,13.4
100277,S521,Streaming subscription,2,2024-01-07,25.24,C71367,United Kingdom,50.48
100278,S151,Streaming subscription,2,2024-01-07,21.17,C81500,United Kingdom,42.34
100279,S659,Streaming subscription,4,2024-01-07,23.65,C84458,United Kingdom,94.6
100262,S850,Streaming subscription,4,2024-01-07,19.3,C46436,France,77.2
100271,S218,Streaming subscription,2,2024-01-07,20.42,C18047,Germany,40.84
100261,S244,Streaming subscription,3,2024-01-07,21.29,C57162,France,63.87
100280,S358,Streaming subscription,2,2024-01-07,24.12,C67510,United Kingdom,48.24
100259,S597,Streaming subscription,2,2024-01-07,8.87,C76865,France,17.74
100241,S759,Streaming subscription,5,2024-01-07,16.42,C47169,Australia,82.10000000000001
100242,S580,Streaming subscription,3,2024-01-07,20.57,C80465,Australia,61.71
100243,S612,Streaming subscription,5,2024-01-07,12.37,C72953,Australia,61.849999999999994
100244,S102,Streaming subscription,5,2024-01-07,13.19,C28395,Australia,65.95
100245,S768,Streaming subscription,3,2024-01-07,15.14,C98921,Australia,45.42
100246,S665,Streaming subscription,2,2024-01-07,22.45,C45516,Australia,44.9
100247,S386,Streaming subscription,4,2024-01-07,27.44,C44620,Australia,109.76
100248,S553,Streaming subscription,3,2024-01-07,19.71,C52087,Australia,59.13
100249,S276,Streaming subscription,1,2024-01-07,13.49,C79201,Canada,13.49
100260,S173,Streaming subscription,4,2024-01-07,15.67,C32792,France,62.68
100251,S958,Streaming subscription,1,2024-01-07,9.94,C52558,Canada,9.94
100252,S529,Streaming subscription,4,2024-01-07,13.67,C28187,Canada,54.68
100253,S267,Streaming subscription,5,2024-01-07,11.96,C50922,Canada,59.800000000000004
100254,S180,Streaming subscription,2,2024-01-07,14.36,C96338,Canada,28.72
100255,S686,Streaming subscription,2,2024-01-07,6.76,C31062,Canada,13.52
100256,S371,Streaming subscription,2,2024-01-07,12.61,C88903,Canada,25.22
100257,S910,Streaming subscription,4,2024-01-07,20.94,C41935,France,83.76
100258,S946,Streaming subscription,5,2024-01-07,13.79,C37401,France,68.94999999999999
100250,S142,Streaming subscription,1,2024-01-07,14.56,C40552,Canada,14.56
100308,S360,Streaming subscription,4,2024-01-08,24.1,C42627,Germany,96.4
100307,S644,Streaming subscription,3,2024-01-08,18.87,C68033,Germany,56.61
100303,S733,Streaming subscription,5,2024-01-08,17.13,C54083,France,85.64999999999999
100305,S941,Streaming subscription,5,2024-01-08,25.59,C98037,Germany,127.95
100304,S668,Streaming subscription,3,2024-01-08,17.8,C46254,France,53.400000000000006
100309,S361,Streaming subscription,3,2024-01-08,28.78,C87450,Germany,86.34
100306,S769,Streaming subscription,1,2024-01-08,22.98,C19471,Germany,22.98
100310,S250,Streaming subscription,3,2024-01-08,23.48,C50901,Germany,70.44
100315,S528,Streaming subscription,1,2024-01-08,28.99,C89635,United Kingdom,28.99
100312,S204,Streaming subscription,4,2024-01-08,22.89,C35782,Germany,91.56
100313,S460,Streaming subscription,1,2024-01-08,28.27,C65769,United Kingdom,28.27
100314,S938,Streaming subscription,5,2024-01-08,32.5,C94459,United Kingdom,162.5
100316,S696,Streaming subscription,2,2024-01-08,22.59,C61806,United Kingdom,45.18
100317,S319,Streaming subscription,1,2024-01-08,26.51,C55068,United Kingdom,26.51
100318,S716,Streaming subscription,2,2024-01-08,28.11,C12139,United Kingdom,56.22
100319,S714,Streaming subscription,5,2024-01-08,27.25,C75505,United Kingdom,136.25
100302,S648,Streaming subscription,5,2024-01-08,18.52,C86257,France,92.6
100311,S729,Streaming subscription,4,2024-01-08,28.75,C79689,Germany,115.0
100301,S730,Streaming subscription,4,2024-01-08,22.17,C88758,France,88.68
100320,S978,Streaming subscription,1,2024-01-08,31.83,C26004,United Kingdom,31.83
100299,S376,Streaming subscription,5,2024-01-08,12.84,C66292,France,64.2
100281,S102,Streaming subscription,4,2024-01-08,14.18,C89030,Australia,56.72
100282,S490,Streaming subscription,1,2024-01-08,22.19,C23709,Australia,22.19
100283,S668,Streaming subscription,4,2024-01-08,19.73,C68288,Australia,78.92
100284,S372,Streaming subscription,2,2024-01-08,15.31,C69394,Australia,30.62
100285,S639,Streaming subscription,4,2024-01-08,20.51,C57300,Australia,82.04
100286,S986,Streaming subscription,2,2024-01-08,19.76,C86139,Australia,39.52
100287,S136,Streaming subscription,3,2024-01-08,14.04,C77175,Australia,42.12
100288,S775,Streaming subscription,4,2024-01-08,21.07,C69398,Australia,84.28
100289,S371,Streaming subscription,1,2024-01-08,20.72,C76124,Canada,20.72
100300,S388,Streaming subscription,1,2024-01-08,24.63,C49633,France,24.63
100291,S557,Streaming subscription,3,2024-01-08,16.0,C27054,Canada,48.0
100292,S517,Streaming subscription,4,2024-01-08,12.99,C49604,Canada,51.96
100293,S213,Streaming subscription,2,2024-01-08,16.73,C21816,Canada,33.46
100294,S393,Streaming subscription,-2,2024-01-08,18.19,C82449,Canada,-36.38
100295,S775,Streaming subscription,1,2024-01-08,13.79,C32200,Canada,13.79
100296,S700,Streaming subscription,5,2024-01-08,15.72,C78929,Canada,78.60000000000001
100297,S922,Streaming subscription,1,2024-01-08,22.64,C91928,France,22.64
100298,S282,Streaming subscription,4,2024-01-08,22.62,C79217,France,90.48
100290,S234,Streaming subscription,4,2024-01-08,15.16,C74779,Canada,60.64
100348,S710,Streaming subscription,2,2024-01-09,28.7,C47326,Germany,57.4
100347,S517,Streaming subscription,1,2024-01-09,30.27,C27593,Germany,30.27
100346,S522,Streaming subscription,1,2024-01-09,27.03,C52719,Germany,27.03
100342,S778,Streaming subscription,5,2024-01-09,17.64,C34362,France,88.2
100344,S290,Streaming subscription,-1,2024-01-09,22.52,C63832,France,-22.52
100343,S569,Streaming subscription,1,2024-01-09,15.68,C67543,France,15.68
100349,S169,Streaming subscription,2,2024-01-09,21.8,C22122,Germany,43.6
100345,S855,Streaming subscription,5,2024-01-09,24.78,C90122,Germany,123.9
100350,S873,Streaming subscription,4,2024-01-09,21.14,C31986,Germany,84.56
100354,S209,Streaming subscription,3,2024-01-09,31.9,C19307,United Kingdom,95.69999999999999
100352,S284,Streaming subscription,3,2024-01-09,22.85,C72947,Germany,68.55000000000001
100353,S513,Streaming subscription,1,2024-01-09,22.44,C65760,United Kingdom,22.44
100355,S497,Streaming subscription,5,2024-01-09,28.7,C13975,United Kingdom,143.5
100356,S460,Streaming subscription,2,2024-01-09,29.81,C17773,United Kingdom,59.62
100357,S820,Streaming subscription,3,2024-01-09,29.25,C98076,United Kingdom,87.75
100358,S548,Streaming subscription,2,2024-01-09,27.57,C81532,United Kingdom,55.14
100359,S294,Streaming subscription,3,2024-01-09,27.36,C27388,United Kingdom,82.08
100341,S333,Streaming subscription,4,2024-01-09,16.81,C19343,France,67.24
100351,S935,Streaming subscription,1,2024-01-09,31.49,C64943,Germany,31.49
100360,S192,Streaming subscription,5,2024-01-09,31.73,C61965,United Kingdom,158.65
100340,S434,Streaming subscription,1,2024-01-09,19.03,C53756,France,19.03
100338,S105,Streaming subscription,4,2024-01-09,19.42,C60977,France,77.68
100339,S595,Streaming subscription,4,2024-01-09,28.91,C51772,France,115.64
100321,S786,Streaming subscription,3,2024-01-09,20.9,C41800,Australia,62.699999999999996
100322,S807,Streaming subscription,2,2024-01-09,14.06,C94282,Australia,28.12
100323,S742,Streaming subscription,3,2024-01-09,21.74,C82124,Australia,65.22
100324,S541,Streaming subscription,1,2024-01-09,17.96,C61287,Australia,17.96
100326,S178,Streaming subscription,-1,2024-01-09,20.38,C49268,Australia,-20.38
100327,S796,Streaming subscription,5,2024-01-09,18.16,C77205,Australia,90.8
100328,S158,Streaming subscription,5,2024-01-09,18.46,C87471,Australia,92.30000000000001
100325,S376,Streaming subscription,5,2024-01-09,22.77,C58045,Australia,113.85
100330,S628,Streaming subscription,1,2024-01-09,14.84,C33170,Canada,14.84
100329,S839,Streaming subscription,2,2024-01-09,14.5,C13910,Canada,29.0
100336,S956,Streaming subscription,3,2024-01-09,15.81,C97802,Canada,47.43
100335,S990,Streaming subscription,4,2024-01-09,16.37,C26160,Canada,65.48
100334,S154,Streaming subscription,1,2024-01-09,18.98,C45865,Canada,18.98
100337,S884,Streaming subscription,5,2024-01-09,15.34,C52583,France,76.7
100332,S662,Streaming subscription,3,2024-01-09,7.3,C28753,Canada,21.9
100331,S776,Streaming subscription,2,2024-01-09,15.11,C74291,Canada,30.22
100333,S775,Streaming subscription,4,2024-01-09,17.83,C40351,Canada,71.32
100389,S427,Streaming subscription,4,2024-01-10,20.53,C13230,Germany,82.12
100383,S663,Streaming subscription,3,2024-01-10,24.32,C70149,France,72.96000000000001
100384,S438,Streaming subscription,1,2024-01-10,14.68,C62308,France,14.68
100385,S502,Streaming subscription,3,2024-01-10,24.35,C22565,Germany,73.05000000000001
100386,S269,Streaming subscription,3,2024-01-10,16.75,C56084,Germany,50.25
100387,S472,Streaming subscription,5,2024-01-10,24.27,C97696,Germany,121.35
100388,S172,Streaming subscription,2,2024-01-10,25.62,C89574,Germany,51.24
100391,S569,Streaming subscription,1,2024-01-10,20.76,C91268,Germany,20.76
100382,S886,Streaming subscription,4,2024-01-10,19.44,C55582,France,77.76
100393,S942,Streaming subscription,1,2024-01-10,29.58,C24018,United Kingdom,29.58
100394,S580,Streaming subscription,4,2024-01-10,25.28,C73709,United Kingdom,101.12
100395,S254,Streaming subscription,2,2024-01-10,25.73,C97186,United Kingdom,51.46
100396,S379,Streaming subscription,2,2024-01-10,25.72,C27814,United Kingdom,51.44
100397,S214,Streaming subscription,5,2024-01-10,31.7,C73705,United Kingdom,158.5
100398,S846,Streaming subscription,3,2024-01-10,29.95,C42576,United Kingdom,89.85
100399,S369,Streaming subscription,5,2024-01-10,26.97,C59110,United Kingdom,134.85
100400,S588,Streaming subscription,2,2024-01-10,28.07,C49414,United Kingdom,56.14
100392,S140,Streaming subscription,2,2024-01-10,25.29,C92043,Germany,50.58
100381,S734,Streaming subscription,4,2024-01-10,17.79,C37341,France,71.16
100390,S580,Streaming subscription,2,2024-01-10,19.71,C69463,Germany,39.42
100379,S918,Streaming subscription,3,2024-01-10,11.47,C48247,France,34.410000000000004
100361,S819,Streaming subscription,2,2024-01-10,16.8,C66982,Australia,33.6
100362,S933,Streaming subscription,2,2024-01-10,12.33,C79563,Australia,24.66
100363,S444,Streaming subscription,2,2024-01-10,22.04,C51563,Australia,44.08
100364,S692,Streaming subscription,2,2024-01-10,16.12,C97320,Australia,32.24
100365,S374,Streaming subscription,2,2024-01-10,18.52,C24945,Australia,37.04
100366,S750,Streaming subscription,3,2024-01-10,19.0,C80243,Australia,57.0
100367,S573,Streaming subscription,3,2024-01-10,18.48,C84410,Australia,55.44
100368,S933,Streaming subscription,5,2024-01-10,20.93,C99309,Australia,104.65
100369,S193,Streaming subscription,1,2024-01-10,20.37,C93150,Canada,20.37
100380,S432,Streaming subscription,5,2024-01-10,18.93,C89307,France,94.65
100378,S190,Streaming subscription,1,2024-01-10,22.3,C32000,France,22.3
100371,S401,Streaming subscription,4,2024-01-10,16.57,C76910,Canada,66.28
100372,S866,Streaming subscription,1,2024-01-10,8.25,C50695,Canada,8.25
100373,S891,Streaming subscription,1,2024-01-10,16.17,C89087,Canada,16.17
100374,S435,Streaming subscription,5,2024-01-10,18.18,C70483,Canada,90.9
100375,S293,Streaming subscription,1,2024-01-10,13.92,C58283,Canada,13.92
100376,S967,Streaming subscription,2,2024-01-10,9.78,C86634,Canada,19.56
100377,S621,Streaming subscription,1,2024-01-10,16.77,C43701,France,16.77
100370,S620,Streaming subscription,5,2024-01-10,15.38,C94211,Canada,76.9
100429,S394,Streaming subscription,1,2024-01-11,29.12,C57644,Germany,29.12
100428,S345,Streaming subscription,4,2024-01-11,30.49,C82218,Germany,121.96
100427,S301,Streaming subscription,1,2024-01-11,23.11,C90521,Germany,23.11
100426,S293,Streaming subscription,3,2024-01-11,16.97,C44814,Germany,50.91
100424,S963,Streaming subscription,5,2024-01-11,17.02,C66618,France,85.1
100423,S799,Streaming subscription,4,2024-01-11,26.25,C70466,France,105.0
100430,S893,Streaming subscription,1,2024-01-11,24.31,C85261,Germany,24.31
100425,S540,Streaming subscription,5,2024-01-11,23.29,C51373,Germany,116.44999999999999
100431,S821,Streaming subscription,1,2024-01-11,26.23,C23268,Germany,26.23
100436,S258,Streaming subscription,1,2024-01-11,26.12,C74714,United Kingdom,26.12
100433,S480,Streaming subscription,3,2024-01-11,23.11,C53300,United Kingdom,69.33
100434,S803,Streaming subscription,2,2024-01-11,22.83,C28547,United Kingdom,45.66
100435,S405,Streaming subscription,3,2024-01-11,24.88,C42472,United Kingdom,74.64
100422,S484,Streaming subscription,5,2024-01-11,19.6,C79345,France,98.0
100437,S265,Streaming subscription,2,2024-01-11,26.71,C34552,United Kingdom,53.42
100438,S217,Streaming subscription,2,2024-01-11,28.78,C87440,United Kingdom,57.56
100439,S153,Streaming subscription,2,2024-01-11,20.97,C93699,United Kingdom,41.94
100440,S547,Streaming subscription,2,2024-01-11,25.76,C66123,United Kingdom,51.52
100432,S345,Streaming subscription,2,2024-01-11,21.0,C73636,Germany,42.0
100421,S772,Streaming subscription,1,2024-01-11,21.79,C80357,France,21.79
100420,S521,Streaming subscription,1,2024-01-11,18.93,C74546,France,18.93
100419,S637,Streaming subscription,2,2024-01-11,19.5,C98323,France,39.0
100401,S875,Streaming subscription,4,2024-01-11,8.49,C44770,Australia,33.96
100402,S425,Streaming subscription,2,2024-01-11,18.85,C75145,Australia,37.7
100403,S274,Streaming subscription,1,2024-01-11,19.7,C93760,Australia,19.7
100404,S650,Streaming subscription,5,2024-01-11,16.62,C87431,Australia,83.10000000000001
100405,S444,Streaming subscription,2,2024-01-11,25.04,C56417,Australia,50.08
100406,S941,Streaming subscription,4,2024-01-11,13.59,C60669,Australia,54.36
100408,S611,Streaming subscription,1,2024-01-11,19.42,C69407,Australia,19.42
100409,S875,Streaming subscription,4,2024-01-11,16.98,C65600,Canada,67.92
100410,S876,Streaming subscription,4,2024-01-11,19.6,C20096,Canada,78.4
100407,S233,Streaming subscription,1,2024-01-11,17.81,C27560,Australia,17.81
100412,S440,Streaming subscription,5,2024-01-11,14.43,C48071,Canada,72.15
100411,S658,Streaming subscription,1,2024-01-11,22.99,C95111,Canada,22.99
100417,S560,Streaming subscription,3,2024-01-11,9.66,C53014,France,28.98
100416,S547,Streaming subscription,3,2024-01-11,16.02,C94306,Canada,48.06
100418,S479,Streaming subscription,5,2024-01-11,21.27,C31648,France,106.35
100414,S490,Streaming subscription,1,2024-01-11,18.41,C91238,Canada,18.41
100413,S256,Streaming subscription,1,2024-01-11,20.09,C70556,Canada,20.09
100415,S839,Streaming subscription,1,2024-01-11,14.24,C19658,Canada,14.24
100463,S178,Streaming subscription,5,2024-01-12,25.4,C77910,France,127.0
100470,S803,Streaming subscription,3,2024-01-12,27.13,C65280,Germany,81.39
100464,S187,Streaming subscription,5,2024-01-12,24.31,C25637,France,121.55
100465,S272,Streaming subscription,1,2024-01-12,27.77,C81644,Germany,27.77
100466,S915,Streaming subscription,2,2024-01-12,21.67,C64121,Germany,43.34
100467,S121,Streaming subscription,2,2024-01-12,22.86,C94940,Germany,45.72
100468,S461,Streaming subscription,3,2024-01-12,33.21,C66882,Germany,99.63
100469,S807,Streaming subscription,2,2024-01-12,20.35,C67531,Germany,40.7
100471,S570,Streaming subscription,5,2024-01-12,14.81,C14548,Germany,74.05
100480,S814,Streaming subscription,2,2024-01-12,20.53,C83277,United Kingdom,41.06
100473,S242,Streaming subscription,4,2024-01-12,26.63,C94465,United Kingdom,106.52
100474,S754,Streaming subscription,1,2024-01-12,30.1,C26857,United Kingdom,30.1
100475,S244,Streaming subscription,3,2024-01-12,21.54,C77441,United Kingdom,64.62
100476,S358,Streaming subscription,4,2024-01-12,28.96,C37780,United Kingdom,115.84
100477,S871,Streaming subscription,3,2024-01-12,26.28,C45558,United Kingdom,78.84
100478,S807,Streaming subscription,5,2024-01-12,24.92,C79685,United Kingdom,124.60000000000001
100479,S816,Streaming subscription,4,2024-01-12,25.34,C26967,United Kingdom,101.36
100462,S983,Streaming subscription,1,2024-01-12,21.47,C31881,France,21.47
100472,S879,Streaming subscription,5,2024-01-12,18.74,C58389,Germany,93.69999999999999
100461,S763,Streaming subscription,3,2024-01-12,14.95,C72135,France,44.849999999999994
100446,S994,Streaming subscription,4,2024-01-12,23.72,C24429,Australia,94.88
100459,S240,Streaming subscription,1,2024-01-12,19.46,C43438,France,19.46
100460,S269,Streaming subscription,2,2024-01-12,16.43,C49175,France,32.86
100441,S848,Streaming subscription,5,2024-01-12,8.79,C91773,Australia,43.949999999999996
100442,S811,Streaming subscription,3,2024-01-12,22.19,C73943,Australia,66.57000000000001
100443,S542,Streaming subscription,1,2024-01-12,10.94,C46662,Australia,10.94
100444,S610,Streaming subscription,3,2024-01-12,21.84,C99055,Australia,65.52
100445,S161,Streaming subscription,1,2024-01-12,15.05,C86304,Australia,15.05
100447,S839,Streaming subscription,2,2024-01-12,19.24,C64566,Australia,38.48
100448,S943,Streaming subscription,4,2024-01-12,12.18,C65313,Australia,48.72
100449,S771,Streaming subscription,2,2024-01-12,16.48,C15215,Canada,32.96
100451,S302,Streaming subscription,4,2024-01-12,12.55,C83078,Canada,50.2
100452,S337,Streaming subscription,5,2024-01-12,13.72,C36947,Canada,68.60000000000001
100453,S963,Streaming subscription,4,2024-01-12,11.08,C34858,Canada,44.32
100454,S967,Streaming subscription,2,2024-01-12,15.66,C98739,Canada,31.32
100455,S646,Streaming subscription,3,2024-01-12,15.18,C79465,Canada,45.54
100456,S440,Streaming subscription,3,2024-01-12,10.01,C70892,Canada,30.03
100457,S893,Streaming subscription,1,2024-01-12,23.48,C13477,France,23.48
100458,S286,Streaming subscription,2,2024-01-12,19.35,C79085,France,38.7
100450,S953,Streaming subscription,4,2024-01-12,13.82,C10283,Canada,55.28
100508,S404,Streaming subscription,2,2024-01-13,17.59,C59885,Germany,35.18
100509,S659,Streaming subscription,2,2024-01-13,27.5,C93225,Germany,55.0
100507,S294,Streaming subscription,4,2024-01-13,16.86,C20038,Germany,67.44
100503,S411,Streaming subscription,4,2024-01-13,12.12,C47863,France,48.48
100505,S857,Streaming subscription,4,2024-01-13,14.98,C68124,Germany,59.92
100504,S778,Streaming subscription,4,2024-01-13,17.3,C32171,France,69.2
100510,S603,Streaming subscription,1,2024-01-13,15.45,C71432,Germany,15.45
100506,S285,Streaming subscription,5,2024-01-13,17.55,C37689,Germany,87.75
100511,S166,Streaming subscription,4,2024-01-13,15.89,C49165,Germany,63.56
100519,S680,Streaming subscription,-1,2024-01-13,16.89,C48874,United Kingdom,-16.89
100513,S313,Streaming subscription,4,2024-01-13,21.61,C13342,United Kingdom,86.44
100514,S174,Streaming subscription,4,2024-01-13,18.17,C65774,United Kingdom,72.68
100515,S934,Streaming subscription,4,2024-01-13,17.99,C67783,United Kingdom,71.96
100516,S468,Streaming subscription,4,2024-01-13,27.82,C56411,United Kingdom,111.28
100517,S532,Streaming subscription,4,2024-01-13,19.26,C60164,United Kingdom,77.04
100518,S629,Streaming subscription,3,2024-01-13,26.58,C26279,United Kingdom,79.74
100520,S791,Streaming subscription,2,2024-01-13,16.22,C29394,United Kingdom,32.44
100502,S472,Streaming subscription,4,2024-01-13,16.16,C50264,France,64.64
100512,S848,Streaming subscription,1,2024-01-13,22.52,C76860,Germany,22.52
100501,S796,Streaming subscription,1,2024-01-13,17.04,C37677,France,17.04
100486,S509,Streaming subscription,-2,2024-01-13,13.11,C29813,Australia,-26.22
100499,S207,Streaming subscription,1,2024-01-13,14.59,C17892,France,14.59
100481,S419,Streaming subscription,5,2024-01-13,24.01,C67439,Australia,120.05000000000001
100482,S526,Streaming subscription,4,2024-01-13,19.82,C63763,Australia,79.28
100483,S564,Streaming subscription,3,2024-01-13,15.66,C80900,Australia,46.980000000000004
100484,S444,Streaming subscription,4,2024-01-13,10.06,C80195,Australia,40.24
100485,S311,Streaming subscription,2,2024-01-13,14.86,C64572,Australia,29.72
100487,S740,Streaming subscription,5,2024-01-13,13.77,C52691,Australia,68.85
100488,S774,Streaming subscription,1,2024-01-13,17.9,C12780,Australia,17.9
100489,S456,Streaming subscription,5,2024-01-13,15.89,C42384,Canada,79.45
100500,S760,Streaming subscription,1,2024-01-13,17.25,C62221,France,17.25
100491,S896,Streaming subscription,4,2024-01-13,8.47,C46857,Canada,33.88
100492,S466,Streaming subscription,4,2024-01-13,21.15,C12446,Canada,84.6
100493,S961,Streaming subscription,2,2024-01-13,11.11,C43441,Canada,22.22
100494,S210,Streaming subscription,4,2024-01-13,13.67,C50457,Canada,54.68
100495,S675,Streaming subscription,1,2024-01-13,16.42,C85346,Canada,16.42
100496,S215,Streaming subscription,5,2024-01-13,5.0,C22692,Canada,25.0
100497,S974,Streaming subscription,2,2024-01-13,17.35,C84340,France,34.7
100498,S219,Streaming subscription,2,2024-01-13,19.03,C18100,France,38.06
100490,S300,Streaming subscription,4,2024-01-13,12.29,C77145,Canada,49.16
100548,S642,Streaming subscription,4,2024-01-14,11.96,C87828,Germany,47.84
100547,S877,Streaming subscription,5,2024-01-14,21.41,C52751,Germany,107.05
100543,S956,Streaming subscription,5,2024-01-14,10.46,C92885,France,52.300000000000004
100545,S392,Streaming subscription,-1,2024-01-14,17.91,C49525,Germany,-17.91
100544,S759,Streaming subscription,3,2024-01-14,21.85,C14136,France,65.55000000000001
100549,S174,Streaming subscription,2,2024-01-14,14.08,C25899,Germany,28.16
100546,S678,Streaming subscription,3,2024-01-14,15.79,C56983,Germany,47.37
100550,S841,Streaming subscription,1,2024-01-14,17.57,C64772,Germany,17.57
100555,S695,Streaming subscription,3,2024-01-14,26.22,C76578,United Kingdom,78.66
100552,S110,Streaming subscription,3,2024-01-14,20.03,C27657,Germany,60.09
100553,S809,Streaming subscription,5,2024-01-14,19.9,C17033,United Kingdom,99.5
100554,S863,Streaming subscription,1,2024-01-14,26.8,C53289,United Kingdom,26.8
100556,S167,Streaming subscription,4,2024-01-14,26.23,C57145,United Kingdom,104.92
100557,S934,Streaming subscription,3,2024-01-14,22.44,C97250,United Kingdom,67.32000000000001
100558,S759,Streaming subscription,1,2024-01-14,25.66,C43929,United Kingdom,25.66
100559,S568,Streaming subscription,2,2024-01-14,21.22,C76072,United Kingdom,42.44
100542,S276,Streaming subscription,2,2024-01-14,14.89,C63947,France,29.78
100551,S565,Streaming subscription,5,2024-01-14,19.06,C95672,Germany,95.3
100560,S293,Streaming subscription,1,2024-01-14,28.25,C27982,United Kingdom,28.25
100541,S912,Streaming subscription,3,2024-01-14,15.56,C90762,France,46.68
100539,S444,Streaming subscription,4,2024-01-14,19.15,C16461,France,76.6
100540,S592,Streaming subscription,-2,2024-01-14,17.87,C26074,France,-35.74
100521,S969,Streaming subscription,3,2024-01-14,15.09,C25062,Australia,45.269999999999996
100522,S663,Streaming subscription,3,2024-01-14,17.16,C37725,Australia,51.480000000000004
100523,S324,Streaming subscription,3,2024-01-14,15.93,C91520,Australia,47.79
100524,S549,Streaming subscription,5,2024-01-14,15.75,C42399,Australia,78.75
100526,S336,Streaming subscription,4,2024-01-14,13.99,C10793,Australia,55.96
100527,S748,Streaming subscription,5,2024-01-14,17.3,C87396,Australia,86.5
100528,S938,Streaming subscription,3,2024-01-14,19.88,C70133,Australia,59.64
100529,S317,Streaming subscription,5,2024-01-14,15.16,C98704,Canada,75.8
100525,S414,Streaming subscription,5,2024-01-14,8.7,C32538,Australia,43.5
100531,S172,Streaming subscription,2,2024-01-14,8.89,C60469,Canada,17.78
100530,S985,Streaming subscription,3,2024-01-14,12.01,C96449,Canada,36.03
100537,S929,Streaming subscription,2,2024-01-14,19.21,C62354,France,38.42
100536,S384,Streaming subscription,5,2024-01-14,10.55,C90259,Canada,52.75
100535,S258,Streaming subscription,2,2024-01-14,12.91,C11904,Canada,25.82
100538,S119,Streaming subscription,5,2024-01-14,20.51,C56704,France,102.55000000000001
100533,S574,Streaming subscription,4,2024-01-14,9.65,C21450,Canada,38.6
100532,S554,Streaming subscription,1,2024-01-14,13.57,C71070,Canada,13.57
100534,S269,Streaming subscription,3,2024-01-14,7.56,C15069,Canada,22.68
100589,S435,Streaming subscription,4,2024-01-15,26.3,C33712,Germany,105.2
100582,S526,Streaming subscription,2,2024-01-15,19.68,C98681,France,39.36
100583,S592,Streaming subscription,2,2024-01-15,19.61,C48128,France,39.22
100584,S936,Streaming subscription,1,2024-01-15,19.76,C97654,France,19.76
100585,S246,Streaming subscription,2,2024-01-15,22.57,C50342,Germany,45.14
100586,S351,Streaming subscription,1,2024-01-15,13.71,C39627,Germany,13.71
100587,S735,Streaming subscription,3,2024-01-15,27.39,C37125,Germany,82.17
100588,S127,Streaming subscription,1,2024-01-15,23.21,C74292,Germany,23.21
100590,S419,Streaming subscription,3,2024-01-15,25.13,C51421,Germany,75.39
100581,S236,Streaming subscription,5,2024-01-15,21.9,C98023,France,109.5
100592,S292,Streaming subscription,2,2024-01-15,23.17,C76709,Germany,46.34
100593,S956,Streaming subscription,1,2024-01-15,22.18,C31461,United Kingdom,22.18
100594,S771,Streaming subscription,4,2024-01-15,26.65,C91583,United Kingdom,106.6
100595,S473,Streaming subscription,5,2024-01-15,20.13,C74222,United Kingdom,100.64999999999999
100596,S992,Streaming subscription,4,2024-01-15,32.49,C20058,United Kingdom,129.96
100597,S504,Streaming subscription,3,2024-01-15,25.39,C65179,United Kingdom,76.17
100598,S112,Streaming subscription,2,2024-01-15,28.32,C33293,United Kingdom,56.64
100599,S401,Streaming subscription,1,2024-01-15,21.54,C34651,United Kingdom,21.54
100591,S150,Streaming subscription,3,2024-01-15,17.99,C61474,Germany,53.97
100600,S129,Streaming subscription,5,2024-01-15,24.46,C92119,United Kingdom,122.30000000000001
100580,S987,Streaming subscription,1,2024-01-15,19.38,C19261,France,19.38
100578,S935,Streaming subscription,2,2024-01-15,27.46,C42980,France,54.92
100579,S813,Streaming subscription,3,2024-01-15,21.23,C40265,France,63.69
100561,S529,Streaming subscription,5,2024-01-15,15.88,C93399,Australia,79.4
100562,S331,Streaming subscription,1,2024-01-15,13.96,C58807,Australia,13.96
100563,S871,Streaming subscription,1,2024-01-15,11.94,C40575,Australia,11.94
100564,S164,Streaming subscription,2,2024-01-15,25.26,C22622,Australia,50.52
100566,S857,Streaming subscription,2,2024-01-15,21.43,C32627,Australia,42.86
100567,S719,Streaming subscription,4,2024-01-15,16.2,C54033,Australia,64.8
100568,S227,Streaming subscription,2,2024-01-15,17.43,C21942,Australia,34.86
100565,S757,Streaming subscription,2,2024-01-15,12.04,C56805,Australia,24.08
100570,S472,Streaming subscription,4,2024-01-15,14.14,C48314,Canada,56.56
100569,S288,Streaming subscription,1,2024-01-15,15.8,C49696,Canada,15.8
100576,S640,Streaming subscription,-2,2024-01-15,16.88,C32240,Canada,-33.76
100575,S410,Streaming subscription,4,2024-01-15,12.15,C18743,Canada,48.6
100574,S668,Streaming subscription,-2,2024-01-15,12.22,C56361,Canada,-24.44
100577,S551,Streaming subscription,4,2024-01-15,21.09,C66911,France,84.36
100572,S197,Streaming subscription,4,2024-01-15,15.73,C40221,Canada,62.92
100571,S395,Streaming subscription,1,2024-01-15,20.91,C68619,Canada,20.91
100573,S105,Streaming subscription,3,2024-01-15,15.56,C44005,Canada,46.68
100630,S734,Streaming subscription,3,2024-01-16,24.62,C20484,Germany,73.86
100623,S334,Streaming subscription,5,2024-01-16,20.52,C39093,France,102.6
100624,S628,Streaming subscription,1,2024-01-16,22.11,C52389,France,22.11
100625,S786,Streaming subscription,1,2024-01-16,19.54,C50981,Germany,19.54
100626,S884,Streaming subscription,2,2024-01-16,25.06,C92885,Germany,50.12
100627,S688,Streaming subscription,1,2024-01-16,32.69,C95273,Germany,32.69
100628,S382,Streaming subscription,2,2024-01-16,19.87,C76367,Germany,39.74
100629,S872,Streaming subscription,3,2024-01-16,18.59,C32797,Germany,55.769999999999996
100631,S500,Streaming subscription,4,2024-01-16,30.27,C18461,Germany,121.08
100640,S987,Streaming subscription,3,2024-01-16,31.02,C49934,United Kingdom,93.06
100633,S881,Streaming subscription,1,2024-01-16,24.86,C58345,United Kingdom,24.86
100634,S366,Streaming subscription,3,2024-01-16,23.24,C58904,United Kingdom,69.72
100635,S726,Streaming subscription,2,2024-01-16,27.11,C33570,United Kingdom,54.22
100636,S663,Streaming subscription,2,2024-01-16,25.75,C72349,United Kingdom,51.5
100637,S360,Streaming subscription,3,2024-01-16,25.88,C62876,United Kingdom,77.64
100638,S968,Streaming subscription,2,2024-01-16,25.47,C92065,United Kingdom,50.94
100639,S990,Streaming subscription,4,2024-01-16,28.64,C72847,United Kingdom,114.56
100622,S332,Streaming subscription,2,2024-01-16,22.3,C45985,France,44.6
100632,S953,Streaming subscription,4,2024-01-16,16.75,C53935,Germany,67.0
100621,S557,Streaming subscription,3,2024-01-16,23.02,C56101,France,69.06
100620,S606,Streaming subscription,2,2024-01-16,17.22,C40323,France,34.44
100619,S945,Streaming subscription,3,2024-01-16,19.41,C20366,France,58.230000000000004
100602,S180,Streaming subscription,2,2024-01-16,19.63,C36233,Australia,39.26
100603,S140,Streaming subscription,4,2024-01-16,21.85,C55379,Australia,87.4
100604,S578,Streaming subscription,4,2024-01-16,16.07,C16120,Australia,64.28
100605,S252,Streaming subscription,4,2024-01-16,20.48,C49090,Australia,81.92
100606,S789,Streaming subscription,1,2024-01-16,21.02,C16125,Australia,21.02
100607,S500,Streaming subscription,5,2024-01-16,11.95,C79307,Australia,59.75
100608,S183,Streaming subscription,1,2024-01-16,15.78,C70188,Australia,15.78
100609,S566,Streaming subscription,4,2024-01-16,13.19,C87116,Canada,52.76
100601,S407,Streaming subscription,2,2024-01-16,18.46,C39512,Australia,36.92
100611,S973,Streaming subscription,1,2024-01-16,18.18,C45345,Canada,18.18
100612,S482,Streaming subscription,5,2024-01-16,15.21,C87498,Canada,76.05000000000001
100613,S765,Streaming subscription,5,2024-01-16,17.69,C55225,Canada,88.45
100614,S475,Streaming subscription,1,2024-01-16,15.22,C14473,Canada,15.22
100615,S595,Streaming subscription,1,2024-01-16,22.71,C47206,Canada,22.71
100616,S840,Streaming subscription,3,2024-01-16,15.33,C10682,Canada,45.99
100617,S249,Streaming subscription,4,2024-01-16,20.87,C22789,France,83.48
100618,S573,Streaming subscription,5,2024-01-16,22.7,C37299,France,113.5
100610,S187,Streaming subscription,2,2024-01-16,15.73,C86660,Canada,31.46
100668,S361,Streaming subscription,1,2024-01-17,25.82,C52987,Germany,25.82
100667,S539,Streaming subscription,5,2024-01-17,22.97,C46092,Germany,114.85
100663,S754,Streaming subscription,3,2024-01-17,18.31,C10139,France,54.92999999999999
100665,S121,Streaming subscription,2,2024-01-17,21.21,C76148,Germany,42.42
100664,S167,Streaming subscription,1,2024-01-17,28.81,C18003,France,28.81
100669,S896,Streaming subscription,1,2024-01-17,24.66,C78687,Germany,24.66
100666,S356,Streaming subscription,2,2024-01-17,21.4,C81596,Germany,42.8
100670,S414,Streaming subscription,2,2024-01-17,24.34,C56929,Germany,48.68
100675,S142,Streaming subscription,1,2024-01-17,26.89,C34258,United Kingdom,26.89
100672,S824,Streaming subscription,2,2024-01-17,14.58,C88488,Germany,29.16
100673,S641,Streaming subscription,2,2024-01-17,27.19,C97040,United Kingdom,54.38
100674,S613,Streaming subscription,5,2024-01-17,21.16,C10775,United Kingdom,105.8
100676,S863,Streaming subscription,1,2024-01-17,30.27,C63291,United Kingdom,30.27
100677,S375,Streaming subscription,-2,2024-01-17,19.4,C63566,United Kingdom,-38.8
100678,S991,Streaming subscription,1,2024-01-17,25.98,C55355,United Kingdom,25.98
100679,S299,Streaming subscription,1,2024-01-17,29.22,C81303,United Kingdom,29.22
100662,S727,Streaming subscription,3,2024-01-17,14.28,C16222,France,42.839999999999996
100671,S515,Streaming subscription,2,2024-01-17,27.33,C78919,Germany,54.66
100661,S720,Streaming subscription,1,2024-01-17,22.25,C60003,France,22.25
100680,S777,Streaming subscription,4,2024-01-17,27.29,C28317,United Kingdom,109.16
100659,S615,Streaming subscription,1,2024-01-17,12.86,C23965,France,12.86
100641,S126,Streaming subscription,3,2024-01-17,18.39,C55690,Australia,55.17
100642,S750,Streaming subscription,1,2024-01-17,13.14,C93392,Australia,13.14
100643,S571,Streaming subscription,4,2024-01-17,18.64,C88213,Australia,74.56
100644,S132,Streaming subscription,1,2024-01-17,18.87,C24017,Australia,18.87
100645,S118,Streaming subscription,5,2024-01-17,19.31,C26929,Australia,96.55
100646,S404,Streaming subscription,5,2024-01-17,23.88,C72249,Australia,119.39999999999999
100647,S174,Streaming subscription,1,2024-01-17,18.2,C27981,Australia,18.2
100648,S362,Streaming subscription,2,2024-01-17,22.64,C62807,Australia,45.28
100649,S724,Streaming subscription,4,2024-01-17,18.34,C13557,Canada,73.36
100660,S761,Streaming subscription,2,2024-01-17,23.68,C48554,France,47.36
100651,S953,Streaming subscription,5,2024-01-17,14.74,C31609,Canada,73.7
100652,S807,Streaming subscription,3,2024-01-17,18.66,C56953,Canada,55.980000000000004
100653,S487,Streaming subscription,3,2024-01-17,18.84,C65599,Canada,56.519999999999996
100654,S102,Streaming subscription,5,2024-01-17,12.29,C26263,Canada,61.449999999999996
100655,S416,Streaming subscription,4,2024-01-17,17.8,C19107,Canada,71.2
100656,S857,Streaming subscription,4,2024-01-17,8.58,C12933,Canada,34.32
100657,S160,Streaming subscription,5,2024-01-17,22.02,C36368,France,110.1
100658,S209,Streaming subscription,2,2024-01-17,9.08,C27830,France,18.16
100650,S959,Streaming subscription,-2,2024-01-17,12.43,C75653,Canada,-24.86
100708,S130,Streaming subscription,1,2024-01-18,21.45,C54762,Germany,21.45
100707,S709,Streaming subscription,3,2024-01-18,25.65,C54873,Germany,76.94999999999999
100703,S869,Streaming subscription,1,2024-01-18,23.52,C44500,France,23.52
100705,S273,Streaming subscription,4,2024-01-18,19.62,C14584,Germany,78.48
100704,S794,Streaming subscription,5,2024-01-18,16.57,C93112,France,82.85
100709,S638,Streaming subscription,5,2024-01-18,21.18,C94630,Germany,105.9
100706,S930,Streaming subscription,5,2024-01-18,23.3,C99231,Germany,116.5
100710,S942,Streaming subscription,4,2024-01-18,21.62,C89247,Germany,86.48
100715,S144,Streaming subscription,5,2024-01-18,25.23,C91223,United Kingdom,126.15
100712,S309,Streaming subscription,4,2024-01-18,18.46,C11887,Germany,73.84
100713,S415,Streaming subscription,2,2024-01-18,24.29,C24688,United Kingdom,48.58
100714,S606,Streaming subscription,2,2024-01-18,29.06,C36262,United Kingdom,58.12
100716,S845,Streaming subscription,5,2024-01-18,26.87,C65479,United Kingdom,134.35
100717,S961,Streaming subscription,-1,2024-01-18,29.41,C91831,United Kingdom,-29.41
100718,S396,Streaming subscription,3,2024-01-18,27.51,C11115,United Kingdom,82.53
100719,S558,Streaming subscription,5,2024-01-18,27.12,C56761,United Kingdom,135.6
100702,S948,Streaming subscription,5,2024-01-18,19.86,C95022,France,99.3
100711,S328,Streaming subscription,3,2024-01-18,20.94,C18707,Germany,62.82000000000001
100701,S244,Streaming subscription,1,2024-01-18,20.27,C43604,France,20.27
100720,S499,Streaming subscription,2,2024-01-18,26.74,C25563,United Kingdom,53.48
100699,S852,Streaming subscription,3,2024-01-18,17.71,C87768,France,53.13
100681,S884,Streaming subscription,2,2024-01-18,18.97,C39680,Australia,37.94
100682,S937,Streaming subscription,3,2024-01-18,23.94,C54946,Australia,71.82000000000001
100683,S413,Streaming subscription,3,2024-01-18,20.13,C19655,Australia,60.39
100684,S312,Streaming subscription,2,2024-01-18,17.09,C86566,Australia,34.18
100685,S775,Streaming subscription,5,2024-01-18,14.59,C78878,Australia,72.95
100686,S187,Streaming subscription,5,2024-01-18,17.2,C19543,Australia,86.0
100687,S335,Streaming subscription,1,2024-01-18,16.0,C78160,Australia,16.0
100688,S844,Streaming subscription,1,2024-01-18,21.21,C52152,Australia,21.21
100689,S153,Streaming subscription,2,2024-01-18,17.52,C62876,Canada,35.04
100700,S750,Streaming subscription,1,2024-01-18,18.94,C39733,France,18.94
100691,S721,Streaming subscription,5,2024-01-18,17.6,C58548,Canada,88.0
100692,S532,Streaming subscription,2,2024-01-18,11.07,C53384,Canada,22.14
100693,S410,Streaming subscription,3,2024-01-18,12.87,C69159,Canada,38.61
100694,S747,Streaming subscription,4,2024-01-18,16.11,C81866,Canada,64.44
100695,S799,Streaming subscription,4,2024-01-18,17.14,C19107,Canada,68.56
100696,S345,Streaming subscription,1,2024-01-18,13.88,C59934,Canada,13.88
100697,S263,Streaming subscription,4,2024-01-18,16.77,C29956,France,67.08
100698,S759,Streaming subscription,1,2024-01-18,23.81,C96471,France,23.81
100690,S697,Streaming subscription,1,2024-01-18,19.06,C44203,Canada,19.06
100748,S844,Streaming subscription,3,2024-01-19,24.84,C89344,Germany,74.52
100747,S278,Streaming subscription,2,2024-01-19,26.62,C99276,Germany,53.24
100746,S324,Streaming subscription,3,2024-01-19,19.86,C84063,Germany,59.58
100742,S909,Streaming subscription,5,2024-01-19,25.96,C61408,France,129.8
100744,S629,Streaming subscription,2,2024-01-19,28.03,C54690,France,56.06
100743,S479,Streaming subscription,1,2024-01-19,21.61,C15377,France,21.61
100749,S755,Streaming subscription,2,2024-01-19,24.32,C25290,Germany,48.64
100745,S898,Streaming subscription,5,2024-01-19,22.98,C26639,Germany,114.9
100750,S310,Streaming subscription,5,2024-01-19,30.79,C83251,Germany,153.95
100754,S451,Streaming subscription,2,2024-01-19,23.81,C90563,United Kingdom,47.62
100752,S785,Streaming subscription,2,2024-01-19,16.54,C30319,Germany,33.08
100753,S855,Streaming subscription,2,2024-01-19,26.64,C60894,United Kingdom,53.28
100755,S163,Streaming subscription,4,2024-01-19,22.29,C37160,United Kingdom,89.16
100756,S547,Streaming subscription,4,2024-01-19,24.84,C52468,United Kingdom,99.36
100757,S623,Streaming subscription,2,2024-01-19,26.92,C80557,United Kingdom,53.84
100758,S688,Streaming subscription,5,2024-01-19,32.75,C82051,United Kingdom,163.75
100759,S867,Streaming subscription,3,2024-01-19,27.69,C69865,United Kingdom,83.07000000000001
100741,S839,Streaming subscription,3,2024-01-19,21.33,C91842,France,63.989999999999995
100751,S769,Streaming subscription,2,2024-01-19,20.35,C28782,Germany,40.7
100760,S767,Streaming subscription,2,2024-01-19,31.69,C70425,United Kingdom,63.38
100740,S438,Streaming subscription,2,2024-01-19,12.73,C87478,France,25.46
100738,S372,Streaming subscription,2,2024-01-19,21.82,C89797,France,43.64
100739,S836,Streaming subscription,5,2024-01-19,12.78,C17765,France,63.9
100721,S387,Streaming subscription,4,2024-01-19,15.92,C31819,Australia,63.68
100722,S392,Streaming subscription,3,2024-01-19,18.16,C35669,Australia,54.480000000000004
100723,S722,Streaming subscription,3,2024-01-19,20.52,C32984,Australia,61.56
100724,S653,Streaming subscription,3,2024-01-19,20.28,C71047,Australia,60.84
100726,S512,Streaming subscription,2,2024-01-19,16.48,C68948,Australia,32.96
100727,S995,Streaming subscription,1,2024-01-19,19.02,C67629,Australia,19.02
100728,S242,Streaming subscription,4,2024-01-19,23.61,C65791,Australia,94.44
100725,S771,Streaming subscription,1,2024-01-19,19.84,C39080,Australia,19.84
100730,S419,Streaming subscription,5,2024-01-19,14.49,C16906,Canada,72.45
100729,S726,Streaming subscription,2,2024-01-19,21.48,C22419,Canada,42.96
100736,S734,Streaming subscription,3,2024-01-19,14.12,C77810,Canada,42.36
100735,S465,Streaming subscription,2,2024-01-19,17.45,C49265,Canada,34.9
100734,S545,Streaming subscription,1,2024-01-19,12.2,C17986,Canada,12.2
100737,S128,Streaming subscription,3,2024-01-19,18.98,C82338,France,56.94
100732,S178,Streaming subscription,2,2024-01-19,13.34,C46212,Canada,26.68
100731,S274,Streaming subscription,4,2024-01-19,15.0,C88033,Canada,60.0
100733,S790,Streaming subscription,5,2024-01-19,15.75,C87675,Canada,78.75
100789,S508,Streaming subscription,4,2024-01-20,18.74,C44686,Germany,74.96
100783,S149,Streaming subscription,5,2024-01-20,18.05,C85699,France,90.25
100784,S990,Streaming subscription,5,2024-01-20,18.37,C29693,France,91.85000000000001
100785,S641,Streaming subscription,5,2024-01-20,22.51,C41924,Germany,112.55000000000001
100786,S683,Streaming subscription,4,2024-01-20,20.27,C57492,Germany,81.08
100787,S183,Streaming subscription,1,2024-01-20,23.67,C67400,Germany,23.67
100788,S415,Streaming subscription,2,2024-01-20,13.97,C31489,Germany,27.94
100791,S574,Streaming subscription,5,2024-01-20,26.08,C66408,Germany,130.39999999999998
100782,S190,Streaming subscription,4,2024-01-20,13.42,C63216,France,53.68
100793,S505,Streaming subscription,5,2024-01-20,28.11,C63626,United Kingdom,140.55
100794,S207,Streaming subscription,4,2024-01-20,17.03,C61430,United Kingdom,68.12
100795,S119,Streaming subscription,4,2024-01-20,26.9,C14046,United Kingdom,107.6
100796,S885,Streaming subscription,2,2024-01-20,19.56,C49972,United Kingdom,39.12
100797,S789,Streaming subscription,1,2024-01-20,17.58,C63704,United Kingdom,17.58
100798,S490,Streaming subscription,2,2024-01-20,25.48,C70741,United Kingdom,50.96
100799,S975,Streaming subscription,4,2024-01-20,26.29,C98267,United Kingdom,105.16
100800,S764,Streaming subscription,5,2024-01-20,26.35,C84754,United Kingdom,131.75
100792,S417,Streaming subscription,5,2024-01-20,16.73,C40323,Germany,83.65
100781,S775,Streaming subscription,4,2024-01-20,17.82,C92718,France,71.28
100790,S851,Streaming subscription,3,2024-01-20,15.61,C30152,Germany,46.83
100779,S609,Streaming subscription,4,2024-01-20,12.83,C89386,France,51.32
100761,S329,Streaming subscription,1,2024-01-20,16.34,C44978,Australia,16.34
100762,S545,Streaming subscription,2,2024-01-20,16.05,C88735,Australia,32.1
100763,S249,Streaming subscription,1,2024-01-20,20.26,C94934,Australia,20.26
100764,S705,Streaming subscription,2,2024-01-20,18.35,C57946,Australia,36.7
100765,S448,Streaming subscription,1,2024-01-20,12.64,C11956,Australia,12.64
100766,S416,Streaming subscription,3,2024-01-20,15.48,C25335,Australia,46.44
100767,S677,Streaming subscription,3,2024-01-20,24.4,C37063,Australia,73.19999999999999
100768,S964,Streaming subscription,2,2024-01-20,16.6,C30375,Australia,33.2
100769,S480,Streaming subscription,-2,2024-01-20,11.09,C60083,Canada,-22.18
100780,S816,Streaming subscription,3,2024-01-20,22.21,C57309,France,66.63
100778,S546,Streaming subscription,4,2024-01-20,16.47,C13157,France,65.88
100771,S857,Streaming subscription,3,2024-01-20,11.93,C80623,Canada,35.79
100772,S222,Streaming subscription,2,2024-01-20,11.75,C90893,Canada,23.5
100773,S130,Streaming subscription,1,2024-01-20,10.85,C40068,Canada,10.85
100774,S344,Streaming subscription,3,2024-01-20,14.84,C15139,Canada,44.519999999999996
100775,S989,Streaming subscription,3,2024-01-20,18.62,C18379,Canada,55.86
100776,S859,Streaming subscription,2,2024-01-20,17.46,C87479,Canada,34.92
100777,S796,Streaming subscription,2,2024-01-20,14.9,C26799,France,29.8
100770,S560,Streaming subscription,3,2024-01-20,14.72,C70081,Canada,44.160000000000004
100829,S628,Streaming subscription,3,2024-01-21,30.96,C56294,Germany,92.88
100828,S329,Streaming subscription,4,2024-01-21,17.14,C71559,Germany,68.56
100827,S998,Streaming subscription,4,2024-01-21,20.04,C20871,Germany,80.16
100826,S349,Streaming subscription,2,2024-01-21,25.04,C73796,Germany,50.08
100824,S564,Streaming subscription,3,2024-01-21,13.84,C58004,France,41.519999999999996
100823,S970,Streaming subscription,2,2024-01-21,19.53,C45401,France,39.06
100830,S745,Streaming subscription,3,2024-01-21,22.04,C89370,Germany,66.12
100825,S705,Streaming subscription,1,2024-01-21,23.67,C84007,Germany,23.67
100831,S699,Streaming subscription,5,2024-01-21,13.8,C74059,Germany,69.0
100836,S233,Streaming subscription,1,2024-01-21,22.1,C27680,United Kingdom,22.1
100833,S696,Streaming subscription,2,2024-01-21,21.61,C35523,United Kingdom,43.22
100834,S476,Streaming subscription,4,2024-01-21,26.62,C11892,United Kingdom,106.48
100835,S184,Streaming subscription,5,2024-01-21,23.49,C79901,United Kingdom,117.44999999999999
100822,S699,Streaming subscription,1,2024-01-21,21.69,C68389,France,21.69
100837,S322,Streaming subscription,-1,2024-01-21,24.97,C71296,United Kingdom,-24.97
100838,S919,Streaming subscription,5,2024-01-21,21.17,C19068,United Kingdom,105.85000000000001
100839,S632,Streaming subscription,4,2024-01-21,23.77,C40461,United Kingdom,95.08
100840,S992,Streaming subscription,2,2024-01-21,21.53,C26498,United Kingdom,43.06
100832,S986,Streaming subscription,-1,2024-01-21,13.62,C85002,Germany,-13.62
100821,S477,Streaming subscription,3,2024-01-21,17.12,C37654,France,51.36
100820,S880,Streaming subscription,1,2024-01-21,20.93,C66075,France,20.93
100819,S655,Streaming subscription,3,2024-01-21,11.67,C75981,France,35.01
100801,S873,Streaming subscription,5,2024-01-21,9.83,C50608,Australia,49.15
100802,S516,Streaming subscription,3,2024-01-21,19.59,C41787,Australia,58.769999999999996
100803,S570,Streaming subscription,4,2024-01-21,15.63,C43453,Australia,62.52
100804,S141,Streaming subscription,4,2024-01-21,14.58,C58950,Australia,58.32
100805,S433,Streaming subscription,3,2024-01-21,21.47,C62903,Australia,64.41
100806,S309,Streaming subscription,5,2024-01-21,17.55,C74705,Australia,87.75
100808,S388,Streaming subscription,3,2024-01-21,15.82,C51717,Australia,47.46
100809,S105,Streaming subscription,4,2024-01-21,17.14,C51210,Canada,68.56
100810,S472,Streaming subscription,5,2024-01-21,12.38,C57117,Canada,61.900000000000006
100807,S380,Streaming subscription,2,2024-01-21,16.0,C83353,Australia,32.0
100812,S600,Streaming subscription,4,2024-01-21,10.29,C77510,Canada,41.16
100811,S857,Streaming subscription,1,2024-01-21,12.38,C46939,Canada,12.38
100817,S299,Streaming subscription,2,2024-01-21,18.54,C45813,France,37.08
100816,S522,Streaming subscription,1,2024-01-21,16.02,C59355,Canada,16.02
100818,S894,Streaming subscription,1,2024-01-21,17.53,C98313,France,17.53
100814,S229,Streaming subscription,1,2024-01-21,11.07,C46117,Canada,11.07
100813,S324,Streaming subscription,-1,2024-01-21,6.58,C92995,Canada,-6.58
100815,S575,Streaming subscription,2,2024-01-21,13.31,C27524,Canada,26.62
100863,S323,Streaming subscription,4,2024-01-22,20.41,C84246,France,81.64
100870,S691,Streaming subscription,4,2024-01-22,18.57,C40373,Germany,74.28
100864,S877,Streaming subscription,4,2024-01-22,21.63,C54597,France,86.52
100865,S654,Streaming subscription,3,2024-01-22,24.72,C55390,Germany,74.16
100866,S224,Streaming subscription,2,2024-01-22,28.83,C32002,Germany,57.66
100867,S893,Streaming subscription,1,2024-01-22,32.35,C92252,Germany,32.35
100868,S159,Streaming subscription,3,2024-01-22,19.75,C50360,Germany,59.25
100869,S114,Streaming subscription,2,2024-01-22,28.36,C58525,Germany,56.72
100871,S649,Streaming subscription,1,2024-01-22,27.7,C31484,Germany,27.7
100880,S712,Streaming subscription,1,2024-01-22,29.53,C32966,United Kingdom,29.53
100873,S784,Streaming subscription,5,2024-01-22,31.28,C51805,United Kingdom,156.4
100874,S451,Streaming subscription,3,2024-01-22,31.52,C88733,United Kingdom,94.56
100875,S923,Streaming subscription,1,2024-01-22,20.66,C21627,United Kingdom,20.66
100876,S388,Streaming subscription,3,2024-01-22,29.23,C45124,United Kingdom,87.69
100877,S331,Streaming subscription,4,2024-01-22,25.92,C29926,United Kingdom,103.68
100878,S361,Streaming subscription,1,2024-01-22,24.88,C67684,United Kingdom,24.88
100879,S707,Streaming subscription,1,2024-01-22,23.52,C49509,United Kingdom,23.52
100862,S711,Streaming subscription,3,2024-01-22,17.98,C92678,France,53.94
100872,S371,Streaming subscription,2,2024-01-22,32.24,C80281,Germany,64.48
100861,S441,Streaming subscription,5,2024-01-22,18.68,C50047,France,93.4
100846,S643,Streaming subscription,3,2024-01-22,19.97,C81177,Australia,59.91
100859,S306,Streaming subscription,2,2024-01-22,25.66,C74581,France,51.32
100860,S618,Streaming subscription,4,2024-01-22,20.61,C67198,France,82.44
100841,S521,Streaming subscription,2,2024-01-22,17.76,C33513,Australia,35.52
100842,S274,Streaming subscription,5,2024-01-22,19.26,C68850,Australia,96.30000000000001
100843,S738,Streaming subscription,4,2024-01-22,25.79,C25695,Australia,103.16
100844,S745,Streaming subscription,4,2024-01-22,20.44,C64561,Australia,81.76
100845,S159,Streaming subscription,1,2024-01-22,15.62,C96713,Australia,15.62
100847,S838,Streaming subscription,5,2024-01-22,22.33,C88030,Australia,111.64999999999999
100848,S219,Streaming subscription,3,2024-01-22,14.46,C28907,Australia,43.38
100849,S980,Streaming subscription,5,2024-01-22,19.86,C67616,Canada,99.3
100851,S796,Streaming subscription,2,2024-01-22,13.11,C39861,Canada,26.22
100852,S385,Streaming subscription,1,2024-01-22,15.82,C90036,Canada,15.82
100853,S785,Streaming subscription,3,2024-01-22,21.33,C88866,Canada,63.989999999999995
100854,S623,Streaming subscription,4,2024-01-22,19.83,C39354,Canada,79.32
100855,S310,Streaming subscription,3,2024-01-22,14.59,C63338,Canada,43.769999999999996
100856,S473,Streaming subscription,3,2024-01-22,12.17,C22715,Canada,36.51
100857,S339,Streaming subscription,2,2024-01-22,27.55,C67648,France,55.1
100858,S434,Streaming subscription,2,2024-01-22,21.79,C32849,France,43.58
100850,S162,Streaming subscription,3,2024-01-22,6.15,C17603,Canada,18.450000000000003
100908,S981,Streaming subscription,1,2024-01-23,22.1,C18581,Germany,22.1
100909,S416,Streaming subscription,4,2024-01-23,28.01,C97770,Germany,112.04
100907,S683,Streaming subscription,4,2024-01-23,26.62,C17708,Germany,106.48
100903,S359,Streaming subscription,3,2024-01-23,18.64,C32056,France,55.92
100905,S598,Streaming subscription,2,2024-01-23,26.19,C61193,Germany,52.38
100904,S783,Streaming subscription,3,2024-01-23,16.61,C44924,France,49.83
100910,S328,Streaming subscription,3,2024-01-23,23.62,C41931,Germany,70.86
100906,S830,Streaming subscription,5,2024-01-23,24.13,C92500,Germany,120.64999999999999
100911,S111,Streaming subscription,4,2024-01-23,25.17,C85218,Germany,100.68
100920,S560,Streaming subscription,5,2024-01-23,30.88,C59770,United Kingdom,154.4
100913,S224,Streaming subscription,1,2024-01-23,29.11,C51928,United Kingdom,29.11
100914,S251,Streaming subscription,1,2024-01-23,27.69,C49541,United Kingdom,27.69
100915,S200,Streaming subscription,2,2024-01-23,27.24,C56286,United Kingdom,54.48
100916,S317,Streaming subscription,1,2024-01-23,27.98,C35637,United Kingdom,27.98
100917,S419,Streaming subscription,2,2024-01-23,25.91,C95155,United Kingdom,51.82
100918,S218,Streaming subscription,3,2024-01-23,25.99,C20335,United Kingdom,77.97
100919,S600,Streaming subscription,5,2024-01-23,30.57,C65116,United Kingdom,152.85
100902,S229,Streaming subscription,1,2024-01-23,26.63,C22896,France,26.63
100912,S359,Streaming subscription,2,2024-01-23,27.2,C72598,Germany,54.4
100901,S541,Streaming subscription,5,2024-01-23,18.13,C99178,France,90.64999999999999
100886,S585,Streaming subscription,5,2024-01-23,17.88,C18848,Australia,89.39999999999999
100899,S136,Streaming subscription,2,2024-01-23,23.71,C72803,France,47.42
100881,S739,Streaming subscription,2,2024-01-23,19.17,C52773,Australia,38.34
100882,S829,Streaming subscription,4,2024-01-23,16.31,C34354,Australia,65.24
100883,S345,Streaming subscription,5,2024-01-23,21.12,C82222,Australia,105.60000000000001
100884,S714,Streaming subscription,2,2024-01-23,24.41,C27370,Australia,48.82
100885,S587,Streaming subscription,2,2024-01-23,19.16,C75973,Australia,38.32
100887,S138,Streaming subscription,4,2024-01-23,23.55,C61406,Australia,94.2
100888,S134,Streaming subscription,5,2024-01-23,20.02,C43888,Australia,100.1
100890,S130,Streaming subscription,1,2024-01-23,18.93,C76156,Canada,18.93
100889,S372,Streaming subscription,1,2024-01-23,17.45,C16344,Canada,17.45
100892,S825,Streaming subscription,1,2024-01-23,9.89,C21140,Canada,9.89
100893,S267,Streaming subscription,2,2024-01-23,12.05,C86709,Canada,24.1
100894,S797,Streaming subscription,1,2024-01-23,14.28,C98399,Canada,14.28
100895,S966,Streaming subscription,1,2024-01-23,16.47,C16990,Canada,16.47
100896,S159,Streaming subscription,4,2024-01-23,13.6,C26970,Canada,54.4
100897,S168,Streaming subscription,3,2024-01-23,17.01,C69267,France,51.03
100898,S529,Streaming subscription,4,2024-01-23,28.02,C71020,France,112.08
100891,S739,Streaming subscription,1,2024-01-23,20.36,C40303,Canada,20.36
100900,S782,Streaming subscription,1,2024-01-23,21.13,C33159,France,21.13
100946,S405,Streaming subscription,1,2024-01-24,22.86,C27269,Germany,22.86
100948,S630,Streaming subscription,1,2024-01-24,23.44,C90116,Germany,23.44
100947,S844,Streaming subscription,1,2024-01-24,24.44,C81596,Germany,24.44
100943,S723,Streaming subscription,2,2024-01-24,24.62,C12358,France,49.24
100944,S318,Streaming subscription,1,2024-01-24,26.99,C40051,France,26.99
100949,S121,Streaming subscription,1,2024-01-24,17.87,C39604,Germany,17.87
100945,S911,Streaming subscription,3,2024-01-24,24.96,C56868,Germany,74.88
100950,S545,Streaming subscription,2,2024-01-24,21.9,C94142,Germany,43.8
100959,S569,Streaming subscription,4,2024-01-24,26.96,C49534,United Kingdom,107.84
100952,S411,Streaming subscription,1,2024-01-24,28.11,C21295,Germany,28.11
100953,S395,Streaming subscription,2,2024-01-24,27.09,C68266,United Kingdom,54.18
100954,S221,Streaming subscription,2,2024-01-24,26.78,C57509,United Kingdom,53.56
100955,S427,Streaming subscription,1,2024-01-24,30.68,C55651,United Kingdom,30.68
100956,S481,Streaming subscription,4,2024-01-24,29.04,C57358,United Kingdom,116.16
100957,S224,Streaming subscription,3,2024-01-24,31.8,C87963,United Kingdom,95.4
100958,S929,Streaming subscription,3,2024-01-24,30.21,C60583,United Kingdom,90.63
100942,S465,Streaming subscription,5,2024-01-24,25.26,C62122,France,126.30000000000001
100960,S341,Streaming subscription,1,2024-01-24,29.0,C31655,United Kingdom,29.0
100951,S874,Streaming subscription,3,2024-01-24,27.27,C38625,Germany,81.81
100941,S280,Streaming subscription,4,2024-01-24,18.28,C86217,France,73.12
100935,S386,Streaming subscription,3,2024-01-24,15.9,C17642,Canada,47.7
100939,S157,Streaming subscription,3,2024-01-24,17.21,C18721,France,51.63
100921,S343,Streaming subscription,3,2024-01-24,21.86,C34833,Australia,65.58
100922,S346,Streaming subscription,5,2024-01-24,14.42,C60877,Australia,72.1
100923,S138,Streaming subscription,1,2024-01-24,14.88,C36815,Australia,14.88
100924,S157,Streaming subscription,1,2024-01-24,18.41,C30526,Australia,18.41
100940,S490,Streaming subscription,-2,2024-01-24,22.14,C81769,France,-44.28
100926,S255,Streaming subscription,1,2024-01-24,23.37,C67748,Australia,23.37
100927,S738,Streaming subscription,4,2024-01-24,18.2,C26162,Australia,72.8
100928,S957,Streaming subscription,3,2024-01-24,18.59,C19473,Australia,55.769999999999996
100925,S269,Streaming subscription,3,2024-01-24,19.97,C39251,Australia,59.91
100930,S127,Streaming subscription,1,2024-01-24,14.2,C66562,Canada,14.2
100931,S478,Streaming subscription,1,2024-01-24,12.54,C51676,Canada,12.54
100932,S590,Streaming subscription,2,2024-01-24,11.51,C54240,Canada,23.02
100933,S537,Streaming subscription,2,2024-01-24,21.12,C96102,Canada,42.24
100934,S221,Streaming subscription,3,2024-01-24,9.67,C94824,Canada,29.009999999999998
100936,S285,Streaming subscription,4,2024-01-24,18.28,C12295,Canada,73.12
100937,S639,Streaming subscription,3,2024-01-24,17.47,C82531,France,52.41
100938,S492,Streaming subscription,5,2024-01-24,23.15,C36270,France,115.75
100929,S697,Streaming subscription,4,2024-01-24,17.8,C19226,Canada,71.2
100989,S575,Streaming subscription,3,2024-01-25,24.73,C64901,Germany,74.19
100988,S770,Streaming subscription,2,2024-01-25,26.6,C36463,Germany,53.2
100987,S296,Streaming subscription,3,2024-01-25,27.36,C70874,Germany,82.08
100983,S813,Streaming subscription,5,2024-01-25,18.71,C59709,France,93.55000000000001
100985,S364,Streaming subscription,5,2024-01-25,23.14,C60786,Germany,115.7
100984,S468,Streaming subscription,3,2024-01-25,18.33,C82598,France,54.989999999999995
100990,S216,Streaming subscription,2,2024-01-25,23.62,C77323,Germany,47.24
100991,S909,Streaming subscription,4,2024-01-25,25.28,C47262,Germany,101.12
100986,S497,Streaming subscription,2,2024-01-25,28.56,C91345,Germany,57.12
100993,S485,Streaming subscription,4,2024-01-25,25.43,C82893,United Kingdom,101.72
100994,S712,Streaming subscription,4,2024-01-25,30.69,C64239,United Kingdom,122.76
100995,S500,Streaming subscription,4,2024-01-25,23.24,C92700,United Kingdom,92.96
100996,S779,Streaming subscription,5,2024-01-25,24.38,C16325,United Kingdom,121.89999999999999
100997,S648,Streaming subscription,3,2024-01-25,29.21,C88140,United Kingdom,87.63
100998,S198,Streaming subscription,5,2024-01-25,29.02,C99219,United Kingdom,145.1
100999,S440,Streaming subscription,3,2024-01-25,32.73,C85384,United Kingdom,98.19
101000,S123,Streaming subscription,-1,2024-01-25,26.97,C52612,United Kingdom,-26.97
100982,S657,Streaming subscription,1,2024-01-25,19.7,C81446,France,19.7
100992,S612,Streaming subscription,5,2024-01-25,24.9,C97153,Germany,124.5
100981,S182,Streaming subscription,1,2024-01-25,22.98,C81371,France,22.98
100980,S811,Streaming subscription,1,2024-01-25,28.07,C41385,France,28.07
100979,S127,Streaming subscription,4,2024-01-25,18.11,C11839,France,72.44
100962,S167,Streaming subscription,5,2024-01-25,14.28,C53034,Australia,71.39999999999999
100963,S495,Streaming subscription,4,2024-01-25,22.63,C57107,Australia,90.52
100964,S915,Streaming subscription,3,2024-01-25,20.12,C47105,Australia,60.36
100965,S750,Streaming subscription,3,2024-01-25,19.97,C19072,Australia,59.91
100966,S692,Streaming subscription,4,2024-01-25,20.1,C58455,Australia,80.4
100967,S491,Streaming subscription,1,2024-01-25,21.61,C65802,Australia,21.61
100968,S807,Streaming subscription,1,2024-01-25,22.57,C35499,Australia,22.57
100969,S198,Streaming subscription,5,2024-01-25,11.18,C46234,Canada,55.9
100961,S876,Streaming subscription,5,2024-01-25,19.33,C93422,Australia,96.64999999999999
100971,S753,Streaming subscription,5,2024-01-25,17.79,C60626,Canada,88.94999999999999
100972,S601,Streaming subscription,1,2024-01-25,6.85,C77274,Canada,6.85
100973,S498,Streaming subscription,1,2024-01-25,14.48,C39010,Canada,14.48
100974,S106,Streaming subscription,3,2024-01-25,8.41,C78543,Canada,25.23
100975,S191,Streaming subscription,1,2024-01-25,18.02,C89106,Canada,18.02
100976,S402,Streaming subscription,1,2024-01-25,17.38,C33673,Canada,17.38
100977,S830,Streaming subscription,2,2024-01-25,16.11,C60331,France,32.22
100978,S100,Streaming subscription,4,2024-01-25,19.36,C67091,France,77.44
100970,S238,Streaming subscription,2,2024-01-25,18.21,C88514,Canada,36.42
101029,S524,Streaming subscription,5,2024-01-26,22.49,C63011,Germany,112.44999999999999
101028,S677,Streaming subscription,5,2024-01-26,22.88,C77835,Germany,114.39999999999999
101024,S641,Streaming subscription,5,2024-01-26,21.08,C41741,France,105.39999999999999
101026,S349,Streaming subscription,2,2024-01-26,28.17,C46248,Germany,56.34
101025,S555,Streaming subscription,1,2024-01-26,26.8,C65962,Germany,26.8
101030,S155,Streaming subscription,2,2024-01-26,28.77,C33669,Germany,57.54
101027,S286,Streaming subscription,4,2024-01-26,26.39,C70518,Germany,105.56
101031,S741,Streaming subscription,5,2024-01-26,24.27,C12718,Germany,121.35
101036,S242,Streaming subscription,3,2024-01-26,28.93,C29864,United Kingdom,86.78999999999999
101033,S344,Streaming subscription,4,2024-01-26,24.78,C32235,United Kingdom,99.12
101034,S872,Streaming subscription,3,2024-01-26,31.69,C91965,United Kingdom,95.07000000000001
101035,S884,Streaming subscription,2,2024-01-26,32.16,C17464,United Kingdom,64.32
101037,S321,Streaming subscription,2,2024-01-26,30.37,C71149,United Kingdom,60.74
101038,S316,Streaming subscription,2,2024-01-26,31.44,C40072,United Kingdom,62.88
101039,S893,Streaming subscription,1,2024-01-26,28.96,C42393,United Kingdom,28.96
101040,S649,Streaming subscription,5,2024-01-26,29.89,C93200,United Kingdom,149.45
101023,S113,Streaming subscription,4,2024-01-26,17.1,C90122,France,68.4
101032,S833,Streaming subscription,1,2024-01-26,22.26,C70465,Germany,22.26
101022,S321,Streaming subscription,2,2024-01-26,18.51,C42119,France,37.02
101021,S550,Streaming subscription,-1,2024-01-26,19.19,C22887,France,-19.19
101001,S247,Streaming subscription,1,2024-01-26,26.92,C64693,Australia,26.92
101020,S103,Streaming subscription,3,2024-01-26,23.3,C55108,France,69.9
101002,S307,Streaming subscription,2,2024-01-26,17.16,C37322,Australia,34.32
101003,S899,Streaming subscription,2,2024-01-26,22.83,C50211,Australia,45.66
101004,S479,Streaming subscription,2,2024-01-26,15.52,C53206,Australia,31.04
101005,S996,Streaming subscription,5,2024-01-26,24.89,C51355,Australia,124.45
101007,S362,Streaming subscription,2,2024-01-26,22.05,C58242,Australia,44.1
101008,S569,Streaming subscription,5,2024-01-26,12.64,C73995,Australia,63.2
101009,S553,Streaming subscription,4,2024-01-26,14.75,C36397,Canada,59.0
101010,S114,Streaming subscription,5,2024-01-26,21.09,C53461,Canada,105.45
101006,S232,Streaming subscription,5,2024-01-26,23.4,C56729,Australia,117.0
101012,S353,Streaming subscription,1,2024-01-26,12.26,C39008,Canada,12.26
101011,S852,Streaming subscription,3,2024-01-26,17.43,C99897,Canada,52.29
101018,S527,Streaming subscription,5,2024-01-26,16.85,C99789,France,84.25
101017,S363,Streaming subscription,2,2024-01-26,23.64,C30688,France,47.28
101016,S770,Streaming subscription,5,2024-01-26,17.07,C80141,Canada,85.35
101019,S881,Streaming subscription,3,2024-01-26,21.28,C31477,France,63.84
101014,S662,Streaming subscription,4,2024-01-26,20.28,C81281,Canada,81.12
101013,S447,Streaming subscription,3,2024-01-26,21.54,C75558,Canada,64.62
101015,S461,Streaming subscription,4,2024-01-26,21.13,C90963,Canada,84.52
101070,S733,Streaming subscription,3,2024-01-27,24.22,C19409,Germany,72.66
101063,S667,Streaming subscription,3,2024-01-27,13.22,C51813,France,39.660000000000004
101064,S409,Streaming subscription,2,2024-01-27,19.23,C11141,France,38.46
101065,S528,Streaming subscription,5,2024-01-27,23.69,C39422,Germany,118.45
101066,S179,Streaming subscription,3,2024-01-27,18.04,C48289,Germany,54.12
101067,S299,Streaming subscription,4,2024-01-27,21.99,C69583,Germany,87.96
101068,S666,Streaming subscription,2,2024-01-27,20.14,C46064,Germany,40.28
101069,S419,Streaming subscription,4,2024-01-27,17.46,C54216,Germany,69.84
101071,S351,Streaming subscription,5,2024-01-27,17.08,C93967,Germany,85.39999999999999
101062,S378,Streaming subscription,4,2024-01-27,17.25,C76995,France,69.0
101073,S657,Streaming subscription,5,2024-01-27,25.0,C72832,United Kingdom,125.0
101074,S842,Streaming subscription,-1,2024-01-27,27.01,C23816,United Kingdom,-27.01
101075,S605,Streaming subscription,1,2024-01-27,24.68,C54243,United Kingdom,24.68
101076,S218,Streaming subscription,4,2024-01-27,27.52,C11402,United Kingdom,110.08
101077,S285,Streaming subscription,2,2024-01-27,22.17,C34579,United Kingdom,44.34
101078,S808,Streaming subscription,1,2024-01-27,26.77,C66662,United Kingdom,26.77
101079,S941,Streaming subscription,4,2024-01-27,28.45,C85649,United Kingdom,113.8
101080,S747,Streaming subscription,1,2024-01-27,30.03,C48779,United Kingdom,30.03
101072,S303,Streaming subscription,3,2024-01-27,21.13,C27540,Germany,63.39
101061,S874,Streaming subscription,1,2024-01-27,15.58,C88874,France,15.58
101041,S931,Streaming subscription,4,2024-01-27,17.19,C61435,Australia,68.76
101059,S680,Streaming subscription,4,2024-01-27,19.65,C29007,France,78.6
101060,S269,Streaming subscription,3,2024-01-27,19.97,C11304,France,59.91
101042,S350,Streaming subscription,2,2024-01-27,16.05,C10121,Australia,32.1
101043,S181,Streaming subscription,1,2024-01-27,15.37,C26602,Australia,15.37
101044,S185,Streaming subscription,4,2024-01-27,25.83,C64533,Australia,103.32
101045,S313,Streaming subscription,4,2024-01-27,17.61,C64023,Australia,70.44
101047,S534,Streaming subscription,3,2024-01-27,14.69,C12229,Australia,44.07
101048,S486,Streaming subscription,1,2024-01-27,17.83,C47949,Australia,17.83
101049,S172,Streaming subscription,3,2024-01-27,18.41,C23778,Canada,55.230000000000004
101046,S182,Streaming subscription,4,2024-01-27,20.12,C99177,Australia,80.48
101051,S961,Streaming subscription,4,2024-01-27,17.92,C99301,Canada,71.68
101052,S778,Streaming subscription,3,2024-01-27,11.0,C44317,Canada,33.0
101053,S628,Streaming subscription,4,2024-01-27,16.78,C52768,Canada,67.12
101054,S673,Streaming subscription,1,2024-01-27,13.64,C23380,Canada,13.64
101055,S868,Streaming subscription,3,2024-01-27,18.92,C96568,Canada,56.760000000000005
101056,S323,Streaming subscription,4,2024-01-27,20.07,C58978,Canada,80.28
101057,S693,Streaming subscription,5,2024-01-27,17.8,C62123,France,89.0
101050,S397,Streaming subscription,4,2024-01-27,15.39,C89365,Canada,61.56
101058,S250,Streaming subscription,5,2024-01-27,23.54,C52750,France,117.69999999999999
101109,S374,Streaming subscription,1,2024-01-28,21.0,C44840,Germany,21.0
101108,S595,Streaming subscription,3,2024-01-28,26.21,C45631,Germany,78.63
101107,S591,Streaming subscription,3,2024-01-28,27.36,C12695,Germany,82.08
101103,S570,Streaming subscription,4,2024-01-28,22.36,C76828,France,89.44
101105,S228,Streaming subscription,3,2024-01-28,20.83,C31163,Germany,62.489999999999995
101104,S590,Streaming subscription,2,2024-01-28,19.47,C27308,France,38.94
101110,S877,Streaming subscription,4,2024-01-28,22.72,C88014,Germany,90.88
101106,S512,Streaming subscription,3,2024-01-28,25.92,C89310,Germany,77.76
101111,S411,Streaming subscription,1,2024-01-28,21.27,C38341,Germany,21.27
101120,S281,Streaming subscription,4,2024-01-28,31.15,C99016,United Kingdom,124.6
101113,S918,Streaming subscription,1,2024-01-28,24.8,C31190,United Kingdom,24.8
101114,S162,Streaming subscription,3,2024-01-28,26.43,C33719,United Kingdom,79.28999999999999
101115,S408,Streaming subscription,3,2024-01-28,25.07,C81847,United Kingdom,75.21000000000001
101116,S837,Streaming subscription,1,2024-01-28,22.56,C27179,United Kingdom,22.56
101117,S646,Streaming subscription,2,2024-01-28,24.18,C38976,United Kingdom,48.36
101118,S870,Streaming subscription,2,2024-01-28,21.38,C36579,United Kingdom,42.76
101119,S482,Streaming subscription,1,2024-01-28,21.15,C77578,United Kingdom,21.15
101102,S534,Streaming subscription,2,2024-01-28,17.8,C56426,France,35.6
101112,S189,Streaming subscription,3,2024-01-28,22.88,C22496,Germany,68.64
101101,S987,Streaming subscription,3,2024-01-28,15.22,C47940,France,45.660000000000004
101081,S450,Streaming subscription,2,2024-01-28,18.38,C23082,Australia,36.76
101099,S476,Streaming subscription,5,2024-01-28,24.34,C52083,France,121.7
101082,S475,Streaming subscription,4,2024-01-28,27.47,C66497,Australia,109.88
101083,S583,Streaming subscription,1,2024-01-28,15.81,C43082,Australia,15.81
101084,S822,Streaming subscription,3,2024-01-28,15.86,C94203,Australia,47.58
101085,S661,Streaming subscription,4,2024-01-28,19.73,C80595,Australia,78.92
101086,S170,Streaming subscription,3,2024-01-28,11.68,C49586,Australia,35.04
101087,S716,Streaming subscription,4,2024-01-28,16.53,C49278,Australia,66.12
101088,S562,Streaming subscription,2,2024-01-28,20.17,C68735,Australia,40.34
101089,S646,Streaming subscription,1,2024-01-28,13.86,C67381,Canada,13.86
101100,S303,Streaming subscription,4,2024-01-28,13.75,C13538,France,55.0
101091,S349,Streaming subscription,3,2024-01-28,16.43,C49922,Canada,49.29
101092,S229,Streaming subscription,4,2024-01-28,17.6,C49377,Canada,70.4
101093,S734,Streaming subscription,4,2024-01-28,12.82,C82903,Canada,51.28
101094,S298,Streaming subscription,1,2024-01-28,16.27,C95431,Canada,16.27
101095,S391,Streaming subscription,3,2024-01-28,15.97,C24886,Canada,47.910000000000004
101096,S857,Streaming subscription,4,2024-01-28,15.68,C28331,Canada,62.72
101097,S200,Streaming subscription,1,2024-01-28,25.3,C67762,France,25.3
101098,S229,Streaming subscription,3,2024-01-28,19.07,C11798,France,57.21
101090,S575,Streaming subscription,4,2024-01-28,8.11,C48161,Canada,32.44
101148,S688,Streaming subscription,4,2024-01-29,23.6,C84536,Germany,94.4
101147,S429,Streaming subscription,2,2024-01-29,18.79,C26279,Germany,37.58
101143,S211,Streaming subscription,5,2024-01-29,22.99,C83892,France,114.94999999999999
101145,S777,Streaming subscription,3,2024-01-29,25.66,C77560,Germany,76.98
101144,S904,Streaming subscription,5,2024-01-29,22.12,C49814,France,110.60000000000001
101149,S863,Streaming subscription,2,2024-01-29,27.61,C20671,Germany,55.22
101146,S407,Streaming subscription,3,2024-01-29,25.57,C33856,Germany,76.71000000000001
101150,S765,Streaming subscription,2,2024-01-29,22.99,C73328,Germany,45.98
101155,S683,Streaming subscription,3,2024-01-29,25.15,C93882,United Kingdom,75.44999999999999
101152,S834,Streaming subscription,4,2024-01-29,26.62,C91907,Germany,106.48
101153,S262,Streaming subscription,5,2024-01-29,31.03,C64196,United Kingdom,155.15
101154,S832,Streaming subscription,3,2024-01-29,32.65,C46593,United Kingdom,97.94999999999999
101156,S363,Streaming subscription,3,2024-01-29,26.0,C75633,United Kingdom,78.0
101157,S378,Streaming subscription,1,2024-01-29,30.92,C36766,United Kingdom,30.92
101158,S703,Streaming subscription,3,2024-01-29,27.52,C26031,United Kingdom,82.56
101159,S190,Streaming subscription,3,2024-01-29,29.07,C49311,United Kingdom,87.21000000000001
101142,S289,Streaming subscription,3,2024-01-29,27.48,C59152,France,82.44
101151,S245,Streaming subscription,4,2024-01-29,22.18,C22218,Germany,88.72
101160,S292,Streaming subscription,1,2024-01-29,30.82,C63196,United Kingdom,30.82
101141,S695,Streaming subscription,4,2024-01-29,26.49,C45079,France,105.96
101139,S299,Streaming subscription,5,2024-01-29,19.65,C48188,France,98.25
101140,S491,Streaming subscription,5,2024-01-29,23.52,C68675,France,117.6
101121,S951,Streaming subscription,1,2024-01-29,26.47,C40505,Australia,26.47
101122,S990,Streaming subscription,2,2024-01-29,20.7,C34646,Australia,41.4
101123,S410,Streaming subscription,5,2024-01-29,16.17,C69738,Australia,80.85000000000001
101124,S665,Streaming subscription,1,2024-01-29,16.71,C95845,Australia,16.71
101126,S686,Streaming subscription,1,2024-01-29,24.97,C22545,Australia,24.97
101127,S543,Streaming subscription,4,2024-01-29,19.2,C63617,Australia,76.8
101128,S108,Streaming subscription,3,2024-01-29,16.39,C43486,Australia,49.17
101129,S164,Streaming subscription,2,2024-01-29,19.12,C15691,Canada,38.24
101125,S230,Streaming subscription,3,2024-01-29,18.93,C62058,Australia,56.79
101131,S172,Streaming subscription,4,2024-01-29,19.25,C31808,Canada,77.0
101130,S587,Streaming subscription,5,2024-01-29,23.2,C48077,Canada,116.0
101137,S138,Streaming subscription,3,2024-01-29,18.44,C68365,France,55.32000000000001
101136,S270,Streaming subscription,4,2024-01-29,17.7,C93678,Canada,70.8
101135,S545,Streaming subscription,1,2024-01-29,16.07,C31791,Canada,16.07
101138,S391,Streaming subscription,2,2024-01-29,25.4,C74913,France,50.8
101133,S262,Streaming subscription,1,2024-01-29,13.29,C95053,Canada,13.29
101132,S745,Streaming subscription,1,2024-01-29,11.26,C40569,Canada,11.26
101134,S609,Streaming subscription,5,2024-01-29,25.41,C26572,Canada,127.05
101189,S895,Streaming subscription,1,2024-01-30,23.21,C71406,Germany,23.21
101182,S215,Streaming subscription,5,2024-01-30,20.72,C59999,France,103.6
101183,S649,Streaming subscription,2,2024-01-30,25.42,C71146,France,50.84
101184,S892,Streaming subscription,5,2024-01-30,26.0,C72947,France,130.0
101185,S535,Streaming subscription,2,2024-01-30,24.39,C68698,Germany,48.78
101186,S952,Streaming subscription,1,2024-01-30,26.15,C54391,Germany,26.15
101187,S172,Streaming subscription,2,2024-01-30,19.76,C64641,Germany,39.52
101188,S936,Streaming subscription,5,2024-01-30,27.46,C20573,Germany,137.3
101190,S183,Streaming subscription,2,2024-01-30,28.65,C65297,Germany,57.3
101181,S513,Streaming subscription,4,2024-01-30,18.15,C37081,France,72.6
101192,S785,Streaming subscription,1,2024-01-30,23.68,C72933,Germany,23.68
101193,S420,Streaming subscription,2,2024-01-30,34.03,C60391,United Kingdom,68.06
101194,S403,Streaming subscription,3,2024-01-30,27.52,C16405,United Kingdom,82.56
101195,S977,Streaming subscription,1,2024-01-30,31.33,C37664,United Kingdom,31.33
101196,S840,Streaming subscription,1,2024-01-30,33.62,C29656,United Kingdom,33.62
101197,S884,Streaming subscription,3,2024-01-30,33.64,C96718,United Kingdom,100.92
101198,S720,Streaming subscription,3,2024-01-30,29.83,C12948,United Kingdom,89.49
101199,S758,Streaming subscription,3,2024-01-30,30.79,C60216,United Kingdom,92.37
101191,S770,Streaming subscription,1,2024-01-30,26.04,C71253,Germany,26.04
101200,S514,Streaming subscription,1,2024-01-30,29.57,C58329,United Kingdom,29.57
101180,S458,Streaming subscription,2,2024-01-30,21.64,C58283,France,43.28
101178,S673,Streaming subscription,3,2024-01-30,20.21,C35220,France,60.63
101161,S658,Streaming subscription,1,2024-01-30,25.75,C49588,Australia,25.75
101162,S523,Streaming subscription,2,2024-01-30,22.39,C37525,Australia,44.78
101163,S915,Streaming subscription,2,2024-01-30,21.64,C14514,Australia,43.28
101164,S382,Streaming subscription,4,2024-01-30,21.35,C38945,Australia,85.4
101165,S844,Streaming subscription,4,2024-01-30,19.62,C40564,Australia,78.48
101166,S418,Streaming subscription,4,2024-01-30,22.01,C87865,Australia,88.04
101167,S385,Streaming subscription,5,2024-01-30,17.37,C59367,Australia,86.85000000000001
101168,S479,Streaming subscription,4,2024-01-30,20.16,C99684,Australia,80.64
101179,S873,Streaming subscription,3,2024-01-30,22.15,C12925,France,66.44999999999999
101170,S802,Streaming subscription,4,2024-01-30,17.58,C66412,Canada,70.32
101177,S105,Streaming subscription,1,2024-01-30,23.26,C71132,France,23.26
101176,S745,Streaming subscription,3,2024-01-30,20.04,C62277,Canada,60.12
101175,S128,Streaming subscription,1,2024-01-30,15.12,C16967,Canada,15.12
101169,S237,Streaming subscription,4,2024-01-30,19.07,C60418,Canada,76.28
101173,S815,Streaming subscription,1,2024-01-30,16.43,C81630,Canada,16.43
101172,S782,Streaming subscription,1,2024-01-30,16.9,C73833,Canada,16.9
101171,S484,Streaming subscription,1,2024-01-30,16.4,C40945,Canada,16.4
101174,S483,Streaming subscription,1,2024-01-30,17.23,C32968,Canada,17.23
101230,S582,Streaming subscription,1,2024-01-31,22.09,C75718,Germany,22.09
101223,S778,Streaming subscription,5,2024-01-31,24.15,C45725,France,120.75
101224,S840,Streaming subscription,3,2024-01-31,24.37,C71200,France,73.11
101226,S766,Streaming subscription,1,2024-01-31,23.67,C94741,Germany,23.67
101227,S887,Streaming subscription,1,2024-01-31,28.48,C52664,Germany,28.48
101228,S958,Streaming subscription,-2,2024-01-31,28.11,C12245,Germany,-56.22
101229,S559,Streaming subscription,4,2024-01-31,28.26,C11608,Germany,113.04
101231,S953,Streaming subscription,2,2024-01-31,26.79,C75510,Germany,53.58
101236,S636,Streaming subscription,4,2024-01-31,34.09,C20631,United Kingdom,136.36
101233,S689,Streaming subscription,4,2024-01-31,28.66,C31558,United Kingdom,114.64
101234,S728,Streaming subscription,4,2024-01-31,27.41,C53753,United Kingdom,109.64
101235,S766,Streaming subscription,4,2024-01-31,35.46,C93768,United Kingdom,141.84
101222,S836,Streaming subscription,4,2024-01-31,22.65,C49937,France,90.6
101237,S527,Streaming subscription,2,2024-01-31,27.83,C74421,United Kingdom,55.66
101238,S465,Streaming subscription,3,2024-01-31,31.37,C56083,United Kingdom,94.11
101239,S248,Streaming subscription,1,2024-01-31,26.39,C48315,United Kingdom,26.39
101240,S303,Streaming subscription,4,2024-01-31,31.55,C12358,United Kingdom,126.2
101232,S998,Streaming subscription,3,2024-01-31,27.77,C16151,Germany,83.31
101221,S309,Streaming subscription,4,2024-01-31,23.53,C33272,France,94.12
101225,S389,Streaming subscription,1,2024-01-31,23.6,C15292,Germany,23.6
101219,S282,Streaming subscription,-2,2024-01-31,27.34,C21306,France,-54.68
101220,S597,Streaming subscription,2,2024-01-31,26.4,C11285,France,52.8
101202,S478,Streaming subscription,3,2024-01-31,21.14,C33700,Australia,63.42
101203,S868,Streaming subscription,3,2024-01-31,19.42,C64255,Australia,58.260000000000005
101204,S237,Streaming subscription,5,2024-01-31,17.87,C26807,Australia,89.35000000000001
101205,S577,Streaming subscription,3,2024-01-31,25.49,C85843,Australia,76.47
101206,S933,Streaming subscription,1,2024-01-31,16.15,C35110,Australia,16.15
101207,S962,Streaming subscription,3,2024-01-31,20.02,C55958,Australia,60.06
101208,S387,Streaming subscription,5,2024-01-31,17.23,C48062,Australia,86.15
101209,S833,Streaming subscription,3,2024-01-31,19.19,C55635,Canada,57.57000000000001
101201,S689,Streaming subscription,4,2024-01-31,19.48,C22124,Australia,77.92
101211,S290,Streaming subscription,1,2024-01-31,18.5,C94547,Canada,18.5
101210,S730,Streaming subscription,5,2024-01-31,13.98,C87622,Canada,69.9
101217,S462,Streaming subscription,3,2024-01-31,16.74,C99770,France,50.22
101216,S565,Streaming subscription,1,2024-01-31,13.55,C82861,Canada,13.55
101218,S325,Streaming subscription,3,2024-01-31,19.64,C74246,France,58.92
101214,S996,Streaming subscription,5,2024-01-31,18.46,C29474,Canada,92.30000000000001
101213,S419,Streaming subscription,5,2024-01-31,25.31,C13669,Canada,126.55
101212,S969,Streaming subscription,5,2024-01-31,14.31,C10661,Canada,71.55
101215,S993,Streaming subscription,3,2024-01-31,20.58,C33324,Canada,61.739999999999995
101263,S140,Streaming subscription,2,2024-02-01,19.87,C68817,France,39.74
101269,S972,Streaming subscription,3,2024-02-01,20.74,C88182,Germany,62.22
101264,S698,Streaming subscription,3,2024-02-01,20.93,C25742,France,62.79
101265,S236,Streaming subscription,5,2024-02-01,24.75,C99919,Germany,123.75
101266,S929,Streaming subscription,5,2024-02-01,29.43,C35075,Germany,147.15
101267,S682,Streaming subscription,1,2024-02-01,28.62,C20084,Germany,28.62
101268,S681,Streaming subscription,4,2024-02-01,22.06,C84563,Germany,88.24
101270,S653,Streaming subscription,4,2024-02-01,21.41,C35217,Germany,85.64
101275,S116,Streaming subscription,3,2024-02-01,28.58,C80852,United Kingdom,85.74
101272,S290,Streaming subscription,3,2024-02-01,25.05,C99650,Germany,75.15
101273,S196,Streaming subscription,4,2024-02-01,30.85,C99671,United Kingdom,123.4
101274,S181,Streaming subscription,3,2024-02-01,26.98,C79349,United Kingdom,80.94
101276,S814,Streaming subscription,3,2024-02-01,30.04,C47048,United Kingdom,90.12
101277,S268,Streaming subscription,5,2024-02-01,29.92,C77666,United Kingdom,149.60000000000002
101278,S976,Streaming subscription,3,2024-02-01,31.06,C20981,United Kingdom,93.17999999999999
101279,S202,Streaming subscription,3,2024-02-01,29.73,C87825,United Kingdom,89.19
101262,S704,Streaming subscription,3,2024-02-01,18.48,C62565,France,55.44
101271,S797,Streaming subscription,2,2024-02-01,23.62,C78886,Germany,47.24
101261,S975,Streaming subscription,3,2024-02-01,23.92,C39665,France,71.76
101280,S759,Streaming subscription,2,2024-02-01,29.63,C17629,United Kingdom,59.26
101259,S715,Streaming subscription,5,2024-02-01,15.36,C44321,France,76.8
101241,S569,Streaming subscription,5,2024-02-01,19.51,C29531,Australia,97.55000000000001
101242,S551,Streaming subscription,3,2024-02-01,11.95,C37292,Australia,35.849999999999994
101243,S238,Streaming subscription,3,2024-02-01,26.76,C58418,Australia,80.28
101244,S322,Streaming subscription,2,2024-02-01,20.38,C68804,Australia,40.76
101245,S423,Streaming subscription,1,2024-02-01,17.8,C49761,Australia,17.8
101246,S711,Streaming subscription,4,2024-02-01,22.41,C81819,Australia,89.64
101247,S771,Streaming subscription,4,2024-02-01,20.17,C79596,Australia,80.68
101248,S527,Streaming subscription,3,2024-02-01,18.3,C43804,Australia,54.900000000000006
101249,S886,Streaming subscription,2,2024-02-01,17.99,C68202,Canada,35.98
101260,S217,Streaming subscription,-1,2024-02-01,20.54,C85800,France,-20.54
101251,S360,Streaming subscription,-2,2024-02-01,18.38,C10201,Canada,-36.76
101252,S559,Streaming subscription,4,2024-02-01,19.23,C56309,Canada,76.92
101253,S328,Streaming subscription,4,2024-02-01,27.67,C44133,Canada,110.68
101254,S267,Streaming subscription,3,2024-02-01,17.49,C35785,Canada,52.47
101255,S819,Streaming subscription,1,2024-02-01,20.74,C84821,Canada,20.74
101256,S434,Streaming subscription,1,2024-02-01,23.51,C82405,Canada,23.51
101257,S411,Streaming subscription,5,2024-02-01,26.07,C37160,France,130.35
101258,S136,Streaming subscription,3,2024-02-01,20.85,C70792,France,62.550000000000004
101250,S664,Streaming subscription,1,2024-02-01,8.76,C33131,Canada,8.76
101308,S222,Streaming subscription,3,2024-02-02,30.47,C67920,Germany,91.41
101307,S595,Streaming subscription,4,2024-02-02,22.81,C35809,Germany,91.24
101303,S404,Streaming subscription,2,2024-02-02,23.61,C93070,France,47.22
101305,S745,Streaming subscription,2,2024-02-02,29.82,C19574,Germany,59.64
101304,S986,Streaming subscription,4,2024-02-02,23.32,C77110,France,93.28
101309,S777,Streaming subscription,3,2024-02-02,29.36,C67472,Germany,88.08
101306,S974,Streaming subscription,1,2024-02-02,31.62,C16614,Germany,31.62
101310,S908,Streaming subscription,5,2024-02-02,19.93,C34961,Germany,99.65
101315,S490,Streaming subscription,2,2024-02-02,30.15,C13506,United Kingdom,60.3
101312,S345,Streaming subscription,2,2024-02-02,29.65,C58018,Germany,59.3
101313,S866,Streaming subscription,2,2024-02-02,30.84,C40632,United Kingdom,61.68
101314,S720,Streaming subscription,1,2024-02-02,31.19,C59244,United Kingdom,31.19
101316,S345,Streaming subscription,2,2024-02-02,26.31,C27300,United Kingdom,52.62
101317,S280,Streaming subscription,2,2024-02-02,31.13,C85996,United Kingdom,62.26
101318,S821,Streaming subscription,3,2024-02-02,30.25,C69695,United Kingdom,90.75
101319,S199,Streaming subscription,3,2024-02-02,34.53,C19662,United Kingdom,103.59
101302,S979,Streaming subscription,1,2024-02-02,19.32,C92418,France,19.32
101311,S260,Streaming subscription,5,2024-02-02,22.32,C33851,Germany,111.6
101301,S462,Streaming subscription,3,2024-02-02,18.8,C29020,France,56.400000000000006
101320,S616,Streaming subscription,5,2024-02-02,27.81,C83953,United Kingdom,139.04999999999998
101299,S482,Streaming subscription,4,2024-02-02,23.23,C92145,France,92.92
101300,S678,Streaming subscription,1,2024-02-02,22.69,C88452,France,22.69
101281,S472,Streaming subscription,3,2024-02-02,22.1,C46959,Australia,66.30000000000001
101282,S969,Streaming subscription,4,2024-02-02,23.49,C71324,Australia,93.96
101283,S310,Streaming subscription,5,2024-02-02,23.36,C67562,Australia,116.8
101284,S551,Streaming subscription,2,2024-02-02,20.15,C55283,Australia,40.3
101286,S268,Streaming subscription,1,2024-02-02,27.49,C12666,Australia,27.49
101287,S989,Streaming subscription,3,2024-02-02,15.92,C57208,Australia,47.76
101288,S213,Streaming subscription,2,2024-02-02,13.26,C75313,Australia,26.52
101289,S355,Streaming subscription,3,2024-02-02,13.29,C31152,Canada,39.87
101285,S180,Streaming subscription,1,2024-02-02,22.66,C73200,Australia,22.66
101291,S430,Streaming subscription,-2,2024-02-02,12.36,C73335,Canada,-24.72
101290,S238,Streaming subscription,1,2024-02-02,21.97,C77148,Canada,21.97
101297,S711,Streaming subscription,1,2024-02-02,25.58,C71010,France,25.58
101296,S862,Streaming subscription,3,2024-02-02,18.11,C92528,Canada,54.33
101295,S732,Streaming subscription,2,2024-02-02,17.02,C42777,Canada,34.04
101298,S810,Streaming subscription,4,2024-02-02,20.67,C70708,France,82.68
101293,S983,Streaming subscription,5,2024-02-02,17.81,C77951,Canada,89.05
101292,S990,Streaming subscription,4,2024-02-02,14.89,C88851,Canada,59.56
101294,S133,Streaming subscription,2,2024-02-02,14.91,C55111,Canada,29.82
101360,S241,Streaming subscription,5,2024-02-03,26.07,C28785,United Kingdom,130.35
101342,S770,Streaming subscription,2,2024-02-03,21.22,C41249,France,42.44
101343,S115,Streaming subscription,1,2024-02-03,19.39,C30307,France,19.39
101344,S800,Streaming subscription,3,2024-02-03,17.26,C30290,France,51.78
101346,S199,Streaming subscription,5,2024-02-03,18.04,C12646,Germany,90.19999999999999
101347,S290,Streaming subscription,2,2024-02-03,11.16,C59039,Germany,22.32
101348,S473,Streaming subscription,3,2024-02-03,27.49,C92436,Germany,82.47
101349,S532,Streaming subscription,5,2024-02-03,22.1,C92975,Germany,110.5
101351,S593,Streaming subscription,4,2024-02-03,18.86,C73846,Germany,75.44
101352,S115,Streaming subscription,-2,2024-02-03,22.68,C50191,Germany,-45.36
101353,S105,Streaming subscription,5,2024-02-03,23.54,C52127,United Kingdom,117.69999999999999
101341,S895,Streaming subscription,5,2024-02-03,24.96,C91836,France,124.80000000000001
101355,S996,Streaming subscription,4,2024-02-03,28.81,C45801,United Kingdom,115.24
101356,S739,Streaming subscription,5,2024-02-03,32.2,C77462,United Kingdom,161.0
101357,S223,Streaming subscription,2,2024-02-03,24.15,C83382,United Kingdom,48.3
101358,S551,Streaming subscription,1,2024-02-03,26.68,C38424,United Kingdom,26.68
101359,S263,Streaming subscription,2,2024-02-03,22.42,C71125,United Kingdom,44.84
101350,S556,Streaming subscription,5,2024-02-03,19.49,C58354,Germany,97.44999999999999
101354,S595,Streaming subscription,1,2024-02-03,24.46,C37775,United Kingdom,24.46
101345,S455,Streaming subscription,1,2024-02-03,18.55,C88198,Germany,18.55
101338,S588,Streaming subscription,1,2024-02-03,19.82,C79576,France,19.82
101339,S325,Streaming subscription,1,2024-02-03,15.16,C33335,France,15.16
101321,S493,Streaming subscription,5,2024-02-03,23.97,C62132,Australia,119.85
101322,S467,Streaming subscription,1,2024-02-03,20.5,C45255,Australia,20.5
101323,S503,Streaming subscription,5,2024-02-03,16.66,C37582,Australia,83.3
101324,S131,Streaming subscription,5,2024-02-03,16.94,C71022,Australia,84.7
101325,S732,Streaming subscription,1,2024-02-03,6.98,C16979,Australia,6.98
101326,S886,Streaming subscription,4,2024-02-03,14.59,C40776,Australia,58.36
101327,S396,Streaming subscription,4,2024-02-03,23.48,C41308,Australia,93.92
101328,S356,Streaming subscription,1,2024-02-03,19.27,C79640,Australia,19.27
101340,S644,Streaming subscription,1,2024-02-03,17.67,C46255,France,17.67
101330,S868,Streaming subscription,4,2024-02-03,13.31,C47758,Canada,53.24
101329,S481,Streaming subscription,4,2024-02-03,11.4,C75430,Canada,45.6
101336,S609,Streaming subscription,3,2024-02-03,18.67,C47890,Canada,56.010000000000005
101335,S491,Streaming subscription,4,2024-02-03,17.19,C91105,Canada,68.76
101337,S476,Streaming subscription,3,2024-02-03,19.31,C50211,France,57.92999999999999
101333,S831,Streaming subscription,2,2024-02-03,13.91,C17780,Canada,27.82
101332,S978,Streaming subscription,3,2024-02-03,19.8,C89077,Canada,59.400000000000006
101331,S898,Streaming subscription,3,2024-02-03,19.05,C79814,Canada,57.150000000000006
101334,S484,Streaming subscription,3,2024-02-03,13.52,C52320,Canada,40.56
101383,S426,Streaming subscription,5,2024-02-04,20.12,C78431,France,100.60000000000001
101389,S548,Streaming subscription,4,2024-02-04,19.09,C89568,Germany,76.36
101384,S214,Streaming subscription,4,2024-02-04,20.36,C86090,France,81.44
101385,S198,Streaming subscription,5,2024-02-04,27.67,C67656,Germany,138.35000000000002
101386,S524,Streaming subscription,5,2024-02-04,28.5,C49789,Germany,142.5
101387,S341,Streaming subscription,3,2024-02-04,24.57,C15162,Germany,73.71000000000001
101388,S741,Streaming subscription,2,2024-02-04,21.82,C81314,Germany,43.64
101390,S405,Streaming subscription,5,2024-02-04,16.62,C89148,Germany,83.10000000000001
101395,S244,Streaming subscription,4,2024-02-04,27.5,C69493,United Kingdom,110.0
101392,S918,Streaming subscription,1,2024-02-04,24.63,C94704,Germany,24.63
101393,S391,Streaming subscription,5,2024-02-04,26.83,C20724,United Kingdom,134.14999999999998
101394,S989,Streaming subscription,4,2024-02-04,24.03,C45070,United Kingdom,96.12
101396,S690,Streaming subscription,3,2024-02-04,23.98,C53645,United Kingdom,71.94
101397,S744,Streaming subscription,2,2024-02-04,23.61,C87771,United Kingdom,47.22
101398,S535,Streaming subscription,4,2024-02-04,24.25,C66791,United Kingdom,97.0
101399,S238,Streaming subscription,4,2024-02-04,17.35,C98463,United Kingdom,69.4
101382,S389,Streaming subscription,3,2024-02-04,15.61,C44874,France,46.83
101391,S209,Streaming subscription,3,2024-02-04,24.1,C81912,Germany,72.30000000000001
101400,S443,Streaming subscription,4,2024-02-04,27.63,C14801,United Kingdom,110.52
101381,S725,Streaming subscription,3,2024-02-04,16.94,C36276,France,50.82000000000001
101379,S203,Streaming subscription,5,2024-02-04,15.39,C28453,France,76.95
101361,S141,Streaming subscription,3,2024-02-04,15.17,C97088,Australia,45.51
101362,S511,Streaming subscription,4,2024-02-04,16.97,C49261,Australia,67.88
101363,S620,Streaming subscription,3,2024-02-04,18.58,C87826,Australia,55.739999999999995
101364,S125,Streaming subscription,3,2024-02-04,18.92,C11432,Australia,56.760000000000005
101365,S312,Streaming subscription,2,2024-02-04,17.68,C91279,Australia,35.36
101366,S525,Streaming subscription,3,2024-02-04,11.31,C69840,Australia,33.93
101367,S732,Streaming subscription,2,2024-02-04,19.13,C85442,Australia,38.26
101368,S804,Streaming subscription,1,2024-02-04,19.59,C91806,Australia,19.59
101369,S633,Streaming subscription,1,2024-02-04,11.39,C64694,Canada,11.39
101380,S576,Streaming subscription,3,2024-02-04,19.94,C32008,France,59.82000000000001
101371,S109,Streaming subscription,3,2024-02-04,5.0,C11383,Canada,15.0
101372,S721,Streaming subscription,5,2024-02-04,13.23,C48616,Canada,66.15
101373,S454,Streaming subscription,2,2024-02-04,10.78,C20669,Canada,21.56
101374,S131,Streaming subscription,4,2024-02-04,13.93,C28151,Canada,55.72
101375,S757,Streaming subscription,2,2024-02-04,13.12,C87702,Canada,26.24
101376,S717,Streaming subscription,1,2024-02-04,17.63,C66720,Canada,17.63
101377,S120,Streaming subscription,4,2024-02-04,18.68,C21139,France,74.72
101378,S872,Streaming subscription,5,2024-02-04,18.41,C69598,France,92.05
101370,S896,Streaming subscription,4,2024-02-04,17.52,C16632,Canada,70.08
101429,S235,Streaming subscription,2,2024-02-05,28.58,C47873,Germany,57.16
101428,S215,Streaming subscription,1,2024-02-05,25.5,C31666,Germany,25.5
101427,S652,Streaming subscription,2,2024-02-05,29.87,C79042,Germany,59.74
101423,S926,Streaming subscription,3,2024-02-05,14.9,C52102,France,44.7
101425,S389,Streaming subscription,3,2024-02-05,22.31,C19908,Germany,66.92999999999999
101424,S809,Streaming subscription,4,2024-02-05,22.83,C49139,France,91.32
101430,S828,Streaming subscription,2,2024-02-05,20.73,C84756,Germany,41.46
101426,S802,Streaming subscription,1,2024-02-05,22.97,C57231,Germany,22.97
101431,S243,Streaming subscription,5,2024-02-05,30.92,C90372,Germany,154.60000000000002
101435,S371,Streaming subscription,5,2024-02-05,28.87,C35531,United Kingdom,144.35
101433,S346,Streaming subscription,3,2024-02-05,27.45,C98140,United Kingdom,82.35
101434,S751,Streaming subscription,4,2024-02-05,32.24,C24507,United Kingdom,128.96
101436,S447,Streaming subscription,3,2024-02-05,36.4,C34861,United Kingdom,109.19999999999999
101437,S552,Streaming subscription,2,2024-02-05,32.75,C30586,United Kingdom,65.5
101438,S651,Streaming subscription,3,2024-02-05,29.52,C30098,United Kingdom,88.56
101439,S538,Streaming subscription,2,2024-02-05,30.07,C92282,United Kingdom,60.14
101440,S490,Streaming subscription,4,2024-02-05,26.63,C47502,United Kingdom,106.52
101422,S962,Streaming subscription,3,2024-02-05,24.34,C49369,France,73.02
101432,S584,Streaming subscription,3,2024-02-05,22.49,C83512,Germany,67.47
101421,S752,Streaming subscription,5,2024-02-05,19.27,C87118,France,96.35
101420,S169,Streaming subscription,3,2024-02-05,26.32,C28392,France,78.96000000000001
101419,S795,Streaming subscription,4,2024-02-05,22.98,C83235,France,91.92
101402,S819,Streaming subscription,5,2024-02-05,18.27,C69002,Australia,91.35
101403,S721,Streaming subscription,4,2024-02-05,13.93,C65652,Australia,55.72
101404,S943,Streaming subscription,2,2024-02-05,16.74,C31301,Australia,33.48
101405,S871,Streaming subscription,3,2024-02-05,13.49,C70487,Australia,40.47
101406,S157,Streaming subscription,4,2024-02-05,21.96,C53771,Australia,87.84
101407,S110,Streaming subscription,-1,2024-02-05,16.56,C43340,Australia,-16.56
101408,S386,Streaming subscription,1,2024-02-05,22.75,C61599,Australia,22.75
101409,S718,Streaming subscription,4,2024-02-05,15.72,C88551,Canada,62.88
101401,S635,Streaming subscription,2,2024-02-05,25.69,C59905,Australia,51.38
101411,S196,Streaming subscription,2,2024-02-05,14.59,C91958,Canada,29.18
101412,S301,Streaming subscription,4,2024-02-05,18.93,C32041,Canada,75.72
101413,S597,Streaming subscription,2,2024-02-05,13.8,C27067,Canada,27.6
101414,S408,Streaming subscription,-2,2024-02-05,24.38,C86944,Canada,-48.76
101415,S732,Streaming subscription,2,2024-02-05,12.12,C38640,Canada,24.24
101416,S996,Streaming subscription,2,2024-02-05,15.29,C41786,Canada,30.58
101417,S653,Streaming subscription,3,2024-02-05,18.34,C33527,France,55.019999999999996
101418,S687,Streaming subscription,4,2024-02-05,19.99,C49562,France,79.96
101410,S623,Streaming subscription,5,2024-02-05,16.03,C56155,Canada,80.15
101468,S574,Streaming subscription,5,2024-02-06,24.14,C62968,Germany,120.7
101467,S115,Streaming subscription,-1,2024-02-06,22.95,C55378,Germany,-22.95
101463,S944,Streaming subscription,3,2024-02-06,22.06,C65118,France,66.17999999999999
101465,S211,Streaming subscription,2,2024-02-06,21.97,C85449,Germany,43.94
101464,S367,Streaming subscription,4,2024-02-06,15.71,C77164,France,62.84
101469,S211,Streaming subscription,1,2024-02-06,21.84,C87954,Germany,21.84
101466,S768,Streaming subscription,4,2024-02-06,29.07,C25695,Germany,116.28
101470,S120,Streaming subscription,2,2024-02-06,24.47,C38234,Germany,48.94
101475,S146,Streaming subscription,-2,2024-02-06,27.35,C40047,United Kingdom,-54.7
101472,S706,Streaming subscription,1,2024-02-06,25.34,C70435,Germany,25.34
101473,S287,Streaming subscription,3,2024-02-06,33.92,C58858,United Kingdom,101.76
101474,S331,Streaming subscription,5,2024-02-06,32.55,C36785,United Kingdom,162.75
101476,S908,Streaming subscription,5,2024-02-06,34.15,C50606,United Kingdom,170.75
101477,S320,Streaming subscription,5,2024-02-06,36.69,C38789,United Kingdom,183.45
101478,S647,Streaming subscription,3,2024-02-06,24.9,C13407,United Kingdom,74.69999999999999
101479,S363,Streaming subscription,2,2024-02-06,33.35,C41041,United Kingdom,66.7
101462,S979,Streaming subscription,3,2024-02-06,24.53,C99207,France,73.59
101471,S768,Streaming subscription,3,2024-02-06,28.62,C21016,Germany,85.86
101461,S391,Streaming subscription,-1,2024-02-06,26.42,C57414,France,-26.42
101480,S485,Streaming subscription,3,2024-02-06,26.01,C53245,United Kingdom,78.03
101459,S792,Streaming subscription,5,2024-02-06,12.85,C34912,France,64.25
101441,S146,Streaming subscription,2,2024-02-06,18.7,C56604,Australia,37.4
101442,S846,Streaming subscription,4,2024-02-06,18.97,C36142,Australia,75.88
101443,S470,Streaming subscription,5,2024-02-06,19.78,C50583,Australia,98.9
101444,S113,Streaming subscription,2,2024-02-06,10.82,C72043,Australia,21.64
101445,S678,Streaming subscription,5,2024-02-06,22.37,C30827,Australia,111.85000000000001
101446,S652,Streaming subscription,-2,2024-02-06,22.46,C76879,Australia,-44.92
101447,S839,Streaming subscription,5,2024-02-06,15.37,C35927,Australia,76.85
101448,S558,Streaming subscription,3,2024-02-06,18.67,C48054,Australia,56.010000000000005
101449,S174,Streaming subscription,4,2024-02-06,16.5,C20503,Canada,66.0
101460,S691,Streaming subscription,1,2024-02-06,15.44,C68575,France,15.44
101451,S603,Streaming subscription,1,2024-02-06,16.91,C37614,Canada,16.91
101452,S488,Streaming subscription,1,2024-02-06,14.29,C62473,Canada,14.29
101453,S801,Streaming subscription,1,2024-02-06,11.16,C92501,Canada,11.16
101454,S977,Streaming subscription,3,2024-02-06,17.79,C69343,Canada,53.37
101455,S974,Streaming subscription,2,2024-02-06,11.79,C55002,Canada,23.58
101456,S149,Streaming subscription,3,2024-02-06,15.26,C40656,Canada,45.78
101457,S604,Streaming subscription,5,2024-02-06,17.87,C38706,France,89.35000000000001
101458,S935,Streaming subscription,4,2024-02-06,20.64,C16999,France,82.56
101450,S932,Streaming subscription,1,2024-02-06,20.5,C95395,Canada,20.5
101508,S411,Streaming subscription,4,2024-02-07,21.21,C23074,Germany,84.84
101507,S465,Streaming subscription,1,2024-02-07,30.26,C81498,Germany,30.26
101503,S668,Streaming subscription,-1,2024-02-07,19.53,C13389,France,-19.53
101505,S482,Streaming subscription,2,2024-02-07,25.31,C72436,Germany,50.62
101504,S960,Streaming subscription,5,2024-02-07,23.22,C35358,France,116.1
101509,S231,Streaming subscription,3,2024-02-07,23.64,C79271,Germany,70.92
101506,S170,Streaming subscription,2,2024-02-07,25.69,C92613,Germany,51.38
101510,S335,Streaming subscription,3,2024-02-07,19.53,C76830,Germany,58.59
101515,S750,Streaming subscription,4,2024-02-07,34.1,C78698,United Kingdom,136.4
101512,S342,Streaming subscription,4,2024-02-07,27.9,C84647,Germany,111.6
101513,S349,Streaming subscription,2,2024-02-07,26.86,C65288,United Kingdom,53.72
101514,S438,Streaming subscription,5,2024-02-07,32.46,C16247,United Kingdom,162.3
101516,S576,Streaming subscription,2,2024-02-07,30.72,C69197,United Kingdom,61.44
101517,S685,Streaming subscription,4,2024-02-07,28.27,C66506,United Kingdom,113.08
101518,S358,Streaming subscription,3,2024-02-07,27.47,C83716,United Kingdom,82.41
101519,S679,Streaming subscription,3,2024-02-07,26.27,C81621,United Kingdom,78.81
101502,S183,Streaming subscription,5,2024-02-07,26.75,C77782,France,133.75
101511,S321,Streaming subscription,2,2024-02-07,23.93,C35203,Germany,47.86
101501,S385,Streaming subscription,3,2024-02-07,18.52,C33605,France,55.56
101520,S313,Streaming subscription,5,2024-02-07,28.71,C48506,United Kingdom,143.55
101499,S669,Streaming subscription,2,2024-02-07,15.26,C50351,France,30.52
101481,S420,Streaming subscription,-1,2024-02-07,19.78,C27367,Australia,-19.78
101482,S312,Streaming subscription,1,2024-02-07,18.92,C28472,Australia,18.92
101483,S634,Streaming subscription,3,2024-02-07,19.59,C66422,Australia,58.769999999999996
101484,S265,Streaming subscription,4,2024-02-07,26.01,C67354,Australia,104.04
101485,S198,Streaming subscription,3,2024-02-07,19.55,C37534,Australia,58.650000000000006
101486,S334,Streaming subscription,5,2024-02-07,15.27,C13954,Australia,76.35
101487,S727,Streaming subscription,3,2024-02-07,18.46,C83967,Australia,55.38
101488,S530,Streaming subscription,1,2024-02-07,21.17,C13533,Australia,21.17
101489,S996,Streaming subscription,5,2024-02-07,16.65,C64187,Canada,83.25
101500,S875,Streaming subscription,3,2024-02-07,24.41,C98984,France,73.23
101491,S886,Streaming subscription,4,2024-02-07,14.57,C89708,Canada,58.28
101492,S431,Streaming subscription,5,2024-02-07,14.91,C90298,Canada,74.55
101493,S526,Streaming subscription,5,2024-02-07,17.0,C96069,Canada,85.0
101494,S886,Streaming subscription,4,2024-02-07,12.04,C47045,Canada,48.16
101495,S935,Streaming subscription,2,2024-02-07,16.77,C74770,Canada,33.54
101496,S259,Streaming subscription,4,2024-02-07,14.34,C39424,Canada,57.36
101497,S952,Streaming subscription,2,2024-02-07,14.46,C27974,France,28.92
101498,S200,Streaming subscription,4,2024-02-07,22.49,C87091,France,89.96
101490,S480,Streaming subscription,2,2024-02-07,15.47,C99104,Canada,30.94
101548,S765,Streaming subscription,4,2024-02-08,26.22,C22907,Germany,104.88
101547,S137,Streaming subscription,1,2024-02-08,28.97,C19559,Germany,28.97
101546,S260,Streaming subscription,1,2024-02-08,26.51,C22046,Germany,26.51
101542,S353,Streaming subscription,5,2024-02-08,24.36,C96446,France,121.8
101544,S616,Streaming subscription,-1,2024-02-08,18.76,C56225,France,-18.76
101543,S343,Streaming subscription,3,2024-02-08,24.13,C76209,France,72.39
101549,S703,Streaming subscription,4,2024-02-08,25.82,C18696,Germany,103.28
101545,S653,Streaming subscription,4,2024-02-08,22.26,C57735,Germany,89.04
101550,S668,Streaming subscription,2,2024-02-08,22.78,C80773,Germany,45.56
101554,S894,Streaming subscription,1,2024-02-08,27.63,C83773,United Kingdom,27.63
101552,S505,Streaming subscription,1,2024-02-08,28.58,C78330,Germany,28.58
101553,S939,Streaming subscription,1,2024-02-08,29.12,C42953,United Kingdom,29.12
101555,S550,Streaming subscription,1,2024-02-08,29.61,C38134,United Kingdom,29.61
101556,S696,Streaming subscription,5,2024-02-08,36.11,C51443,United Kingdom,180.55
101557,S379,Streaming subscription,5,2024-02-08,29.15,C37563,United Kingdom,145.75
101558,S121,Streaming subscription,2,2024-02-08,28.9,C67173,United Kingdom,57.8
101559,S406,Streaming subscription,3,2024-02-08,32.27,C88740,United Kingdom,96.81
101541,S948,Streaming subscription,1,2024-02-08,21.08,C43887,France,21.08
101551,S928,Streaming subscription,2,2024-02-08,26.88,C28863,Germany,53.76
101560,S425,Streaming subscription,3,2024-02-08,28.02,C88435,United Kingdom,84.06
101540,S528,Streaming subscription,4,2024-02-08,24.19,C28376,France,96.76
101538,S122,Streaming subscription,5,2024-02-08,25.16,C42157,France,125.8
101539,S498,Streaming subscription,1,2024-02-08,22.17,C43069,France,22.17
101521,S804,Streaming subscription,2,2024-02-08,22.97,C63645,Australia,45.94
101522,S161,Streaming subscription,1,2024-02-08,31.44,C68518,Australia,31.44
101523,S712,Streaming subscription,3,2024-02-08,19.75,C24554,Australia,59.25
101524,S826,Streaming subscription,2,2024-02-08,25.27,C72702,Australia,50.54
101526,S462,Streaming subscription,4,2024-02-08,21.92,C50997,Australia,87.68
101527,S936,Streaming subscription,2,2024-02-08,16.65,C84320,Australia,33.3
101528,S654,Streaming subscription,5,2024-02-08,13.08,C47047,Australia,65.4
101525,S804,Streaming subscription,5,2024-02-08,15.75,C14989,Australia,78.75
101530,S661,Streaming subscription,1,2024-02-08,14.16,C44578,Canada,14.16
101531,S231,Streaming subscription,4,2024-02-08,14.93,C55550,Canada,59.72
101532,S551,Streaming subscription,2,2024-02-08,17.82,C83629,Canada,35.64
101533,S340,Streaming subscription,5,2024-02-08,17.8,C63420,Canada,89.0
101534,S400,Streaming subscription,1,2024-02-08,19.72,C12814,Canada,19.72
101535,S962,Streaming subscription,1,2024-02-08,17.66,C98452,Canada,17.66
101536,S125,Streaming subscription,2,2024-02-08,21.59,C10548,Canada,43.18
101529,S380,Streaming subscription,2,2024-02-08,20.35,C18640,Canada,40.7
101537,S938,Streaming subscription,5,2024-02-08,23.09,C36673,France,115.45
101589,S737,Streaming subscription,2,2024-02-09,28.02,C80574,Germany,56.04
101588,S595,Streaming subscription,3,2024-02-09,25.86,C48623,Germany,77.58
101587,S906,Streaming subscription,2,2024-02-09,23.25,C48688,Germany,46.5
101583,S469,Streaming subscription,2,2024-02-09,15.04,C48405,France,30.08
101585,S669,Streaming subscription,2,2024-02-09,21.51,C26213,Germany,43.02
101584,S920,Streaming subscription,-2,2024-02-09,23.48,C61285,France,-46.96
101590,S883,Streaming subscription,2,2024-02-09,23.06,C30415,Germany,46.12
101586,S469,Streaming subscription,3,2024-02-09,30.09,C16057,Germany,90.27
101591,S495,Streaming subscription,1,2024-02-09,27.71,C98185,Germany,27.71
101600,S985,Streaming subscription,1,2024-02-09,27.48,C89503,United Kingdom,27.48
101593,S652,Streaming subscription,1,2024-02-09,28.18,C40799,United Kingdom,28.18
101594,S677,Streaming subscription,4,2024-02-09,30.14,C37328,United Kingdom,120.56
101595,S478,Streaming subscription,2,2024-02-09,26.22,C23552,United Kingdom,52.44
101596,S561,Streaming subscription,1,2024-02-09,25.09,C33631,United Kingdom,25.09
101597,S739,Streaming subscription,1,2024-02-09,27.11,C25154,United Kingdom,27.11
101598,S147,Streaming subscription,2,2024-02-09,30.4,C43799,United Kingdom,60.8
101599,S659,Streaming subscription,2,2024-02-09,33.47,C84164,United Kingdom,66.94
101582,S744,Streaming subscription,4,2024-02-09,17.93,C16247,France,71.72
101592,S590,Streaming subscription,1,2024-02-09,21.47,C67747,Germany,21.47
101581,S956,Streaming subscription,4,2024-02-09,22.09,C74525,France,88.36
101570,S637,Streaming subscription,1,2024-02-09,20.85,C62007,Canada,20.85
101579,S196,Streaming subscription,5,2024-02-09,24.08,C98399,France,120.39999999999999
101562,S520,Streaming subscription,1,2024-02-09,25.28,C28390,Australia,25.28
101563,S498,Streaming subscription,5,2024-02-09,19.01,C23102,Australia,95.05000000000001
101564,S612,Streaming subscription,4,2024-02-09,14.96,C29362,Australia,59.84
101565,S866,Streaming subscription,3,2024-02-09,17.04,C92371,Australia,51.12
101566,S375,Streaming subscription,5,2024-02-09,24.05,C52811,Australia,120.25
101567,S471,Streaming subscription,5,2024-02-09,18.84,C85564,Australia,94.2
101568,S776,Streaming subscription,2,2024-02-09,20.76,C53168,Australia,41.52
101569,S696,Streaming subscription,2,2024-02-09,16.46,C59466,Canada,32.92
101561,S698,Streaming subscription,4,2024-02-09,24.22,C58346,Australia,96.88
101571,S789,Streaming subscription,2,2024-02-09,21.11,C70382,Canada,42.22
101572,S508,Streaming subscription,1,2024-02-09,15.44,C39764,Canada,15.44
101573,S355,Streaming subscription,2,2024-02-09,12.15,C89109,Canada,24.3
101574,S372,Streaming subscription,5,2024-02-09,14.15,C36380,Canada,70.75
101575,S665,Streaming subscription,1,2024-02-09,19.87,C19107,Canada,19.87
101576,S257,Streaming subscription,2,2024-02-09,12.55,C65476,Canada,25.1
101577,S611,Streaming subscription,4,2024-02-09,19.17,C89130,France,76.68
101578,S233,Streaming subscription,1,2024-02-09,23.22,C41193,France,23.22
101580,S708,Streaming subscription,3,2024-02-09,15.92,C52141,France,47.76
101629,S133,Streaming subscription,2,2024-02-10,20.76,C39975,Germany,41.52
101628,S144,Streaming subscription,1,2024-02-10,18.75,C97066,Germany,18.75
101624,S539,Streaming subscription,4,2024-02-10,19.27,C95705,France,77.08
101626,S877,Streaming subscription,2,2024-02-10,16.72,C80896,Germany,33.44
101625,S650,Streaming subscription,5,2024-02-10,23.35,C25132,Germany,116.75
101630,S302,Streaming subscription,4,2024-02-10,22.79,C22858,Germany,91.16
101627,S906,Streaming subscription,2,2024-02-10,22.78,C10264,Germany,45.56
101631,S543,Streaming subscription,4,2024-02-10,15.24,C71333,Germany,60.96
101636,S700,Streaming subscription,2,2024-02-10,25.79,C59407,United Kingdom,51.58
101633,S522,Streaming subscription,5,2024-02-10,26.88,C85280,United Kingdom,134.4
101634,S832,Streaming subscription,4,2024-02-10,29.84,C82117,United Kingdom,119.36
101635,S887,Streaming subscription,1,2024-02-10,16.3,C38971,United Kingdom,16.3
101637,S750,Streaming subscription,2,2024-02-10,26.94,C87576,United Kingdom,53.88
101638,S566,Streaming subscription,5,2024-02-10,17.56,C31920,United Kingdom,87.8
101639,S763,Streaming subscription,1,2024-02-10,24.68,C80767,United Kingdom,24.68
101640,S204,Streaming subscription,5,2024-02-10,27.24,C72162,United Kingdom,136.2
101623,S368,Streaming subscription,2,2024-02-10,19.39,C22263,France,38.78
101632,S408,Streaming subscription,1,2024-02-10,22.55,C93863,Germany,22.55
101622,S471,Streaming subscription,5,2024-02-10,18.86,C91567,France,94.3
101621,S161,Streaming subscription,2,2024-02-10,17.61,C79716,France,35.22
101601,S499,Streaming subscription,1,2024-02-10,19.75,C43131,Australia,19.75
101620,S396,Streaming subscription,1,2024-02-10,16.33,C15791,France,16.33
101602,S814,Streaming subscription,2,2024-02-10,19.15,C81951,Australia,38.3
101603,S219,Streaming subscription,1,2024-02-10,11.98,C57109,Australia,11.98
101604,S140,Streaming subscription,1,2024-02-10,16.11,C28893,Australia,16.11
101605,S725,Streaming subscription,5,2024-02-10,16.76,C41682,Australia,83.80000000000001
101607,S425,Streaming subscription,4,2024-02-10,12.67,C66120,Australia,50.68
101608,S358,Streaming subscription,5,2024-02-10,19.02,C77898,Australia,95.1
101609,S432,Streaming subscription,2,2024-02-10,19.87,C87693,Canada,39.74
101610,S847,Streaming subscription,1,2024-02-10,10.35,C11367,Canada,10.35
101606,S623,Streaming subscription,4,2024-02-10,12.87,C88195,Australia,51.48
101612,S316,Streaming subscription,5,2024-02-10,14.73,C58097,Canada,73.65
101611,S162,Streaming subscription,4,2024-02-10,11.65,C19415,Canada,46.6
101618,S675,Streaming subscription,3,2024-02-10,16.6,C19372,France,49.800000000000004
101617,S151,Streaming subscription,4,2024-02-10,22.2,C90053,France,88.8
101616,S501,Streaming subscription,3,2024-02-10,16.89,C85536,Canada,50.67
101619,S278,Streaming subscription,3,2024-02-10,19.98,C21657,France,59.94
101614,S411,Streaming subscription,5,2024-02-10,9.23,C84129,Canada,46.150000000000006
101613,S869,Streaming subscription,3,2024-02-10,19.55,C62606,Canada,58.650000000000006
101615,S187,Streaming subscription,1,2024-02-10,9.62,C69859,Canada,9.62
101670,S367,Streaming subscription,5,2024-02-11,20.35,C20494,Germany,101.75
101663,S275,Streaming subscription,2,2024-02-11,18.3,C61899,France,36.6
101664,S199,Streaming subscription,1,2024-02-11,19.73,C53000,France,19.73
101665,S646,Streaming subscription,3,2024-02-11,23.69,C98446,Germany,71.07000000000001
101666,S544,Streaming subscription,2,2024-02-11,23.3,C80667,Germany,46.6
101667,S962,Streaming subscription,4,2024-02-11,15.75,C44964,Germany,63.0
101668,S963,Streaming subscription,2,2024-02-11,22.37,C17636,Germany,44.74
101669,S968,Streaming subscription,1,2024-02-11,17.95,C58208,Germany,17.95
101671,S855,Streaming subscription,1,2024-02-11,22.99,C28534,Germany,22.99
101662,S211,Streaming subscription,2,2024-02-11,13.48,C21546,France,26.96
101673,S517,Streaming subscription,5,2024-02-11,24.0,C22286,United Kingdom,120.0
101674,S746,Streaming subscription,4,2024-02-11,26.42,C96504,United Kingdom,105.68
101675,S194,Streaming subscription,3,2024-02-11,25.48,C66347,United Kingdom,76.44
101676,S893,Streaming subscription,2,2024-02-11,28.96,C79945,United Kingdom,57.92
101677,S881,Streaming subscription,4,2024-02-11,20.23,C73190,United Kingdom,80.92
101678,S379,Streaming subscription,1,2024-02-11,30.56,C60533,United Kingdom,30.56
101679,S252,Streaming subscription,3,2024-02-11,29.18,C67943,United Kingdom,87.53999999999999
101680,S675,Streaming subscription,5,2024-02-11,22.82,C32299,United Kingdom,114.1
101672,S803,Streaming subscription,5,2024-02-11,19.79,C81803,Germany,98.94999999999999
101661,S680,Streaming subscription,2,2024-02-11,12.16,C62169,France,24.32
101660,S612,Streaming subscription,3,2024-02-11,18.21,C12759,France,54.63
101659,S837,Streaming subscription,4,2024-02-11,19.8,C50152,France,79.2
101641,S219,Streaming subscription,2,2024-02-11,9.98,C19193,Australia,19.96
101642,S566,Streaming subscription,4,2024-02-11,17.4,C69362,Australia,69.6
101643,S456,Streaming subscription,3,2024-02-11,17.81,C71645,Australia,53.42999999999999
101644,S404,Streaming subscription,4,2024-02-11,17.92,C75420,Australia,71.68
101645,S734,Streaming subscription,5,2024-02-11,14.86,C40381,Australia,74.3
101647,S744,Streaming subscription,3,2024-02-11,18.15,C32383,Australia,54.449999999999996
101648,S382,Streaming subscription,2,2024-02-11,14.95,C46904,Australia,29.9
101649,S725,Streaming subscription,3,2024-02-11,10.3,C20332,Canada,30.900000000000002
101646,S679,Streaming subscription,4,2024-02-11,15.74,C71110,Australia,62.96
101651,S323,Streaming subscription,4,2024-02-11,12.55,C45125,Canada,50.2
101650,S525,Streaming subscription,1,2024-02-11,18.58,C71804,Canada,18.58
101657,S189,Streaming subscription,4,2024-02-11,19.49,C86220,France,77.96
101656,S887,Streaming subscription,3,2024-02-11,14.36,C29752,Canada,43.08
101655,S399,Streaming subscription,5,2024-02-11,14.58,C23538,Canada,72.9
101658,S483,Streaming subscription,5,2024-02-11,17.31,C13900,France,86.55
101653,S593,Streaming subscription,4,2024-02-11,11.64,C89799,Canada,46.56
101652,S400,Streaming subscription,4,2024-02-11,16.09,C68802,Canada,64.36
101654,S345,Streaming subscription,3,2024-02-11,17.79,C43929,Canada,53.37
101710,S920,Streaming subscription,3,2024-02-12,26.49,C84117,Germany,79.47
101703,S253,Streaming subscription,-2,2024-02-12,29.71,C66348,France,-59.42
101704,S208,Streaming subscription,3,2024-02-12,25.03,C50091,France,75.09
101705,S517,Streaming subscription,5,2024-02-12,28.95,C98106,Germany,144.75
101706,S903,Streaming subscription,3,2024-02-12,24.29,C21553,Germany,72.87
101707,S753,Streaming subscription,5,2024-02-12,29.91,C20511,Germany,149.55
101708,S930,Streaming subscription,3,2024-02-12,23.65,C14362,Germany,70.94999999999999
101709,S430,Streaming subscription,3,2024-02-12,31.46,C88898,Germany,94.38
101711,S800,Streaming subscription,-2,2024-02-12,26.06,C83902,Germany,-52.12
101720,S191,Streaming subscription,1,2024-02-12,28.99,C82977,United Kingdom,28.99
101713,S186,Streaming subscription,3,2024-02-12,27.55,C74483,United Kingdom,82.65
101714,S792,Streaming subscription,3,2024-02-12,30.89,C30271,United Kingdom,92.67
101715,S124,Streaming subscription,2,2024-02-12,30.4,C69342,United Kingdom,60.8
101716,S765,Streaming subscription,3,2024-02-12,29.48,C67159,United Kingdom,88.44
101717,S462,Streaming subscription,5,2024-02-12,27.36,C84644,United Kingdom,136.8
101718,S813,Streaming subscription,2,2024-02-12,37.87,C30357,United Kingdom,75.74
101719,S359,Streaming subscription,1,2024-02-12,28.02,C16756,United Kingdom,28.02
101702,S185,Streaming subscription,4,2024-02-12,25.78,C87150,France,103.12
101712,S843,Streaming subscription,5,2024-02-12,22.53,C45347,Germany,112.65
101701,S240,Streaming subscription,3,2024-02-12,19.02,C65525,France,57.06
101700,S635,Streaming subscription,5,2024-02-12,17.51,C61225,France,87.55000000000001
101699,S622,Streaming subscription,4,2024-02-12,25.75,C42163,France,103.0
101682,S967,Streaming subscription,2,2024-02-12,21.01,C85241,Australia,42.02
101683,S722,Streaming subscription,2,2024-02-12,23.49,C43765,Australia,46.98
101684,S250,Streaming subscription,5,2024-02-12,16.21,C15135,Australia,81.05000000000001
101685,S700,Streaming subscription,3,2024-02-12,26.2,C91757,Australia,78.6
101686,S848,Streaming subscription,2,2024-02-12,22.67,C14102,Australia,45.34
101687,S486,Streaming subscription,3,2024-02-12,18.63,C17645,Australia,55.89
101688,S873,Streaming subscription,1,2024-02-12,18.24,C11299,Australia,18.24
101689,S239,Streaming subscription,1,2024-02-12,9.44,C97246,Canada,9.44
101681,S378,Streaming subscription,5,2024-02-12,27.53,C11862,Australia,137.65
101691,S658,Streaming subscription,2,2024-02-12,16.78,C44976,Canada,33.56
101692,S260,Streaming subscription,1,2024-02-12,15.44,C97208,Canada,15.44
101693,S298,Streaming subscription,4,2024-02-12,15.93,C85165,Canada,63.72
101694,S221,Streaming subscription,1,2024-02-12,15.07,C58530,Canada,15.07
101695,S843,Streaming subscription,2,2024-02-12,18.62,C71085,Canada,37.24
101696,S580,Streaming subscription,2,2024-02-12,18.05,C95502,Canada,36.1
101697,S534,Streaming subscription,5,2024-02-12,23.41,C71450,France,117.05
101698,S182,Streaming subscription,5,2024-02-12,20.18,C43864,France,100.9
101690,S223,Streaming subscription,4,2024-02-12,24.9,C35782,Canada,99.6
101748,S805,Streaming subscription,5,2024-02-13,26.14,C48529,Germany,130.7
101747,S513,Streaming subscription,4,2024-02-13,19.83,C69599,Germany,79.32
101743,S288,Streaming subscription,2,2024-02-13,20.42,C18732,France,40.84
101745,S719,Streaming subscription,1,2024-02-13,27.98,C27744,Germany,27.98
101744,S371,Streaming subscription,-1,2024-02-13,23.75,C93833,France,-23.75
101749,S482,Streaming subscription,4,2024-02-13,16.68,C63213,Germany,66.72
101746,S674,Streaming subscription,3,2024-02-13,23.81,C64222,Germany,71.42999999999999
101750,S120,Streaming subscription,2,2024-02-13,29.43,C13304,Germany,58.86
101755,S473,Streaming subscription,1,2024-02-13,25.73,C98098,United Kingdom,25.73
101752,S216,Streaming subscription,1,2024-02-13,27.04,C33628,Germany,27.04
101753,S659,Streaming subscription,4,2024-02-13,23.59,C29416,United Kingdom,94.36
101754,S791,Streaming subscription,1,2024-02-13,31.36,C13973,United Kingdom,31.36
101756,S479,Streaming subscription,3,2024-02-13,35.26,C54848,United Kingdom,105.78
101757,S602,Streaming subscription,2,2024-02-13,30.55,C85923,United Kingdom,61.1
101758,S931,Streaming subscription,4,2024-02-13,27.48,C12825,United Kingdom,109.92
101759,S860,Streaming subscription,1,2024-02-13,28.84,C41056,United Kingdom,28.84
101742,S759,Streaming subscription,5,2024-02-13,22.98,C27948,France,114.9
101751,S574,Streaming subscription,5,2024-02-13,23.33,C71689,Germany,116.64999999999999
101741,S759,Streaming subscription,4,2024-02-13,20.89,C92657,France,83.56
101760,S348,Streaming subscription,2,2024-02-13,30.04,C23985,United Kingdom,60.08
101739,S777,Streaming subscription,1,2024-02-13,17.69,C24103,France,17.69
101721,S570,Streaming subscription,1,2024-02-13,19.44,C89995,Australia,19.44
101722,S255,Streaming subscription,1,2024-02-13,15.59,C12975,Australia,15.59
101723,S614,Streaming subscription,1,2024-02-13,13.07,C71830,Australia,13.07
101724,S864,Streaming subscription,5,2024-02-13,9.79,C41376,Australia,48.949999999999996
101725,S755,Streaming subscription,1,2024-02-13,16.4,C14581,Australia,16.4
101726,S752,Streaming subscription,4,2024-02-13,11.56,C43709,Australia,46.24
101727,S158,Streaming subscription,3,2024-02-13,21.01,C44418,Australia,63.03
101728,S592,Streaming subscription,1,2024-02-13,16.32,C86024,Australia,16.32
101729,S850,Streaming subscription,2,2024-02-13,14.57,C31316,Canada,29.14
101740,S186,Streaming subscription,4,2024-02-13,21.79,C71977,France,87.16
101731,S176,Streaming subscription,4,2024-02-13,15.7,C28140,Canada,62.8
101732,S524,Streaming subscription,5,2024-02-13,17.53,C44803,Canada,87.65
101733,S306,Streaming subscription,-1,2024-02-13,20.57,C15034,Canada,-20.57
101734,S427,Streaming subscription,3,2024-02-13,14.06,C98892,Canada,42.18
101735,S972,Streaming subscription,1,2024-02-13,21.25,C10487,Canada,21.25
101736,S580,Streaming subscription,5,2024-02-13,7.33,C39975,Canada,36.65
101737,S347,Streaming subscription,4,2024-02-13,19.39,C39627,France,77.56
101738,S321,Streaming subscription,5,2024-02-13,24.3,C88135,France,121.5
101730,S942,Streaming subscription,5,2024-02-13,15.77,C64028,Canada,78.85
101789,S577,Streaming subscription,1,2024-02-14,30.01,C67758,Germany,30.01
101788,S109,Streaming subscription,5,2024-02-14,25.36,C55524,Germany,126.8
101787,S737,Streaming subscription,1,2024-02-14,23.12,C13728,Germany,23.12
101783,S990,Streaming subscription,5,2024-02-14,20.9,C38452,France,104.5
101785,S283,Streaming subscription,5,2024-02-14,22.12,C85814,Germany,110.60000000000001
101784,S490,Streaming subscription,5,2024-02-14,19.25,C96862,France,96.25
101790,S762,Streaming subscription,4,2024-02-14,15.03,C87870,Germany,60.12
101786,S161,Streaming subscription,1,2024-02-14,23.65,C41445,Germany,23.65
101791,S198,Streaming subscription,2,2024-02-14,17.9,C86487,Germany,35.8
101795,S402,Streaming subscription,3,2024-02-14,26.93,C57443,United Kingdom,80.78999999999999
101793,S492,Streaming subscription,3,2024-02-14,25.57,C51872,United Kingdom,76.71000000000001
101794,S338,Streaming subscription,3,2024-02-14,24.46,C48467,United Kingdom,73.38
101796,S400,Streaming subscription,5,2024-02-14,29.06,C50660,United Kingdom,145.29999999999998
101797,S355,Streaming subscription,3,2024-02-14,27.66,C47778,United Kingdom,82.98
101798,S192,Streaming subscription,4,2024-02-14,27.49,C78688,United Kingdom,109.96
101799,S489,Streaming subscription,2,2024-02-14,30.2,C41409,United Kingdom,60.4
101800,S850,Streaming subscription,2,2024-02-14,25.64,C52484,United Kingdom,51.28
101782,S869,Streaming subscription,5,2024-02-14,26.12,C91701,France,130.6
101792,S161,Streaming subscription,5,2024-02-14,30.35,C32483,Germany,151.75
101781,S553,Streaming subscription,4,2024-02-14,17.34,C43445,France,69.36
101780,S275,Streaming subscription,2,2024-02-14,24.17,C60465,France,48.34
101779,S153,Streaming subscription,3,2024-02-14,20.31,C78120,France,60.92999999999999
101762,S347,Streaming subscription,3,2024-02-14,15.7,C60853,Australia,47.099999999999994
101763,S231,Streaming subscription,1,2024-02-14,19.77,C86848,Australia,19.77
101764,S521,Streaming subscription,3,2024-02-14,16.36,C49037,Australia,49.08
101765,S916,Streaming subscription,3,2024-02-14,11.78,C83795,Australia,35.339999999999996
101766,S659,Streaming subscription,2,2024-02-14,15.73,C47866,Australia,31.46
101767,S701,Streaming subscription,5,2024-02-14,25.83,C96910,Australia,129.14999999999998
101768,S250,Streaming subscription,4,2024-02-14,14.98,C81251,Australia,59.92
101769,S250,Streaming subscription,1,2024-02-14,19.54,C66831,Canada,19.54
101761,S579,Streaming subscription,4,2024-02-14,22.01,C58585,Australia,88.04
101771,S284,Streaming subscription,1,2024-02-14,14.02,C36551,Canada,14.02
101772,S842,Streaming subscription,5,2024-02-14,16.59,C19966,Canada,82.95
101773,S533,Streaming subscription,5,2024-02-14,13.46,C50449,Canada,67.30000000000001
101774,S747,Streaming subscription,1,2024-02-14,16.49,C50795,Canada,16.49
101775,S853,Streaming subscription,2,2024-02-14,11.38,C52290,Canada,22.76
101776,S161,Streaming subscription,1,2024-02-14,14.45,C29915,Canada,14.45
101777,S633,Streaming subscription,4,2024-02-14,20.12,C45465,France,80.48
101778,S272,Streaming subscription,4,2024-02-14,23.78,C77492,France,95.12
101770,S257,Streaming subscription,5,2024-02-14,19.48,C84990,Canada,97.4
101828,S771,Streaming subscription,5,2024-02-15,17.83,C82784,Germany,89.14999999999999
101827,S338,Streaming subscription,2,2024-02-15,29.58,C70055,Germany,59.16
101823,S772,Streaming subscription,2,2024-02-15,26.82,C54540,France,53.64
101825,S558,Streaming subscription,2,2024-02-15,25.37,C52177,Germany,50.74
101824,S918,Streaming subscription,4,2024-02-15,30.07,C86711,France,120.28
101829,S243,Streaming subscription,3,2024-02-15,27.81,C76495,Germany,83.42999999999999
101826,S714,Streaming subscription,1,2024-02-15,24.64,C14922,Germany,24.64
101830,S742,Streaming subscription,2,2024-02-15,23.55,C46698,Germany,47.1
101835,S760,Streaming subscription,5,2024-02-15,31.7,C89964,United Kingdom,158.5
101832,S645,Streaming subscription,1,2024-02-15,19.32,C61813,Germany,19.32
101833,S534,Streaming subscription,1,2024-02-15,28.56,C32212,United Kingdom,28.56
101834,S412,Streaming subscription,3,2024-02-15,28.07,C99210,United Kingdom,84.21000000000001
101836,S343,Streaming subscription,-1,2024-02-15,26.52,C99198,United Kingdom,-26.52
101837,S334,Streaming subscription,2,2024-02-15,26.76,C62227,United Kingdom,53.52
101838,S497,Streaming subscription,-2,2024-02-15,33.32,C32754,United Kingdom,-66.64
101839,S705,Streaming subscription,3,2024-02-15,22.61,C92334,United Kingdom,67.83
101822,S638,Streaming subscription,3,2024-02-15,20.64,C88202,France,61.92
101831,S818,Streaming subscription,5,2024-02-15,31.72,C46136,Germany,158.6
101821,S633,Streaming subscription,3,2024-02-15,22.37,C92498,France,67.11
101840,S393,Streaming subscription,1,2024-02-15,32.68,C92710,United Kingdom,32.68
101819,S355,Streaming subscription,-2,2024-02-15,18.8,C20300,France,-37.6
101801,S413,Streaming subscription,3,2024-02-15,20.01,C48882,Australia,60.03
101802,S662,Streaming subscription,1,2024-02-15,13.8,C48931,Australia,13.8
101803,S284,Streaming subscription,2,2024-02-15,17.33,C51198,Australia,34.66
101804,S389,Streaming subscription,5,2024-02-15,17.32,C73342,Australia,86.6
101805,S355,Streaming subscription,5,2024-02-15,22.17,C70514,Australia,110.85000000000001
101806,S561,Streaming subscription,5,2024-02-15,17.19,C73515,Australia,85.95
101807,S883,Streaming subscription,1,2024-02-15,18.4,C65041,Australia,18.4
101808,S228,Streaming subscription,1,2024-02-15,19.59,C21553,Australia,19.59
101809,S977,Streaming subscription,5,2024-02-15,13.67,C59468,Canada,68.35
101820,S455,Streaming subscription,2,2024-02-15,25.03,C93391,France,50.06
101811,S782,Streaming subscription,1,2024-02-15,15.16,C11931,Canada,15.16
101812,S382,Streaming subscription,3,2024-02-15,12.37,C28691,Canada,37.11
101813,S102,Streaming subscription,1,2024-02-15,14.3,C20605,Canada,14.3
101814,S509,Streaming subscription,4,2024-02-15,20.39,C68418,Canada,81.56
101815,S290,Streaming subscription,1,2024-02-15,16.84,C57397,Canada,16.84
101816,S936,Streaming subscription,3,2024-02-15,19.52,C24173,Canada,58.56
101817,S504,Streaming subscription,1,2024-02-15,17.0,C65285,France,17.0
101818,S724,Streaming subscription,4,2024-02-15,17.62,C70252,France,70.48
101810,S439,Streaming subscription,4,2024-02-15,19.02,C64100,Canada,76.08
101868,S170,Streaming subscription,2,2024-02-16,25.17,C19504,Germany,50.34
101867,S202,Streaming subscription,-2,2024-02-16,25.14,C99855,Germany,-50.28
101863,S767,Streaming subscription,4,2024-02-16,20.63,C33157,France,82.52
101865,S466,Streaming subscription,3,2024-02-16,24.28,C49131,Germany,72.84
101864,S103,Streaming subscription,3,2024-02-16,23.37,C39584,France,70.11
101869,S878,Streaming subscription,4,2024-02-16,29.42,C37409,Germany,117.68
101866,S822,Streaming subscription,2,2024-02-16,28.8,C46257,Germany,57.6
101870,S481,Streaming subscription,1,2024-02-16,28.79,C55854,Germany,28.79
101875,S695,Streaming subscription,3,2024-02-16,32.88,C70952,United Kingdom,98.64000000000001
101872,S114,Streaming subscription,3,2024-02-16,29.57,C34027,Germany,88.71000000000001
101873,S112,Streaming subscription,-2,2024-02-16,29.53,C48511,United Kingdom,-59.06
101874,S111,Streaming subscription,4,2024-02-16,29.3,C56950,United Kingdom,117.2
101876,S154,Streaming subscription,4,2024-02-16,28.64,C30155,United Kingdom,114.56
101877,S932,Streaming subscription,4,2024-02-16,28.88,C73219,United Kingdom,115.52
101878,S737,Streaming subscription,-2,2024-02-16,29.24,C83642,United Kingdom,-58.48
101879,S285,Streaming subscription,3,2024-02-16,25.31,C18406,United Kingdom,75.92999999999999
101862,S962,Streaming subscription,1,2024-02-16,15.54,C64943,France,15.54
101871,S200,Streaming subscription,1,2024-02-16,30.13,C37122,Germany,30.13
101861,S472,Streaming subscription,3,2024-02-16,27.28,C97201,France,81.84
101880,S943,Streaming subscription,1,2024-02-16,26.46,C92496,United Kingdom,26.46
101859,S364,Streaming subscription,3,2024-02-16,16.29,C72937,France,48.87
101841,S325,Streaming subscription,4,2024-02-16,16.61,C14198,Australia,66.44
101842,S629,Streaming subscription,4,2024-02-16,23.72,C10881,Australia,94.88
101843,S283,Streaming subscription,1,2024-02-16,21.81,C23455,Australia,21.81
101844,S522,Streaming subscription,1,2024-02-16,26.81,C78078,Australia,26.81
101845,S316,Streaming subscription,2,2024-02-16,18.9,C50379,Australia,37.8
101846,S139,Streaming subscription,2,2024-02-16,16.62,C22939,Australia,33.24
101847,S111,Streaming subscription,5,2024-02-16,20.78,C56162,Australia,103.9
101848,S175,Streaming subscription,2,2024-02-16,18.35,C37619,Australia,36.7
101849,S556,Streaming subscription,4,2024-02-16,12.74,C25447,Canada,50.96
101860,S578,Streaming subscription,1,2024-02-16,20.26,C42196,France,20.26
101851,S239,Streaming subscription,4,2024-02-16,16.54,C93068,Canada,66.16
101852,S565,Streaming subscription,4,2024-02-16,15.84,C96778,Canada,63.36
101853,S949,Streaming subscription,1,2024-02-16,18.59,C35197,Canada,18.59
101854,S876,Streaming subscription,2,2024-02-16,21.24,C93330,Canada,42.48
101855,S492,Streaming subscription,1,2024-02-16,17.52,C86864,Canada,17.52
101856,S229,Streaming subscription,4,2024-02-16,16.01,C21594,Canada,64.04
101857,S575,Streaming subscription,3,2024-02-16,25.22,C94986,France,75.66
101858,S493,Streaming subscription,3,2024-02-16,24.92,C78658,France,74.76
101850,S210,Streaming subscription,3,2024-02-16,14.47,C93369,Canada,43.410000000000004
101908,S429,Streaming subscription,1,2024-02-17,23.05,C64979,Germany,23.05
101907,S638,Streaming subscription,2,2024-02-17,16.98,C78683,Germany,33.96
101906,S453,Streaming subscription,1,2024-02-17,16.65,C39870,Germany,16.65
101902,S126,Streaming subscription,3,2024-02-17,18.37,C45049,France,55.11
101904,S783,Streaming subscription,3,2024-02-17,19.76,C86866,France,59.28
101903,S131,Streaming subscription,2,2024-02-17,17.56,C16513,France,35.12
101909,S572,Streaming subscription,1,2024-02-17,14.18,C26783,Germany,14.18
101905,S815,Streaming subscription,2,2024-02-17,25.09,C22663,Germany,50.18
101910,S639,Streaming subscription,1,2024-02-17,22.45,C91897,Germany,22.45
101914,S423,Streaming subscription,2,2024-02-17,23.85,C52824,United Kingdom,47.7
101912,S970,Streaming subscription,5,2024-02-17,22.34,C13957,Germany,111.7
101913,S631,Streaming subscription,2,2024-02-17,22.22,C69375,United Kingdom,44.44
101915,S836,Streaming subscription,3,2024-02-17,23.29,C17953,United Kingdom,69.87
101916,S148,Streaming subscription,3,2024-02-17,26.88,C56474,United Kingdom,80.64
101917,S446,Streaming subscription,3,2024-02-17,26.54,C28171,United Kingdom,79.62
101918,S161,Streaming subscription,2,2024-02-17,20.57,C44572,United Kingdom,41.14
101919,S654,Streaming subscription,3,2024-02-17,26.4,C17665,United Kingdom,79.19999999999999
101901,S504,Streaming subscription,2,2024-02-17,17.24,C45275,France,34.48
101911,S494,Streaming subscription,3,2024-02-17,22.0,C36328,Germany,66.0
101920,S741,Streaming subscription,3,2024-02-17,28.22,C78242,United Kingdom,84.66
101900,S572,Streaming subscription,5,2024-02-17,8.22,C66268,France,41.1
101898,S656,Streaming subscription,4,2024-02-17,20.42,C87070,France,81.68
101899,S379,Streaming subscription,5,2024-02-17,18.0,C44478,France,90.0
101881,S379,Streaming subscription,1,2024-02-17,15.6,C66680,Australia,15.6
101882,S925,Streaming subscription,4,2024-02-17,14.84,C43922,Australia,59.36
101883,S639,Streaming subscription,1,2024-02-17,14.11,C32542,Australia,14.11
101884,S393,Streaming subscription,3,2024-02-17,12.97,C22220,Australia,38.910000000000004
101886,S897,Streaming subscription,5,2024-02-17,24.6,C86028,Australia,123.0
101887,S430,Streaming subscription,1,2024-02-17,19.45,C53280,Australia,19.45
101888,S406,Streaming subscription,3,2024-02-17,14.84,C49211,Australia,44.519999999999996
101885,S863,Streaming subscription,5,2024-02-17,16.66,C81101,Australia,83.3
101890,S135,Streaming subscription,4,2024-02-17,13.29,C84202,Canada,53.16
101889,S901,Streaming subscription,5,2024-02-17,11.49,C62833,Canada,57.45
101896,S407,Streaming subscription,4,2024-02-17,8.7,C51263,Canada,34.8
101895,S748,Streaming subscription,3,2024-02-17,12.7,C36950,Canada,38.099999999999994
101894,S531,Streaming subscription,3,2024-02-17,15.09,C21084,Canada,45.269999999999996
101897,S544,Streaming subscription,5,2024-02-17,17.32,C62539,France,86.6
101892,S629,Streaming subscription,5,2024-02-17,17.5,C50595,Canada,87.5
101891,S300,Streaming subscription,3,2024-02-17,10.68,C82268,Canada,32.04
101893,S152,Streaming subscription,4,2024-02-17,14.51,C43187,Canada,58.04
101949,S647,Streaming subscription,4,2024-02-18,20.98,C52732,Germany,83.92
101943,S139,Streaming subscription,4,2024-02-18,17.13,C57262,France,68.52
101944,S211,Streaming subscription,4,2024-02-18,24.34,C41512,France,97.36
101945,S303,Streaming subscription,1,2024-02-18,21.14,C90869,Germany,21.14
101946,S969,Streaming subscription,2,2024-02-18,23.95,C15660,Germany,47.9
101947,S686,Streaming subscription,5,2024-02-18,21.79,C75514,Germany,108.94999999999999
101948,S732,Streaming subscription,5,2024-02-18,17.13,C33789,Germany,85.64999999999999
101950,S300,Streaming subscription,2,2024-02-18,19.09,C23897,Germany,38.18
101942,S355,Streaming subscription,2,2024-02-18,16.52,C56584,France,33.04
101952,S951,Streaming subscription,3,2024-02-18,24.36,C74518,Germany,73.08
101953,S682,Streaming subscription,4,2024-02-18,19.73,C83538,United Kingdom,78.92
101954,S770,Streaming subscription,2,2024-02-18,28.05,C69502,United Kingdom,56.1
101955,S614,Streaming subscription,2,2024-02-18,19.74,C69993,United Kingdom,39.48
101956,S765,Streaming subscription,3,2024-02-18,26.36,C18119,United Kingdom,79.08
101957,S248,Streaming subscription,2,2024-02-18,26.84,C81189,United Kingdom,53.68
101958,S477,Streaming subscription,3,2024-02-18,24.02,C30073,United Kingdom,72.06
101959,S197,Streaming subscription,1,2024-02-18,24.3,C37806,United Kingdom,24.3
101951,S877,Streaming subscription,-1,2024-02-18,25.03,C64166,Germany,-25.03
101941,S295,Streaming subscription,2,2024-02-18,19.8,C17870,France,39.6
101960,S976,Streaming subscription,1,2024-02-18,30.6,C96193,United Kingdom,30.6
101939,S466,Streaming subscription,3,2024-02-18,17.33,C81615,France,51.989999999999995
101921,S860,Streaming subscription,2,2024-02-18,21.88,C69588,Australia,43.76
101922,S556,Streaming subscription,3,2024-02-18,16.51,C79541,Australia,49.53
101923,S270,Streaming subscription,5,2024-02-18,14.62,C53864,Australia,73.1
101924,S860,Streaming subscription,3,2024-02-18,15.33,C44162,Australia,45.99
101925,S895,Streaming subscription,1,2024-02-18,15.79,C17903,Australia,15.79
101926,S783,Streaming subscription,5,2024-02-18,19.37,C25114,Australia,96.85000000000001
101927,S356,Streaming subscription,4,2024-02-18,13.26,C75432,Australia,53.04
101928,S626,Streaming subscription,3,2024-02-18,14.16,C27108,Australia,42.480000000000004
101929,S211,Streaming subscription,1,2024-02-18,16.74,C98400,Canada,16.74
101940,S298,Streaming subscription,2,2024-02-18,14.46,C20110,France,28.92
101931,S601,Streaming subscription,2,2024-02-18,13.12,C75375,Canada,26.24
101938,S618,Streaming subscription,5,2024-02-18,20.3,C73829,France,101.5
101937,S299,Streaming subscription,4,2024-02-18,16.87,C45081,France,67.48
101936,S807,Streaming subscription,4,2024-02-18,20.84,C17178,Canada,83.36
101930,S790,Streaming subscription,5,2024-02-18,10.04,C61692,Canada,50.199999999999996
101934,S413,Streaming subscription,1,2024-02-18,16.71,C98503,Canada,16.71
101933,S331,Streaming subscription,1,2024-02-18,11.35,C92375,Canada,11.35
101932,S623,Streaming subscription,4,2024-02-18,20.75,C65655,Canada,83.0
101935,S905,Streaming subscription,5,2024-02-18,15.67,C18582,Canada,78.35
101990,S335,Streaming subscription,4,2024-02-19,20.43,C89831,Germany,81.72
101983,S455,Streaming subscription,-1,2024-02-19,26.41,C74632,France,-26.41
101984,S318,Streaming subscription,4,2024-02-19,24.16,C57351,France,96.64
101986,S980,Streaming subscription,3,2024-02-19,29.41,C63544,Germany,88.23
101987,S171,Streaming subscription,1,2024-02-19,23.9,C32595,Germany,23.9
101988,S641,Streaming subscription,-2,2024-02-19,23.49,C30603,Germany,-46.98
101989,S288,Streaming subscription,2,2024-02-19,32.8,C55040,Germany,65.6
101991,S933,Streaming subscription,2,2024-02-19,26.64,C46422,Germany,53.28
101996,S375,Streaming subscription,5,2024-02-19,28.14,C46596,United Kingdom,140.7
101993,S443,Streaming subscription,1,2024-02-19,33.01,C53662,United Kingdom,33.01
101994,S578,Streaming subscription,2,2024-02-19,24.71,C43222,United Kingdom,49.42
101995,S486,Streaming subscription,5,2024-02-19,28.96,C38485,United Kingdom,144.8
101982,S615,Streaming subscription,-2,2024-02-19,22.96,C57545,France,-45.92
101997,S253,Streaming subscription,3,2024-02-19,29.52,C22922,United Kingdom,88.56
101998,S893,Streaming subscription,1,2024-02-19,28.82,C74770,United Kingdom,28.82
101999,S951,Streaming subscription,3,2024-02-19,24.12,C18324,United Kingdom,72.36
102000,S458,Streaming subscription,4,2024-02-19,25.98,C57684,United Kingdom,103.92
101992,S982,Streaming subscription,1,2024-02-19,27.24,C96610,Germany,27.24
101981,S773,Streaming subscription,3,2024-02-19,20.74,C50901,France,62.22
101985,S559,Streaming subscription,1,2024-02-19,27.17,C98803,Germany,27.17
101979,S899,Streaming subscription,5,2024-02-19,25.27,C87746,France,126.35
101980,S767,Streaming subscription,3,2024-02-19,12.61,C56398,France,37.83
101962,S914,Streaming subscription,1,2024-02-19,17.75,C88697,Australia,17.75
101963,S556,Streaming subscription,2,2024-02-19,26.16,C59369,Australia,52.32
101964,S636,Streaming subscription,2,2024-02-19,20.07,C86574,Australia,40.14
101965,S852,Streaming subscription,4,2024-02-19,23.75,C90131,Australia,95.0
101966,S635,Streaming subscription,5,2024-02-19,25.42,C89584,Australia,127.10000000000001
101967,S338,Streaming subscription,4,2024-02-19,15.93,C35938,Australia,63.72
101968,S594,Streaming subscription,5,2024-02-19,13.8,C36214,Australia,69.0
101969,S492,Streaming subscription,2,2024-02-19,14.19,C45638,Canada,28.38
101961,S141,Streaming subscription,3,2024-02-19,18.61,C73606,Australia,55.83
101971,S762,Streaming subscription,1,2024-02-19,23.1,C79624,Canada,23.1
101970,S186,Streaming subscription,4,2024-02-19,13.84,C86683,Canada,55.36
101977,S164,Streaming subscription,1,2024-02-19,19.67,C33188,France,19.67
101976,S665,Streaming subscription,5,2024-02-19,12.61,C17102,Canada,63.05
101978,S915,Streaming subscription,4,2024-02-19,21.11,C23762,France,84.44
101974,S806,Streaming subscription,4,2024-02-19,20.19,C13870,Canada,80.76
101973,S883,Streaming subscription,3,2024-02-19,15.94,C27708,Canada,47.82
101972,S425,Streaming subscription,5,2024-02-19,21.69,C36478,Canada,108.45
101975,S995,Streaming subscription,5,2024-02-19,15.01,C38516,Canada,75.05
102023,S917,Streaming subscription,4,2024-02-20,15.24,C82783,France,60.96
102029,S225,Streaming subscription,4,2024-02-20,24.12,C10515,Germany,96.48
102024,S769,Streaming subscription,1,2024-02-20,16.24,C50588,France,16.24
102025,S416,Streaming subscription,1,2024-02-20,23.64,C50436,Germany,23.64
102026,S613,Streaming subscription,1,2024-02-20,21.31,C15459,Germany,21.31
102027,S541,Streaming subscription,3,2024-02-20,20.96,C58109,Germany,62.88
102028,S119,Streaming subscription,3,2024-02-20,25.33,C24730,Germany,75.99
102030,S203,Streaming subscription,2,2024-02-20,20.09,C62803,Germany,40.18
102035,S652,Streaming subscription,3,2024-02-20,30.95,C21760,United Kingdom,92.85
102032,S420,Streaming subscription,2,2024-02-20,19.68,C99573,Germany,39.36
102033,S606,Streaming subscription,2,2024-02-20,24.15,C69294,United Kingdom,48.3
102034,S573,Streaming subscription,2,2024-02-20,29.77,C15926,United Kingdom,59.54
102036,S894,Streaming subscription,3,2024-02-20,33.49,C18133,United Kingdom,100.47
102037,S983,Streaming subscription,-2,2024-02-20,23.98,C88794,United Kingdom,-47.96
102038,S142,Streaming subscription,4,2024-02-20,29.93,C13647,United Kingdom,119.72
102039,S256,Streaming subscription,5,2024-02-20,35.12,C98124,United Kingdom,175.6
102022,S754,Streaming subscription,2,2024-02-20,17.69,C17273,France,35.38
102031,S446,Streaming subscription,2,2024-02-20,24.48,C72093,Germany,48.96
102021,S414,Streaming subscription,5,2024-02-20,30.17,C78741,France,150.85000000000002
102040,S587,Streaming subscription,4,2024-02-20,27.63,C83373,United Kingdom,110.52
102019,S641,Streaming subscription,2,2024-02-20,27.81,C47981,France,55.62
102001,S816,Streaming subscription,2,2024-02-20,16.55,C50702,Australia,33.1
102002,S782,Streaming subscription,5,2024-02-20,24.91,C82813,Australia,124.55
102003,S854,Streaming subscription,2,2024-02-20,22.82,C94463,Australia,45.64
102004,S291,Streaming subscription,4,2024-02-20,20.35,C34440,Australia,81.4
102005,S262,Streaming subscription,1,2024-02-20,22.56,C74163,Australia,22.56
102006,S918,Streaming subscription,3,2024-02-20,17.22,C70852,Australia,51.66
102007,S336,Streaming subscription,1,2024-02-20,15.6,C17052,Australia,15.6
102008,S826,Streaming subscription,2,2024-02-20,19.46,C33050,Australia,38.92
102009,S614,Streaming subscription,5,2024-02-20,11.81,C42295,Canada,59.050000000000004
102020,S740,Streaming subscription,2,2024-02-20,22.83,C81301,France,45.66
102011,S232,Streaming subscription,3,2024-02-20,17.2,C73313,Canada,51.599999999999994
102012,S635,Streaming subscription,4,2024-02-20,13.99,C90673,Canada,55.96
102013,S444,Streaming subscription,3,2024-02-20,13.63,C36414,Canada,40.89
102014,S959,Streaming subscription,-1,2024-02-20,17.79,C61883,Canada,-17.79
102015,S888,Streaming subscription,5,2024-02-20,19.19,C38541,Canada,95.95
102016,S512,Streaming subscription,5,2024-02-20,23.01,C97735,Canada,115.05000000000001
102017,S985,Streaming subscription,3,2024-02-20,21.06,C48011,France,63.17999999999999
102018,S378,Streaming subscription,1,2024-02-20,19.26,C53940,France,19.26
102010,S242,Streaming subscription,1,2024-02-20,17.25,C40372,Canada,17.25
102068,S211,Streaming subscription,2,2024-02-21,24.81,C46225,Germany,49.62
102067,S165,Streaming subscription,1,2024-02-21,23.59,C25360,Germany,23.59
102063,S845,Streaming subscription,1,2024-02-21,21.61,C66479,France,21.61
102065,S678,Streaming subscription,2,2024-02-21,19.72,C20277,Germany,39.44
102064,S656,Streaming subscription,5,2024-02-21,20.75,C91705,France,103.75
102069,S655,Streaming subscription,4,2024-02-21,22.78,C85027,Germany,91.12
102066,S820,Streaming subscription,5,2024-02-21,27.29,C50719,Germany,136.45
102070,S699,Streaming subscription,5,2024-02-21,26.95,C39431,Germany,134.75
102075,S449,Streaming subscription,3,2024-02-21,30.43,C97151,United Kingdom,91.28999999999999
102072,S249,Streaming subscription,5,2024-02-21,31.11,C97123,Germany,155.55
102073,S485,Streaming subscription,2,2024-02-21,28.0,C62727,United Kingdom,56.0
102074,S357,Streaming subscription,2,2024-02-21,30.03,C69216,United Kingdom,60.06
102076,S215,Streaming subscription,3,2024-02-21,29.24,C59212,United Kingdom,87.72
102077,S356,Streaming subscription,3,2024-02-21,29.63,C42310,United Kingdom,88.89
102078,S760,Streaming subscription,2,2024-02-21,30.14,C52905,United Kingdom,60.28
102079,S337,Streaming subscription,3,2024-02-21,29.27,C66194,United Kingdom,87.81
102062,S283,Streaming subscription,3,2024-02-21,25.48,C34037,France,76.44
102071,S142,Streaming subscription,2,2024-02-21,28.66,C97090,Germany,57.32
102061,S921,Streaming subscription,1,2024-02-21,24.05,C39741,France,24.05
102080,S205,Streaming subscription,1,2024-02-21,34.96,C54005,United Kingdom,34.96
102059,S650,Streaming subscription,3,2024-02-21,17.36,C14502,France,52.08
102060,S231,Streaming subscription,1,2024-02-21,21.36,C93922,France,21.36
102041,S161,Streaming subscription,5,2024-02-21,24.23,C93421,Australia,121.15
102042,S497,Streaming subscription,2,2024-02-21,24.41,C27832,Australia,48.82
102043,S570,Streaming subscription,1,2024-02-21,20.88,C73501,Australia,20.88
102044,S866,Streaming subscription,1,2024-02-21,21.34,C27267,Australia,21.34
102045,S988,Streaming subscription,4,2024-02-21,22.21,C79192,Australia,88.84
102047,S427,Streaming subscription,5,2024-02-21,20.48,C43708,Australia,102.4
102048,S516,Streaming subscription,5,2024-02-21,22.57,C73322,Australia,112.85
102049,S837,Streaming subscription,4,2024-02-21,19.99,C22811,Canada,79.96
102046,S626,Streaming subscription,1,2024-02-21,14.06,C80374,Australia,14.06
102051,S580,Streaming subscription,4,2024-02-21,16.88,C42095,Canada,67.52
102050,S974,Streaming subscription,5,2024-02-21,18.15,C64085,Canada,90.75
102057,S925,Streaming subscription,3,2024-02-21,23.17,C86091,France,69.51
102056,S339,Streaming subscription,4,2024-02-21,13.05,C87401,Canada,52.2
102055,S605,Streaming subscription,4,2024-02-21,14.49,C39437,Canada,57.96
102058,S420,Streaming subscription,4,2024-02-21,21.86,C69107,France,87.44
102053,S916,Streaming subscription,2,2024-02-21,21.01,C77961,Canada,42.02
102052,S384,Streaming subscription,4,2024-02-21,18.78,C50346,Canada,75.12
102054,S288,Streaming subscription,5,2024-02-21,19.78,C12016,Canada,98.9
102102,S674,Streaming subscription,5,2024-02-22,20.6,C22078,France,103.0
102103,S108,Streaming subscription,5,2024-02-22,21.19,C52821,France,105.95
102104,S449,Streaming subscription,2,2024-02-22,27.13,C89204,France,54.26
102105,S836,Streaming subscription,4,2024-02-22,29.73,C74533,Germany,118.92
102107,S524,Streaming subscription,3,2024-02-22,27.92,C67437,Germany,83.76
102108,S759,Streaming subscription,2,2024-02-22,27.75,C96022,Germany,55.5
102109,S584,Streaming subscription,2,2024-02-22,22.21,C86556,Germany,44.42
102110,S255,Streaming subscription,1,2024-02-22,24.88,C61518,Germany,24.88
102111,S134,Streaming subscription,4,2024-02-22,24.2,C41731,Germany,96.8
102113,S637,Streaming subscription,2,2024-02-22,27.77,C42713,United Kingdom,55.54
102101,S245,Streaming subscription,3,2024-02-22,25.44,C93988,France,76.32000000000001
102115,S531,Streaming subscription,1,2024-02-22,30.84,C42945,United Kingdom,30.84
102116,S120,Streaming subscription,5,2024-02-22,30.06,C59510,United Kingdom,150.29999999999998
102117,S791,Streaming subscription,1,2024-02-22,27.79,C45682,United Kingdom,27.79
102118,S214,Streaming subscription,2,2024-02-22,29.73,C11948,United Kingdom,59.46
102119,S951,Streaming subscription,1,2024-02-22,27.33,C70445,United Kingdom,27.33
102120,S587,Streaming subscription,4,2024-02-22,35.59,C69557,United Kingdom,142.36
102112,S939,Streaming subscription,1,2024-02-22,20.3,C80316,Germany,20.3
102114,S501,Streaming subscription,2,2024-02-22,26.91,C56923,United Kingdom,53.82
102106,S431,Streaming subscription,1,2024-02-22,27.24,C43247,Germany,27.24
102098,S288,Streaming subscription,2,2024-02-22,22.41,C18687,France,44.82
102099,S194,Streaming subscription,1,2024-02-22,18.97,C72946,France,18.97
102081,S445,Streaming subscription,5,2024-02-22,22.78,C11529,Australia,113.9
102082,S749,Streaming subscription,2,2024-02-22,21.8,C79307,Australia,43.6
102083,S906,Streaming subscription,4,2024-02-22,22.72,C23120,Australia,90.88
102084,S494,Streaming subscription,1,2024-02-22,17.44,C92243,Australia,17.44
102085,S931,Streaming subscription,5,2024-02-22,24.17,C88566,Australia,120.85000000000001
102086,S692,Streaming subscription,3,2024-02-22,25.01,C23130,Australia,75.03
102087,S171,Streaming subscription,1,2024-02-22,23.53,C46612,Australia,23.53
102088,S666,Streaming subscription,2,2024-02-22,22.5,C95048,Australia,45.0
102100,S721,Streaming subscription,3,2024-02-22,18.34,C99337,France,55.019999999999996
102090,S548,Streaming subscription,3,2024-02-22,17.04,C30180,Canada,51.12
102089,S156,Streaming subscription,2,2024-02-22,21.42,C47609,Canada,42.84
102096,S753,Streaming subscription,2,2024-02-22,15.72,C18564,Canada,31.44
102095,S962,Streaming subscription,1,2024-02-22,18.79,C56862,Canada,18.79
102097,S634,Streaming subscription,1,2024-02-22,23.6,C50108,France,23.6
102093,S387,Streaming subscription,4,2024-02-22,19.18,C25119,Canada,76.72
102092,S509,Streaming subscription,4,2024-02-22,11.43,C45091,Canada,45.72
102091,S334,Streaming subscription,5,2024-02-22,15.45,C30523,Canada,77.25
102094,S827,Streaming subscription,2,2024-02-22,16.26,C11231,Canada,32.52
102142,S982,Streaming subscription,-2,2024-02-23,17.61,C58258,France,-35.22
102149,S463,Streaming subscription,3,2024-02-23,29.29,C19185,Germany,87.87
102143,S429,Streaming subscription,-2,2024-02-23,19.91,C22713,France,-39.82
102144,S909,Streaming subscription,2,2024-02-23,13.97,C81157,France,27.94
102145,S598,Streaming subscription,3,2024-02-23,26.12,C64027,Germany,78.36
102146,S134,Streaming subscription,5,2024-02-23,20.88,C43401,Germany,104.39999999999999
102147,S914,Streaming subscription,4,2024-02-23,19.44,C29675,Germany,77.76
102148,S568,Streaming subscription,4,2024-02-23,26.9,C73332,Germany,107.6
102150,S489,Streaming subscription,5,2024-02-23,25.26,C90758,Germany,126.30000000000001
102154,S263,Streaming subscription,5,2024-02-23,27.71,C75358,United Kingdom,138.55
102152,S153,Streaming subscription,2,2024-02-23,26.76,C76800,Germany,53.52
102153,S700,Streaming subscription,1,2024-02-23,29.07,C88696,United Kingdom,29.07
102155,S859,Streaming subscription,5,2024-02-23,26.8,C50936,United Kingdom,134.0
102156,S407,Streaming subscription,1,2024-02-23,30.62,C14970,United Kingdom,30.62
102157,S951,Streaming subscription,1,2024-02-23,28.75,C44270,United Kingdom,28.75
102158,S943,Streaming subscription,5,2024-02-23,29.85,C89822,United Kingdom,149.25
102159,S727,Streaming subscription,-2,2024-02-23,34.2,C54722,United Kingdom,-68.4
102141,S978,Streaming subscription,3,2024-02-23,21.95,C64683,France,65.85
102151,S986,Streaming subscription,1,2024-02-23,26.81,C45731,Germany,26.81
102160,S953,Streaming subscription,4,2024-02-23,32.9,C17998,United Kingdom,131.6
102140,S219,Streaming subscription,5,2024-02-23,19.74,C91555,France,98.69999999999999
102138,S166,Streaming subscription,5,2024-02-23,21.8,C36383,France,109.0
102139,S208,Streaming subscription,1,2024-02-23,17.8,C98321,France,17.8
102121,S121,Streaming subscription,3,2024-02-23,20.79,C61496,Australia,62.37
102122,S670,Streaming subscription,1,2024-02-23,17.57,C76200,Australia,17.57
102123,S967,Streaming subscription,2,2024-02-23,25.97,C12778,Australia,51.94
102124,S377,Streaming subscription,3,2024-02-23,25.71,C15342,Australia,77.13
102126,S659,Streaming subscription,5,2024-02-23,19.57,C11772,Australia,97.85
102127,S153,Streaming subscription,5,2024-02-23,26.79,C94202,Australia,133.95
102128,S614,Streaming subscription,1,2024-02-23,17.23,C80245,Australia,17.23
102125,S727,Streaming subscription,4,2024-02-23,24.86,C14290,Australia,99.44
102130,S724,Streaming subscription,1,2024-02-23,21.6,C14098,Canada,21.6
102129,S793,Streaming subscription,4,2024-02-23,17.28,C72979,Canada,69.12
102136,S671,Streaming subscription,4,2024-02-23,18.72,C71476,Canada,74.88
102135,S201,Streaming subscription,2,2024-02-23,16.95,C61174,Canada,33.9
102134,S343,Streaming subscription,3,2024-02-23,15.12,C14917,Canada,45.36
102137,S926,Streaming subscription,5,2024-02-23,24.64,C65671,France,123.2
102132,S514,Streaming subscription,5,2024-02-23,17.3,C95188,Canada,86.5
102131,S399,Streaming subscription,2,2024-02-23,21.89,C40264,Canada,43.78
102133,S444,Streaming subscription,4,2024-02-23,15.83,C52994,Canada,63.32
102190,S726,Streaming subscription,5,2024-02-24,23.08,C62449,Germany,115.39999999999999
102183,S791,Streaming subscription,4,2024-02-24,17.16,C61058,France,68.64
102184,S816,Streaming subscription,5,2024-02-24,20.93,C87094,France,104.65
102185,S453,Streaming subscription,5,2024-02-24,17.95,C93078,Germany,89.75
102186,S866,Streaming subscription,4,2024-02-24,21.13,C49434,Germany,84.52
102187,S400,Streaming subscription,1,2024-02-24,28.09,C57747,Germany,28.09
102188,S328,Streaming subscription,2,2024-02-24,25.16,C18267,Germany,50.32
102189,S496,Streaming subscription,1,2024-02-24,22.98,C63089,Germany,22.98
102191,S586,Streaming subscription,1,2024-02-24,23.88,C61240,Germany,23.88
102200,S281,Streaming subscription,4,2024-02-24,30.13,C28112,United Kingdom,120.52
102193,S863,Streaming subscription,3,2024-02-24,23.83,C62521,United Kingdom,71.49
102194,S508,Streaming subscription,1,2024-02-24,28.05,C60888,United Kingdom,28.05
102195,S415,Streaming subscription,5,2024-02-24,27.7,C70995,United Kingdom,138.5
102196,S754,Streaming subscription,-2,2024-02-24,25.76,C21082,United Kingdom,-51.52
102197,S496,Streaming subscription,2,2024-02-24,29.91,C14699,United Kingdom,59.82
102198,S183,Streaming subscription,2,2024-02-24,30.02,C37713,United Kingdom,60.04
102199,S484,Streaming subscription,4,2024-02-24,22.71,C88626,United Kingdom,90.84
102182,S300,Streaming subscription,2,2024-02-24,20.92,C84778,France,41.84
102192,S275,Streaming subscription,5,2024-02-24,19.69,C91252,Germany,98.45
102181,S800,Streaming subscription,2,2024-02-24,17.61,C29012,France,35.22
102180,S106,Streaming subscription,3,2024-02-24,10.22,C49133,France,30.660000000000004
102179,S484,Streaming subscription,1,2024-02-24,18.85,C69717,France,18.85
102162,S724,Streaming subscription,4,2024-02-24,17.83,C40886,Australia,71.32
102163,S722,Streaming subscription,2,2024-02-24,21.68,C83779,Australia,43.36
102164,S299,Streaming subscription,5,2024-02-24,19.57,C52910,Australia,97.85
102165,S993,Streaming subscription,2,2024-02-24,18.53,C79875,Australia,37.06
102166,S228,Streaming subscription,1,2024-02-24,15.8,C25035,Australia,15.8
102167,S526,Streaming subscription,5,2024-02-24,20.23,C23081,Australia,101.15
102168,S505,Streaming subscription,4,2024-02-24,16.0,C47984,Australia,64.0
102169,S328,Streaming subscription,4,2024-02-24,15.18,C25648,Canada,60.72
102161,S646,Streaming subscription,1,2024-02-24,19.19,C73429,Australia,19.19
102171,S285,Streaming subscription,3,2024-02-24,14.19,C92032,Canada,42.57
102172,S974,Streaming subscription,3,2024-02-24,8.3,C60689,Canada,24.900000000000002
102173,S850,Streaming subscription,-2,2024-02-24,13.82,C76971,Canada,-27.64
102174,S465,Streaming subscription,3,2024-02-24,18.04,C43175,Canada,54.12
102175,S128,Streaming subscription,1,2024-02-24,12.63,C95964,Canada,12.63
102176,S378,Streaming subscription,2,2024-02-24,8.34,C38599,Canada,16.68
102177,S846,Streaming subscription,4,2024-02-24,22.85,C96370,France,91.4
102178,S931,Streaming subscription,1,2024-02-24,20.0,C67806,France,20.0
102170,S940,Streaming subscription,4,2024-02-24,16.4,C14720,Canada,65.6
102228,S508,Streaming subscription,5,2024-02-25,19.99,C12646,Germany,99.94999999999999
102227,S211,Streaming subscription,5,2024-02-25,23.6,C13449,Germany,118.0
102223,S883,Streaming subscription,5,2024-02-25,23.97,C13502,France,119.85
102225,S629,Streaming subscription,5,2024-02-25,20.12,C99205,Germany,100.60000000000001
102224,S916,Streaming subscription,-1,2024-02-25,15.16,C26584,France,-15.16
102229,S396,Streaming subscription,1,2024-02-25,25.34,C69042,Germany,25.34
102226,S514,Streaming subscription,1,2024-02-25,22.33,C58774,Germany,22.33
102230,S339,Streaming subscription,2,2024-02-25,20.62,C73551,Germany,41.24
102235,S695,Streaming subscription,2,2024-02-25,23.85,C44095,United Kingdom,47.7
102232,S805,Streaming subscription,1,2024-02-25,21.69,C69028,Germany,21.69
102233,S625,Streaming subscription,3,2024-02-25,22.32,C87571,United Kingdom,66.96000000000001
102234,S816,Streaming subscription,2,2024-02-25,24.41,C95063,United Kingdom,48.82
102236,S243,Streaming subscription,4,2024-02-25,30.31,C42595,United Kingdom,121.24
102237,S985,Streaming subscription,5,2024-02-25,26.98,C48954,United Kingdom,134.9
102238,S747,Streaming subscription,5,2024-02-25,25.26,C89635,United Kingdom,126.30000000000001
102239,S145,Streaming subscription,3,2024-02-25,28.66,C61489,United Kingdom,85.98
102222,S812,Streaming subscription,4,2024-02-25,22.89,C76686,France,91.56
102231,S692,Streaming subscription,3,2024-02-25,20.96,C48112,Germany,62.88
102221,S136,Streaming subscription,5,2024-02-25,17.75,C33512,France,88.75
102240,S947,Streaming subscription,4,2024-02-25,25.93,C61832,United Kingdom,103.72
102219,S926,Streaming subscription,1,2024-02-25,18.21,C35772,France,18.21
102201,S330,Streaming subscription,2,2024-02-25,18.04,C44103,Australia,36.08
102202,S967,Streaming subscription,5,2024-02-25,16.81,C71313,Australia,84.05
102203,S118,Streaming subscription,3,2024-02-25,13.01,C55050,Australia,39.03
102204,S258,Streaming subscription,5,2024-02-25,20.81,C24145,Australia,104.05
102205,S141,Streaming subscription,4,2024-02-25,24.66,C44159,Australia,98.64
102206,S343,Streaming subscription,1,2024-02-25,22.33,C89287,Australia,22.33
102207,S772,Streaming subscription,2,2024-02-25,15.82,C71747,Australia,31.64
102208,S802,Streaming subscription,3,2024-02-25,23.0,C97464,Australia,69.0
102209,S718,Streaming subscription,1,2024-02-25,14.34,C73125,Canada,14.34
102220,S293,Streaming subscription,3,2024-02-25,22.81,C71477,France,68.42999999999999
102211,S712,Streaming subscription,3,2024-02-25,13.86,C51012,Canada,41.58
102212,S682,Streaming subscription,4,2024-02-25,13.23,C48910,Canada,52.92
102213,S928,Streaming subscription,2,2024-02-25,21.21,C81123,Canada,42.42
102214,S231,Streaming subscription,3,2024-02-25,13.68,C24269,Canada,41.04
102215,S470,Streaming subscription,5,2024-02-25,12.04,C72385,Canada,60.199999999999996
102216,S642,Streaming subscription,2,2024-02-25,19.73,C33013,Canada,39.46
102217,S930,Streaming subscription,4,2024-02-25,9.15,C88859,France,36.6
102218,S341,Streaming subscription,3,2024-02-25,21.87,C70819,France,65.61
102210,S325,Streaming subscription,4,2024-02-25,16.0,C10903,Canada,64.0
102268,S621,Streaming subscription,2,2024-02-26,26.84,C33726,Germany,53.68
102267,S316,Streaming subscription,3,2024-02-26,27.41,C36732,Germany,82.23
102263,S907,Streaming subscription,1,2024-02-26,23.61,C82107,France,23.61
102265,S855,Streaming subscription,3,2024-02-26,17.24,C60119,Germany,51.72
102264,S296,Streaming subscription,4,2024-02-26,19.95,C83380,France,79.8
102269,S951,Streaming subscription,2,2024-02-26,25.36,C80681,Germany,50.72
102266,S300,Streaming subscription,4,2024-02-26,28.5,C10203,Germany,114.0
102270,S399,Streaming subscription,3,2024-02-26,27.85,C96589,Germany,83.55000000000001
102275,S712,Streaming subscription,3,2024-02-26,33.37,C74370,United Kingdom,100.10999999999999
102272,S878,Streaming subscription,-2,2024-02-26,26.07,C79870,Germany,-52.14
102273,S292,Streaming subscription,3,2024-02-26,28.53,C85339,United Kingdom,85.59
102274,S253,Streaming subscription,3,2024-02-26,32.55,C89540,United Kingdom,97.64999999999999
102276,S979,Streaming subscription,2,2024-02-26,29.81,C91148,United Kingdom,59.62
102277,S776,Streaming subscription,2,2024-02-26,31.21,C73274,United Kingdom,62.42
102278,S941,Streaming subscription,4,2024-02-26,27.52,C45524,United Kingdom,110.08
102279,S188,Streaming subscription,2,2024-02-26,26.87,C68167,United Kingdom,53.74
102262,S995,Streaming subscription,3,2024-02-26,18.44,C60338,France,55.32000000000001
102271,S631,Streaming subscription,5,2024-02-26,22.28,C22950,Germany,111.4
102261,S149,Streaming subscription,3,2024-02-26,26.61,C54472,France,79.83
102280,S309,Streaming subscription,1,2024-02-26,34.22,C49655,United Kingdom,34.22
102259,S951,Streaming subscription,4,2024-02-26,21.19,C26694,France,84.76
102241,S860,Streaming subscription,1,2024-02-26,18.07,C75135,Australia,18.07
102242,S814,Streaming subscription,3,2024-02-26,21.4,C36644,Australia,64.19999999999999
102243,S601,Streaming subscription,1,2024-02-26,14.33,C33211,Australia,14.33
102244,S795,Streaming subscription,4,2024-02-26,20.7,C30595,Australia,82.8
102245,S293,Streaming subscription,1,2024-02-26,17.4,C75596,Australia,17.4
102246,S555,Streaming subscription,2,2024-02-26,26.05,C63754,Australia,52.1
102247,S325,Streaming subscription,1,2024-02-26,22.58,C89324,Australia,22.58
102248,S724,Streaming subscription,2,2024-02-26,22.28,C65254,Australia,44.56
102249,S897,Streaming subscription,2,2024-02-26,14.29,C83280,Canada,28.58
102260,S399,Streaming subscription,3,2024-02-26,20.07,C87755,France,60.21
102251,S946,Streaming subscription,2,2024-02-26,18.48,C35350,Canada,36.96
102252,S228,Streaming subscription,4,2024-02-26,15.73,C83270,Canada,62.92
102253,S558,Streaming subscription,4,2024-02-26,13.74,C45559,Canada,54.96
102254,S541,Streaming subscription,1,2024-02-26,17.4,C57244,Canada,17.4
102255,S112,Streaming subscription,4,2024-02-26,16.98,C83328,Canada,67.92
102256,S452,Streaming subscription,5,2024-02-26,25.15,C49961,Canada,125.75
102257,S458,Streaming subscription,4,2024-02-26,21.97,C45920,France,87.88
102258,S833,Streaming subscription,5,2024-02-26,22.65,C95044,France,113.25
102250,S476,Streaming subscription,4,2024-02-26,22.59,C19432,Canada,90.36
102308,S409,Streaming subscription,2,2024-02-27,26.44,C27696,Germany,52.88
102307,S782,Streaming subscription,5,2024-02-27,34.26,C31706,Germany,171.29999999999998
102306,S616,Streaming subscription,4,2024-02-27,26.38,C38490,Germany,105.52
102302,S792,Streaming subscription,3,2024-02-27,18.34,C36889,France,55.019999999999996
102304,S624,Streaming subscription,4,2024-02-27,23.32,C22440,France,93.28
102303,S778,Streaming subscription,2,2024-02-27,21.95,C64433,France,43.9
102309,S463,Streaming subscription,2,2024-02-27,32.65,C70481,Germany,65.3
102305,S297,Streaming subscription,5,2024-02-27,21.24,C56849,Germany,106.19999999999999
102310,S718,Streaming subscription,4,2024-02-27,29.38,C24402,Germany,117.52
102314,S328,Streaming subscription,5,2024-02-27,31.17,C30136,United Kingdom,155.85000000000002
102312,S585,Streaming subscription,1,2024-02-27,23.34,C71678,Germany,23.34
102313,S353,Streaming subscription,4,2024-02-27,28.42,C45271,United Kingdom,113.68
102315,S972,Streaming subscription,1,2024-02-27,31.9,C43650,United Kingdom,31.9
102316,S471,Streaming subscription,4,2024-02-27,26.48,C27040,United Kingdom,105.92
102317,S665,Streaming subscription,4,2024-02-27,38.55,C93212,United Kingdom,154.2
102318,S912,Streaming subscription,5,2024-02-27,32.58,C79931,United Kingdom,162.89999999999998
102319,S393,Streaming subscription,2,2024-02-27,35.67,C11977,United Kingdom,71.34
102301,S173,Streaming subscription,2,2024-02-27,25.25,C13977,France,50.5
102311,S310,Streaming subscription,2,2024-02-27,33.13,C63304,Germany,66.26
102320,S981,Streaming subscription,1,2024-02-27,31.76,C91591,United Kingdom,31.76
102300,S911,Streaming subscription,5,2024-02-27,25.47,C82720,France,127.35
102298,S948,Streaming subscription,5,2024-02-27,17.66,C80055,France,88.3
102299,S934,Streaming subscription,4,2024-02-27,27.21,C68476,France,108.84
102281,S500,Streaming subscription,5,2024-02-27,20.98,C47164,Australia,104.9
102282,S212,Streaming subscription,5,2024-02-27,24.15,C27841,Australia,120.75
102283,S817,Streaming subscription,3,2024-02-27,18.82,C98621,Australia,56.46
102284,S539,Streaming subscription,1,2024-02-27,21.88,C56655,Australia,21.88
102286,S169,Streaming subscription,2,2024-02-27,23.84,C58486,Australia,47.68
102287,S617,Streaming subscription,5,2024-02-27,20.31,C51643,Australia,101.55
102288,S191,Streaming subscription,2,2024-02-27,17.03,C19467,Australia,34.06
102285,S722,Streaming subscription,5,2024-02-27,16.5,C65373,Australia,82.5
102290,S169,Streaming subscription,3,2024-02-27,15.94,C30255,Canada,47.82
102289,S110,Streaming subscription,2,2024-02-27,24.9,C87306,Canada,49.8
102296,S399,Streaming subscription,4,2024-02-27,16.53,C43383,Canada,66.12
102295,S302,Streaming subscription,4,2024-02-27,17.69,C62412,Canada,70.76
102294,S366,Streaming subscription,3,2024-02-27,18.18,C24931,Canada,54.54
102297,S895,Streaming subscription,2,2024-02-27,20.66,C27583,France,41.32
102292,S752,Streaming subscription,1,2024-02-27,19.85,C78569,Canada,19.85
102291,S507,Streaming subscription,5,2024-02-27,19.78,C77383,Canada,98.9
102293,S425,Streaming subscription,2,2024-02-27,11.84,C64196,Canada,23.68
102349,S476,Streaming subscription,4,2024-02-28,21.2,C70060,Germany,84.8
102343,S620,Streaming subscription,3,2024-02-28,22.85,C19513,France,68.55000000000001
102344,S250,Streaming subscription,4,2024-02-28,25.14,C16090,France,100.56
102345,S769,Streaming subscription,2,2024-02-28,40.0,C10774,Germany,80.0
102346,S718,Streaming subscription,3,2024-02-28,25.01,C14094,Germany,75.03
102347,S993,Streaming subscription,2,2024-02-28,27.19,C73430,Germany,54.38
102348,S453,Streaming subscription,1,2024-02-28,23.02,C78440,Germany,23.02
102350,S433,Streaming subscription,4,2024-02-28,24.36,C36983,Germany,97.44
102342,S932,Streaming subscription,4,2024-02-28,20.08,C15812,France,80.32
102352,S591,Streaming subscription,3,2024-02-28,29.14,C76934,Germany,87.42
102353,S126,Streaming subscription,2,2024-02-28,34.25,C58974,United Kingdom,68.5
102354,S156,Streaming subscription,5,2024-02-28,28.82,C78123,United Kingdom,144.1
102355,S688,Streaming subscription,2,2024-02-28,35.98,C82121,United Kingdom,71.96
102356,S527,Streaming subscription,4,2024-02-28,28.75,C96378,United Kingdom,115.0
102357,S355,Streaming subscription,1,2024-02-28,28.24,C71643,United Kingdom,28.24
102358,S844,Streaming subscription,2,2024-02-28,33.97,C46710,United Kingdom,67.94
102359,S400,Streaming subscription,4,2024-02-28,33.6,C70464,United Kingdom,134.4
102351,S987,Streaming subscription,2,2024-02-28,25.44,C28424,Germany,50.88
102341,S868,Streaming subscription,2,2024-02-28,28.49,C77277,France,56.98
102360,S418,Streaming subscription,5,2024-02-28,27.1,C37471,United Kingdom,135.5
102339,S874,Streaming subscription,1,2024-02-28,29.25,C53876,France,29.25
102321,S703,Streaming subscription,2,2024-02-28,15.9,C40153,Australia,31.8
102322,S673,Streaming subscription,5,2024-02-28,17.5,C22229,Australia,87.5
102323,S308,Streaming subscription,5,2024-02-28,23.85,C31339,Australia,119.25
102324,S156,Streaming subscription,1,2024-02-28,27.04,C21151,Australia,27.04
102325,S952,Streaming subscription,3,2024-02-28,20.07,C80524,Australia,60.21
102326,S394,Streaming subscription,2,2024-02-28,25.0,C47162,Australia,50.0
102327,S119,Streaming subscription,1,2024-02-28,23.64,C95441,Australia,23.64
102328,S689,Streaming subscription,3,2024-02-28,24.75,C65163,Australia,74.25
102329,S106,Streaming subscription,5,2024-02-28,13.03,C19920,Canada,65.14999999999999
102340,S241,Streaming subscription,2,2024-02-28,31.03,C90607,France,62.06
102331,S259,Streaming subscription,2,2024-02-28,16.05,C99512,Canada,32.1
102338,S698,Streaming subscription,5,2024-02-28,19.74,C98107,France,98.69999999999999
102337,S476,Streaming subscription,2,2024-02-28,25.44,C94567,France,50.88
102336,S324,Streaming subscription,4,2024-02-28,18.55,C55414,Canada,74.2
102330,S931,Streaming subscription,5,2024-02-28,18.32,C77533,Canada,91.6
102334,S454,Streaming subscription,3,2024-02-28,18.28,C64700,Canada,54.84
102333,S133,Streaming subscription,1,2024-02-28,20.96,C14707,Canada,20.96
102332,S427,Streaming subscription,2,2024-02-28,21.73,C53500,Canada,43.46
102335,S582,Streaming subscription,5,2024-02-28,23.2,C79015,Canada,116.0
102390,S551,Streaming subscription,1,2024-02-29,25.02,C17104,Germany,25.02
102383,S595,Streaming subscription,2,2024-02-29,22.17,C60825,France,44.34
102384,S122,Streaming subscription,-1,2024-02-29,21.29,C50702,France,-21.29
102385,S684,Streaming subscription,5,2024-02-29,28.23,C80560,Germany,141.15
102387,S108,Streaming subscription,1,2024-02-29,28.06,C38934,Germany,28.06
102388,S214,Streaming subscription,-1,2024-02-29,32.51,C49052,Germany,-32.51
102389,S711,Streaming subscription,4,2024-02-29,23.38,C97094,Germany,93.52
102391,S956,Streaming subscription,2,2024-02-29,26.66,C73268,Germany,53.32
102396,S560,Streaming subscription,1,2024-02-29,33.35,C81421,United Kingdom,33.35
102393,S858,Streaming subscription,2,2024-02-29,32.63,C11976,United Kingdom,65.26
102394,S780,Streaming subscription,2,2024-02-29,31.87,C42474,United Kingdom,63.74
102395,S502,Streaming subscription,2,2024-02-29,30.54,C81329,United Kingdom,61.08
102382,S232,Streaming subscription,5,2024-02-29,21.47,C40840,France,107.35
102397,S503,Streaming subscription,3,2024-02-29,30.67,C19384,United Kingdom,92.01
102398,S807,Streaming subscription,1,2024-02-29,34.23,C59558,United Kingdom,34.23
102399,S795,Streaming subscription,2,2024-02-29,30.43,C79275,United Kingdom,60.86
102400,S406,Streaming subscription,1,2024-02-29,34.68,C28632,United Kingdom,34.68
102392,S597,Streaming subscription,3,2024-02-29,24.77,C69255,Germany,74.31
102381,S400,Streaming subscription,1,2024-02-29,26.57,C11385,France,26.57
102386,S477,Streaming subscription,2,2024-02-29,25.87,C26795,Germany,51.74
102379,S549,Streaming subscription,1,2024-02-29,23.11,C36972,France,23.11
102380,S932,Streaming subscription,1,2024-02-29,19.13,C87113,France,19.13
102362,S765,Streaming subscription,5,2024-02-29,21.27,C27964,Australia,106.35
102363,S572,Streaming subscription,3,2024-02-29,18.33,C84972,Australia,54.989999999999995
102364,S731,Streaming subscription,1,2024-02-29,22.01,C91089,Australia,22.01
102365,S535,Streaming subscription,3,2024-02-29,17.84,C90598,Australia,53.519999999999996
102366,S590,Streaming subscription,5,2024-02-29,25.66,C40088,Australia,128.3
102367,S205,Streaming subscription,2,2024-02-29,20.45,C34568,Australia,40.9
102368,S587,Streaming subscription,2,2024-02-29,20.75,C61879,Australia,41.5
102369,S750,Streaming subscription,2,2024-02-29,15.56,C44963,Canada,31.12
102361,S145,Streaming subscription,-1,2024-02-29,21.04,C73612,Australia,-21.04
102371,S381,Streaming subscription,5,2024-02-29,19.86,C22050,Canada,99.3
102370,S340,Streaming subscription,3,2024-02-29,24.38,C19748,Canada,73.14
102377,S938,Streaming subscription,4,2024-02-29,28.12,C36937,France,112.48
102376,S567,Streaming subscription,3,2024-02-29,19.24,C85086,Canada,57.72
102375,S780,Streaming subscription,4,2024-02-29,13.42,C48787,Canada,53.68
102378,S955,Streaming subscription,4,2024-02-29,23.91,C71716,France,95.64
102374,S698,Streaming subscription,4,2024-02-29,15.99,C59258,Canada,63.96
102373,S701,Streaming subscription,1,2024-02-29,20.05,C16471,Canada,20.05
102372,S626,Streaming subscription,5,2024-02-29,24.1,C60933,Canada,120.5
102430,S169,Streaming subscription,2,2024-03-01,26.17,C84779,Germany,52.34
102424,S459,Streaming subscription,3,2024-03-01,20.28,C71159,France,60.84
102425,S107,Streaming subscription,1,2024-03-01,27.88,C24113,Germany,27.88
102426,S625,Streaming subscription,3,2024-03-01,21.16,C37053,Germany,63.480000000000004
102427,S533,Streaming subscription,1,2024-03-01,34.16,C22614,Germany,34.16
102428,S493,Streaming subscription,2,2024-03-01,24.68,C12069,Germany,49.36
102429,S420,Streaming subscription,3,2024-03-01,28.08,C51085,Germany,84.24
102423,S952,Streaming subscription,4,2024-03-01,23.65,C82224,France,94.6
102431,S877,Streaming subscription,4,2024-03-01,23.37,C58269,Germany,93.48
102435,S657,Streaming subscription,4,2024-03-01,32.2,C20353,United Kingdom,128.8
102433,S131,Streaming subscription,4,2024-03-01,30.14,C77068,United Kingdom,120.56
102434,S334,Streaming subscription,4,2024-03-01,34.03,C26761,United Kingdom,136.12
102436,S669,Streaming subscription,5,2024-03-01,34.58,C85216,United Kingdom,172.89999999999998
102437,S262,Streaming subscription,1,2024-03-01,28.62,C64093,United Kingdom,28.62
102438,S276,Streaming subscription,1,2024-03-01,31.19,C83818,United Kingdom,31.19
102439,S329,Streaming subscription,1,2024-03-01,32.83,C47002,United Kingdom,32.83
102440,S877,Streaming subscription,5,2024-03-01,31.63,C44123,United Kingdom,158.15
102422,S907,Streaming subscription,4,2024-03-01,26.76,C27721,France,107.04
102432,S145,Streaming subscription,4,2024-03-01,29.17,C51572,Germany,116.68
102421,S513,Streaming subscription,5,2024-03-01,30.99,C43112,France,154.95
102406,S873,Streaming subscription,3,2024-03-01,24.14,C80115,Australia,72.42
102419,S885,Streaming subscription,4,2024-03-01,22.53,C76331,France,90.12
102420,S369,Streaming subscription,3,2024-03-01,15.34,C95907,France,46.019999999999996
102401,S937,Streaming subscription,3,2024-03-01,23.58,C90752,Australia,70.74
102402,S228,Streaming subscription,4,2024-03-01,20.48,C92288,Australia,81.92
102403,S869,Streaming subscription,-2,2024-03-01,21.69,C79986,Australia,-43.38
102404,S245,Streaming subscription,4,2024-03-01,25.84,C40729,Australia,103.36
102405,S320,Streaming subscription,2,2024-03-01,23.04,C95167,Australia,46.08
102407,S108,Streaming subscription,3,2024-03-01,17.41,C60599,Australia,52.230000000000004
102408,S934,Streaming subscription,4,2024-03-01,19.82,C12418,Australia,79.28
102409,S761,Streaming subscription,1,2024-03-01,9.47,C97086,Canada,9.47
102411,S755,Streaming subscription,5,2024-03-01,16.02,C33824,Canada,80.1
102412,S677,Streaming subscription,3,2024-03-01,18.83,C97609,Canada,56.489999999999995
102413,S830,Streaming subscription,5,2024-03-01,13.83,C20024,Canada,69.15
102414,S953,Streaming subscription,2,2024-03-01,22.46,C16350,Canada,44.92
102415,S972,Streaming subscription,1,2024-03-01,17.66,C97675,Canada,17.66
102416,S407,Streaming subscription,5,2024-03-01,17.88,C91590,Canada,89.39999999999999
102417,S401,Streaming subscription,3,2024-03-01,17.33,C64770,France,51.989999999999995
102418,S684,Streaming subscription,2,2024-03-01,20.75,C29960,France,41.5
102410,S473,Streaming subscription,3,2024-03-01,17.49,C13342,Canada,52.47
102468,S422,Streaming subscription,4,2024-03-02,23.42,C19939,Germany,93.68
102469,S768,Streaming subscription,2,2024-03-02,22.31,C53239,Germany,44.62
102467,S885,Streaming subscription,4,2024-03-02,23.78,C99120,Germany,95.12
102463,S448,Streaming subscription,2,2024-03-02,16.31,C80827,France,32.62
102465,S993,Streaming subscription,1,2024-03-02,22.15,C13566,Germany,22.15
102464,S743,Streaming subscription,1,2024-03-02,20.13,C43268,France,20.13
102470,S786,Streaming subscription,5,2024-03-02,25.39,C77788,Germany,126.95
102466,S821,Streaming subscription,3,2024-03-02,16.79,C36388,Germany,50.37
102471,S463,Streaming subscription,2,2024-03-02,24.46,C10765,Germany,48.92
102480,S171,Streaming subscription,4,2024-03-02,22.97,C60048,United Kingdom,91.88
102473,S800,Streaming subscription,3,2024-03-02,28.26,C87092,United Kingdom,84.78
102474,S800,Streaming subscription,1,2024-03-02,30.51,C50975,United Kingdom,30.51
102475,S393,Streaming subscription,3,2024-03-02,25.5,C22356,United Kingdom,76.5
102476,S313,Streaming subscription,5,2024-03-02,27.92,C24359,United Kingdom,139.60000000000002
102477,S112,Streaming subscription,2,2024-03-02,30.5,C19145,United Kingdom,61.0
102478,S342,Streaming subscription,5,2024-03-02,30.4,C76858,United Kingdom,152.0
102479,S189,Streaming subscription,3,2024-03-02,30.73,C60855,United Kingdom,92.19
102462,S215,Streaming subscription,3,2024-03-02,20.99,C25757,France,62.97
102472,S693,Streaming subscription,4,2024-03-02,24.59,C87172,Germany,98.36
102461,S225,Streaming subscription,2,2024-03-02,27.29,C47802,France,54.58
102445,S111,Streaming subscription,4,2024-03-02,23.43,C68037,Australia,93.72
102459,S580,Streaming subscription,3,2024-03-02,21.22,C24877,France,63.66
102441,S164,Streaming subscription,1,2024-03-02,19.19,C53086,Australia,19.19
102442,S334,Streaming subscription,4,2024-03-02,19.51,C26296,Australia,78.04
102443,S296,Streaming subscription,1,2024-03-02,19.84,C15165,Australia,19.84
102444,S387,Streaming subscription,1,2024-03-02,22.18,C67123,Australia,22.18
102446,S389,Streaming subscription,2,2024-03-02,21.44,C47214,Australia,42.88
102447,S235,Streaming subscription,1,2024-03-02,14.11,C26810,Australia,14.11
102448,S541,Streaming subscription,4,2024-03-02,15.15,C38673,Australia,60.6
102449,S408,Streaming subscription,2,2024-03-02,16.54,C93130,Canada,33.08
102460,S201,Streaming subscription,2,2024-03-02,18.81,C54766,France,37.62
102451,S176,Streaming subscription,4,2024-03-02,10.68,C16028,Canada,42.72
102450,S168,Streaming subscription,5,2024-03-02,16.73,C54474,Canada,83.65
102457,S612,Streaming subscription,1,2024-03-02,24.25,C39396,France,24.25
102456,S214,Streaming subscription,4,2024-03-02,14.59,C24989,Canada,58.36
102455,S503,Streaming subscription,4,2024-03-02,16.09,C32160,Canada,64.36
102458,S110,Streaming subscription,1,2024-03-02,19.03,C62454,France,19.03
102454,S797,Streaming subscription,5,2024-03-02,20.64,C44312,Canada,103.2
102453,S305,Streaming subscription,1,2024-03-02,17.34,C70503,Canada,17.34
102452,S414,Streaming subscription,1,2024-03-02,12.62,C43141,Canada,12.62
102509,S886,Streaming subscription,1,2024-03-03,23.08,C44825,Germany,23.08
102503,S451,Streaming subscription,2,2024-03-03,19.07,C75948,France,38.14
102504,S366,Streaming subscription,3,2024-03-03,18.63,C89388,France,55.89
102505,S960,Streaming subscription,1,2024-03-03,23.52,C60458,Germany,23.52
102506,S460,Streaming subscription,2,2024-03-03,23.9,C63635,Germany,47.8
102507,S160,Streaming subscription,1,2024-03-03,25.81,C85587,Germany,25.81
102508,S786,Streaming subscription,3,2024-03-03,24.07,C59450,Germany,72.21000000000001
102502,S257,Streaming subscription,5,2024-03-03,26.29,C97886,France,131.45
102510,S143,Streaming subscription,1,2024-03-03,21.98,C72136,Germany,21.98
102514,S132,Streaming subscription,3,2024-03-03,29.59,C73352,United Kingdom,88.77
102512,S549,Streaming subscription,-1,2024-03-03,23.0,C80312,Germany,-23.0
102513,S844,Streaming subscription,1,2024-03-03,26.02,C79922,United Kingdom,26.02
102515,S571,Streaming subscription,4,2024-03-03,35.14,C20777,United Kingdom,140.56
102516,S314,Streaming subscription,3,2024-03-03,25.85,C88416,United Kingdom,77.55000000000001
102517,S258,Streaming subscription,1,2024-03-03,26.12,C80549,United Kingdom,26.12
102518,S409,Streaming subscription,4,2024-03-03,29.4,C92066,United Kingdom,117.6
102501,S638,Streaming subscription,5,2024-03-03,21.11,C71509,France,105.55
102520,S431,Streaming subscription,5,2024-03-03,27.19,C77290,United Kingdom,135.95000000000002
102511,S254,Streaming subscription,4,2024-03-03,18.87,C34956,Germany,75.48
102519,S732,Streaming subscription,3,2024-03-03,31.37,C31116,United Kingdom,94.11
102500,S419,Streaming subscription,4,2024-03-03,17.95,C23262,France,71.8
102498,S412,Streaming subscription,1,2024-03-03,16.08,C17344,France,16.08
102499,S682,Streaming subscription,3,2024-03-03,25.47,C61541,France,76.41
102481,S159,Streaming subscription,4,2024-03-03,18.84,C26165,Australia,75.36
102482,S503,Streaming subscription,3,2024-03-03,20.32,C11349,Australia,60.96
102483,S613,Streaming subscription,2,2024-03-03,12.21,C96243,Australia,24.42
102484,S326,Streaming subscription,1,2024-03-03,24.47,C31166,Australia,24.47
102486,S895,Streaming subscription,5,2024-03-03,23.03,C59996,Australia,115.15
102487,S527,Streaming subscription,4,2024-03-03,21.2,C52967,Australia,84.8
102488,S639,Streaming subscription,3,2024-03-03,19.0,C24483,Australia,57.0
102485,S875,Streaming subscription,4,2024-03-03,19.77,C83694,Australia,79.08
102490,S122,Streaming subscription,-2,2024-03-03,14.36,C80966,Canada,-28.72
102489,S974,Streaming subscription,1,2024-03-03,14.75,C29124,Canada,14.75
102496,S552,Streaming subscription,5,2024-03-03,18.99,C26076,Canada,94.94999999999999
102495,S675,Streaming subscription,4,2024-03-03,5.0,C62761,Canada,20.0
102494,S179,Streaming subscription,4,2024-03-03,14.06,C46004,Canada,56.24
102497,S954,Streaming subscription,4,2024-03-03,16.37,C59373,France,65.48
102492,S632,Streaming subscription,5,2024-03-03,21.68,C95395,Canada,108.4
102491,S917,Streaming subscription,2,2024-03-03,15.15,C44512,Canada,30.3
102493,S381,Streaming subscription,2,2024-03-03,23.02,C29299,Canada,46.04
102549,S299,Streaming subscription,2,2024-03-04,31.28,C68556,Germany,62.56
102543,S839,Streaming subscription,1,2024-03-04,14.12,C94004,France,14.12
102544,S851,Streaming subscription,1,2024-03-04,29.5,C81121,France,29.5
102545,S133,Streaming subscription,4,2024-03-04,21.83,C54006,Germany,87.32
102560,S926,Streaming subscription,1,2024-03-04,34.49,C43016,United Kingdom,34.49
102547,S690,Streaming subscription,1,2024-03-04,31.37,C12901,Germany,31.37
102548,S503,Streaming subscription,4,2024-03-04,30.17,C15661,Germany,120.68
102550,S452,Streaming subscription,1,2024-03-04,28.54,C56678,Germany,28.54
102542,S447,Streaming subscription,1,2024-03-04,23.37,C84615,France,23.37
102552,S749,Streaming subscription,5,2024-03-04,25.74,C12694,Germany,128.7
102553,S423,Streaming subscription,5,2024-03-04,31.08,C40281,United Kingdom,155.39999999999998
102554,S924,Streaming subscription,3,2024-03-04,30.72,C38322,United Kingdom,92.16
102555,S395,Streaming subscription,3,2024-03-04,27.71,C60459,United Kingdom,83.13
102556,S424,Streaming subscription,5,2024-03-04,34.08,C29387,United Kingdom,170.39999999999998
102557,S113,Streaming subscription,1,2024-03-04,27.61,C37682,United Kingdom,27.61
102558,S158,Streaming subscription,1,2024-03-04,32.15,C50671,United Kingdom,32.15
102559,S447,Streaming subscription,5,2024-03-04,33.53,C62299,United Kingdom,167.65
102551,S489,Streaming subscription,2,2024-03-04,33.91,C53694,Germany,67.82
102541,S163,Streaming subscription,4,2024-03-04,25.76,C12870,France,103.04
102546,S126,Streaming subscription,3,2024-03-04,27.9,C83360,Germany,83.69999999999999
102539,S869,Streaming subscription,4,2024-03-04,23.59,C61259,France,94.36
102521,S733,Streaming subscription,3,2024-03-04,20.18,C58180,Australia,60.54
102522,S297,Streaming subscription,5,2024-03-04,19.99,C52739,Australia,99.94999999999999
102523,S409,Streaming subscription,-1,2024-03-04,25.97,C71353,Australia,-25.97
102524,S750,Streaming subscription,3,2024-03-04,19.8,C96651,Australia,59.400000000000006
102525,S441,Streaming subscription,5,2024-03-04,16.61,C85116,Australia,83.05
102526,S663,Streaming subscription,2,2024-03-04,20.72,C82856,Australia,41.44
102527,S632,Streaming subscription,-2,2024-03-04,19.53,C49353,Australia,-39.06
102528,S939,Streaming subscription,2,2024-03-04,21.77,C33777,Australia,43.54
102529,S948,Streaming subscription,4,2024-03-04,17.04,C14796,Canada,68.16
102540,S674,Streaming subscription,2,2024-03-04,18.36,C97835,France,36.72
102531,S258,Streaming subscription,2,2024-03-04,17.95,C97276,Canada,35.9
102538,S170,Streaming subscription,4,2024-03-04,25.12,C74908,France,100.48
102537,S216,Streaming subscription,2,2024-03-04,27.42,C36830,France,54.84
102536,S920,Streaming subscription,4,2024-03-04,15.5,C87068,Canada,62.0
102530,S750,Streaming subscription,5,2024-03-04,15.97,C30728,Canada,79.85000000000001
102534,S437,Streaming subscription,5,2024-03-04,24.82,C68346,Canada,124.1
102533,S470,Streaming subscription,4,2024-03-04,17.81,C31938,Canada,71.24
102532,S526,Streaming subscription,4,2024-03-04,10.43,C79354,Canada,41.72
102535,S474,Streaming subscription,2,2024-03-04,16.24,C38742,Canada,32.48
102590,S306,Streaming subscription,2,2024-03-05,25.72,C88392,Germany,51.44
102583,S198,Streaming subscription,3,2024-03-05,24.58,C54638,France,73.74
102584,S662,Streaming subscription,5,2024-03-05,21.8,C64477,France,109.0
102586,S144,Streaming subscription,3,2024-03-05,32.83,C34393,Germany,98.49
102587,S213,Streaming subscription,3,2024-03-05,31.91,C41102,Germany,95.73
102588,S414,Streaming subscription,2,2024-03-05,26.93,C75708,Germany,53.86
102589,S245,Streaming subscription,3,2024-03-05,24.14,C19678,Germany,72.42
102591,S450,Streaming subscription,5,2024-03-05,30.52,C54210,Germany,152.6
102596,S132,Streaming subscription,2,2024-03-05,32.79,C65186,United Kingdom,65.58
102593,S437,Streaming subscription,1,2024-03-05,35.17,C70938,United Kingdom,35.17
102594,S122,Streaming subscription,3,2024-03-05,32.81,C96645,United Kingdom,98.43
102595,S618,Streaming subscription,5,2024-03-05,38.13,C79605,United Kingdom,190.65
102582,S184,Streaming subscription,1,2024-03-05,25.46,C20919,France,25.46
102597,S214,Streaming subscription,3,2024-03-05,26.87,C98653,United Kingdom,80.61
102598,S770,Streaming subscription,3,2024-03-05,37.29,C52867,United Kingdom,111.87
102599,S943,Streaming subscription,4,2024-03-05,24.49,C56815,United Kingdom,97.96
102600,S332,Streaming subscription,4,2024-03-05,23.99,C45550,United Kingdom,95.96
102592,S457,Streaming subscription,2,2024-03-05,21.33,C91559,Germany,42.66
102581,S288,Streaming subscription,2,2024-03-05,25.48,C68460,France,50.96
102585,S147,Streaming subscription,3,2024-03-05,30.29,C70824,Germany,90.87
102579,S808,Streaming subscription,5,2024-03-05,16.93,C88494,France,84.65
102580,S413,Streaming subscription,5,2024-03-05,25.29,C72503,France,126.44999999999999
102562,S850,Streaming subscription,3,2024-03-05,26.06,C54282,Australia,78.17999999999999
102563,S432,Streaming subscription,3,2024-03-05,19.91,C64281,Australia,59.730000000000004
102564,S422,Streaming subscription,2,2024-03-05,25.05,C22704,Australia,50.1
102565,S710,Streaming subscription,2,2024-03-05,27.09,C69755,Australia,54.18
102566,S708,Streaming subscription,1,2024-03-05,28.91,C41516,Australia,28.91
102567,S937,Streaming subscription,5,2024-03-05,24.87,C40203,Australia,124.35000000000001
102568,S519,Streaming subscription,4,2024-03-05,26.87,C90649,Australia,107.48
102569,S592,Streaming subscription,2,2024-03-05,17.41,C33966,Canada,34.82
102561,S273,Streaming subscription,5,2024-03-05,21.21,C12995,Australia,106.05000000000001
102571,S174,Streaming subscription,4,2024-03-05,17.58,C30026,Canada,70.32
102570,S837,Streaming subscription,3,2024-03-05,16.2,C93253,Canada,48.599999999999994
102577,S463,Streaming subscription,3,2024-03-05,18.49,C86105,France,55.47
102576,S442,Streaming subscription,5,2024-03-05,14.81,C76404,Canada,74.05
102578,S239,Streaming subscription,1,2024-03-05,26.98,C83465,France,26.98
102574,S531,Streaming subscription,1,2024-03-05,13.5,C94611,Canada,13.5
102573,S985,Streaming subscription,3,2024-03-05,23.99,C56817,Canada,71.97
102572,S639,Streaming subscription,5,2024-03-05,24.11,C27979,Canada,120.55
102575,S381,Streaming subscription,4,2024-03-05,22.27,C83004,Canada,89.08
102623,S702,Streaming subscription,4,2024-03-06,27.81,C87042,France,111.24
102629,S754,Streaming subscription,1,2024-03-06,26.02,C94062,Germany,26.02
102624,S141,Streaming subscription,1,2024-03-06,26.55,C60229,France,26.55
102625,S145,Streaming subscription,5,2024-03-06,21.18,C25968,Germany,105.9
102626,S538,Streaming subscription,1,2024-03-06,28.74,C16296,Germany,28.74
102627,S941,Streaming subscription,3,2024-03-06,25.51,C46471,Germany,76.53
102628,S878,Streaming subscription,1,2024-03-06,24.63,C29697,Germany,24.63
102630,S686,Streaming subscription,1,2024-03-06,25.0,C88209,Germany,25.0
102635,S953,Streaming subscription,5,2024-03-06,31.89,C79898,United Kingdom,159.45
102632,S518,Streaming subscription,4,2024-03-06,20.76,C60359,Germany,83.04
102633,S703,Streaming subscription,2,2024-03-06,30.41,C60418,United Kingdom,60.82
102634,S328,Streaming subscription,1,2024-03-06,36.43,C29606,United Kingdom,36.43
102636,S185,Streaming subscription,1,2024-03-06,26.55,C49097,United Kingdom,26.55
102637,S771,Streaming subscription,1,2024-03-06,33.24,C57712,United Kingdom,33.24
102638,S567,Streaming subscription,3,2024-03-06,34.6,C88751,United Kingdom,103.80000000000001
102639,S121,Streaming subscription,4,2024-03-06,20.15,C65156,United Kingdom,80.6
102622,S157,Streaming subscription,2,2024-03-06,22.92,C19201,France,45.84
102631,S487,Streaming subscription,2,2024-03-06,21.52,C11203,Germany,43.04
102621,S372,Streaming subscription,3,2024-03-06,24.92,C88522,France,74.76
102640,S690,Streaming subscription,2,2024-03-06,24.44,C82337,United Kingdom,48.88
102619,S756,Streaming subscription,3,2024-03-06,35.37,C73503,France,106.10999999999999
102601,S764,Streaming subscription,3,2024-03-06,26.11,C54912,Australia,78.33
102602,S246,Streaming subscription,3,2024-03-06,17.77,C37627,Australia,53.31
102603,S970,Streaming subscription,2,2024-03-06,20.04,C66324,Australia,40.08
102604,S474,Streaming subscription,5,2024-03-06,15.87,C10894,Australia,79.35
102605,S487,Streaming subscription,5,2024-03-06,21.97,C19827,Australia,109.85
102606,S105,Streaming subscription,1,2024-03-06,17.6,C96830,Australia,17.6
102607,S222,Streaming subscription,5,2024-03-06,23.31,C97992,Australia,116.55
102608,S394,Streaming subscription,5,2024-03-06,27.05,C44213,Australia,135.25
102609,S112,Streaming subscription,1,2024-03-06,20.02,C79755,Canada,20.02
102620,S864,Streaming subscription,2,2024-03-06,22.2,C29443,France,44.4
102611,S788,Streaming subscription,4,2024-03-06,19.16,C20436,Canada,76.64
102612,S374,Streaming subscription,2,2024-03-06,21.75,C19921,Canada,43.5
102613,S907,Streaming subscription,4,2024-03-06,15.19,C54426,Canada,60.76
102614,S126,Streaming subscription,3,2024-03-06,17.85,C26975,Canada,53.550000000000004
102615,S457,Streaming subscription,3,2024-03-06,21.84,C66166,Canada,65.52
102616,S844,Streaming subscription,1,2024-03-06,22.52,C62443,Canada,22.52
102617,S274,Streaming subscription,4,2024-03-06,25.31,C28839,France,101.24
102618,S584,Streaming subscription,2,2024-03-06,23.68,C64449,France,47.36
102610,S802,Streaming subscription,4,2024-03-06,17.97,C67696,Canada,71.88
102668,S626,Streaming subscription,4,2024-03-07,31.33,C27285,Germany,125.32
102667,S742,Streaming subscription,4,2024-03-07,31.03,C28553,Germany,124.12
102663,S498,Streaming subscription,5,2024-03-07,19.47,C76313,France,97.35
102665,S355,Streaming subscription,1,2024-03-07,23.52,C64386,Germany,23.52
102664,S574,Streaming subscription,4,2024-03-07,29.48,C53112,France,117.92
102669,S345,Streaming subscription,3,2024-03-07,25.39,C56596,Germany,76.17
102666,S802,Streaming subscription,5,2024-03-07,26.66,C32201,Germany,133.3
102670,S259,Streaming subscription,3,2024-03-07,26.0,C57139,Germany,78.0
102675,S443,Streaming subscription,2,2024-03-07,33.26,C97603,United Kingdom,66.52
102672,S587,Streaming subscription,1,2024-03-07,27.24,C43934,Germany,27.24
102673,S645,Streaming subscription,2,2024-03-07,32.75,C82091,United Kingdom,65.5
102674,S699,Streaming subscription,3,2024-03-07,30.53,C63279,United Kingdom,91.59
102676,S888,Streaming subscription,2,2024-03-07,29.41,C26791,United Kingdom,58.82
102677,S994,Streaming subscription,1,2024-03-07,35.65,C28117,United Kingdom,35.65
102678,S658,Streaming subscription,5,2024-03-07,33.31,C61742,United Kingdom,166.55
102679,S174,Streaming subscription,-2,2024-03-07,26.7,C92392,United Kingdom,-53.4
102662,S420,Streaming subscription,4,2024-03-07,30.75,C54620,France,123.0
102671,S457,Streaming subscription,4,2024-03-07,23.96,C35434,Germany,95.84
102661,S696,Streaming subscription,1,2024-03-07,16.65,C40802,France,16.65
102680,S899,Streaming subscription,2,2024-03-07,28.59,C77924,United Kingdom,57.18
102659,S686,Streaming subscription,4,2024-03-07,20.99,C51752,France,83.96
102660,S737,Streaming subscription,4,2024-03-07,16.29,C74349,France,65.16
102641,S262,Streaming subscription,3,2024-03-07,17.85,C14844,Australia,53.550000000000004
102642,S103,Streaming subscription,5,2024-03-07,23.54,C74344,Australia,117.69999999999999
102643,S373,Streaming subscription,4,2024-03-07,18.61,C85013,Australia,74.44
102644,S727,Streaming subscription,5,2024-03-07,20.83,C48539,Australia,104.14999999999999
102645,S316,Streaming subscription,3,2024-03-07,17.92,C71745,Australia,53.760000000000005
102647,S238,Streaming subscription,4,2024-03-07,23.54,C50227,Australia,94.16
102648,S666,Streaming subscription,1,2024-03-07,22.32,C13165,Australia,22.32
102649,S940,Streaming subscription,2,2024-03-07,13.8,C78853,Canada,27.6
102646,S379,Streaming subscription,1,2024-03-07,15.18,C61277,Australia,15.18
102651,S873,Streaming subscription,4,2024-03-07,22.08,C29558,Canada,88.32
102650,S792,Streaming subscription,1,2024-03-07,17.98,C18875,Canada,17.98
102657,S410,Streaming subscription,2,2024-03-07,17.33,C60852,France,34.66
102656,S665,Streaming subscription,2,2024-03-07,21.76,C21265,Canada,43.52
102655,S978,Streaming subscription,5,2024-03-07,15.82,C11163,Canada,79.1
102658,S876,Streaming subscription,5,2024-03-07,20.47,C26848,France,102.35
102653,S972,Streaming subscription,1,2024-03-07,14.52,C54211,Canada,14.52
102652,S997,Streaming subscription,3,2024-03-07,16.57,C21693,Canada,49.71
102654,S934,Streaming subscription,3,2024-03-07,13.89,C88139,Canada,41.67
102702,S682,Streaming subscription,1,2024-03-08,23.25,C23148,France,23.25
102703,S118,Streaming subscription,1,2024-03-08,19.08,C25346,France,19.08
102704,S291,Streaming subscription,3,2024-03-08,20.68,C22615,France,62.04
102705,S151,Streaming subscription,3,2024-03-08,26.63,C99519,Germany,79.89
102707,S668,Streaming subscription,1,2024-03-08,23.01,C45797,Germany,23.01
102708,S180,Streaming subscription,3,2024-03-08,22.24,C59956,Germany,66.72
102709,S230,Streaming subscription,4,2024-03-08,24.62,C64856,Germany,98.48
102710,S963,Streaming subscription,1,2024-03-08,19.37,C30207,Germany,19.37
102711,S841,Streaming subscription,3,2024-03-08,24.22,C11146,Germany,72.66
102713,S751,Streaming subscription,4,2024-03-08,32.25,C36569,United Kingdom,129.0
102701,S572,Streaming subscription,3,2024-03-08,21.34,C31603,France,64.02
102715,S410,Streaming subscription,5,2024-03-08,32.75,C26247,United Kingdom,163.75
102716,S982,Streaming subscription,3,2024-03-08,34.0,C45282,United Kingdom,102.0
102717,S264,Streaming subscription,5,2024-03-08,32.21,C23957,United Kingdom,161.05
102718,S681,Streaming subscription,3,2024-03-08,40.0,C94870,United Kingdom,120.0
102719,S724,Streaming subscription,2,2024-03-08,31.32,C35924,United Kingdom,62.64
102720,S163,Streaming subscription,-2,2024-03-08,28.33,C22700,United Kingdom,-56.66
102712,S997,Streaming subscription,2,2024-03-08,25.94,C22328,Germany,51.88
102714,S306,Streaming subscription,4,2024-03-08,37.8,C26322,United Kingdom,151.2
102706,S388,Streaming subscription,3,2024-03-08,32.17,C16811,Germany,96.51
102698,S248,Streaming subscription,2,2024-03-08,18.03,C98743,France,36.06
102699,S957,Streaming subscription,5,2024-03-08,25.46,C12412,France,127.30000000000001
102681,S389,Streaming subscription,4,2024-03-08,16.35,C59433,Australia,65.4
102682,S641,Streaming subscription,2,2024-03-08,14.18,C77372,Australia,28.36
102683,S326,Streaming subscription,5,2024-03-08,21.03,C22012,Australia,105.15
102684,S485,Streaming subscription,5,2024-03-08,22.8,C95217,Australia,114.0
102685,S895,Streaming subscription,1,2024-03-08,17.91,C23381,Australia,17.91
102686,S790,Streaming subscription,1,2024-03-08,16.84,C97924,Australia,16.84
102687,S290,Streaming subscription,3,2024-03-08,26.23,C62378,Australia,78.69
102688,S874,Streaming subscription,4,2024-03-08,17.66,C66297,Australia,70.64
102700,S905,Streaming subscription,3,2024-03-08,23.54,C72869,France,70.62
102690,S220,Streaming subscription,1,2024-03-08,13.53,C32525,Canada,13.53
102689,S612,Streaming subscription,3,2024-03-08,18.15,C17834,Canada,54.449999999999996
102696,S370,Streaming subscription,3,2024-03-08,18.1,C54442,Canada,54.300000000000004
102695,S174,Streaming subscription,1,2024-03-08,13.88,C45219,Canada,13.88
102697,S924,Streaming subscription,1,2024-03-08,14.6,C36586,France,14.6
102693,S923,Streaming subscription,5,2024-03-08,17.6,C83552,Canada,88.0
102692,S926,Streaming subscription,5,2024-03-08,14.15,C22373,Canada,70.75
102691,S825,Streaming subscription,1,2024-03-08,14.23,C84232,Canada,14.23
102694,S193,Streaming subscription,3,2024-03-08,16.01,C55806,Canada,48.03
102742,S761,Streaming subscription,3,2024-03-09,21.77,C41398,France,65.31
102749,S178,Streaming subscription,2,2024-03-09,16.65,C10715,Germany,33.3
102743,S161,Streaming subscription,2,2024-03-09,23.45,C23784,France,46.9
102744,S298,Streaming subscription,2,2024-03-09,18.12,C29526,France,36.24
102745,S388,Streaming subscription,5,2024-03-09,21.62,C21439,Germany,108.10000000000001
102746,S778,Streaming subscription,3,2024-03-09,21.08,C48850,Germany,63.239999999999995
102747,S162,Streaming subscription,4,2024-03-09,19.19,C87353,Germany,76.76
102748,S817,Streaming subscription,3,2024-03-09,22.49,C31579,Germany,67.47
102750,S756,Streaming subscription,1,2024-03-09,26.29,C14335,Germany,26.29
102754,S492,Streaming subscription,-1,2024-03-09,31.83,C26238,United Kingdom,-31.83
102752,S325,Streaming subscription,2,2024-03-09,25.81,C73262,Germany,51.62
102753,S452,Streaming subscription,2,2024-03-09,26.04,C25859,United Kingdom,52.08
102755,S659,Streaming subscription,2,2024-03-09,28.37,C51318,United Kingdom,56.74
102756,S770,Streaming subscription,2,2024-03-09,24.74,C82312,United Kingdom,49.48
102757,S812,Streaming subscription,1,2024-03-09,28.39,C47298,United Kingdom,28.39
102758,S922,Streaming subscription,5,2024-03-09,25.88,C90255,United Kingdom,129.4
102759,S388,Streaming subscription,2,2024-03-09,26.97,C66942,United Kingdom,53.94
102741,S145,Streaming subscription,1,2024-03-09,18.83,C26713,France,18.83
102751,S157,Streaming subscription,2,2024-03-09,19.9,C31622,Germany,39.8
102760,S762,Streaming subscription,3,2024-03-09,19.09,C32021,United Kingdom,57.269999999999996
102740,S104,Streaming subscription,5,2024-03-09,25.57,C54672,France,127.85
102738,S463,Streaming subscription,3,2024-03-09,18.0,C34316,France,54.0
102721,S765,Streaming subscription,3,2024-03-09,21.13,C75924,Australia,63.39
102722,S953,Streaming subscription,2,2024-03-09,11.71,C23358,Australia,23.42
102723,S342,Streaming subscription,4,2024-03-09,23.35,C95433,Australia,93.4
102724,S694,Streaming subscription,3,2024-03-09,15.98,C71995,Australia,47.94
102725,S383,Streaming subscription,2,2024-03-09,14.53,C12192,Australia,29.06
102726,S613,Streaming subscription,5,2024-03-09,21.75,C81264,Australia,108.75
102727,S890,Streaming subscription,2,2024-03-09,15.14,C90528,Australia,30.28
102728,S190,Streaming subscription,5,2024-03-09,13.95,C55765,Australia,69.75
102739,S641,Streaming subscription,1,2024-03-09,25.18,C22680,France,25.18
102730,S863,Streaming subscription,1,2024-03-09,11.39,C55418,Canada,11.39
102737,S323,Streaming subscription,3,2024-03-09,26.76,C73048,France,80.28
102736,S969,Streaming subscription,2,2024-03-09,11.69,C16591,Canada,23.38
102735,S591,Streaming subscription,5,2024-03-09,15.63,C35098,Canada,78.15
102729,S150,Streaming subscription,3,2024-03-09,14.76,C51191,Canada,44.28
102733,S466,Streaming subscription,2,2024-03-09,15.54,C85126,Canada,31.08
102732,S143,Streaming subscription,3,2024-03-09,11.66,C67244,Canada,34.980000000000004
102731,S170,Streaming subscription,4,2024-03-09,10.66,C48306,Canada,42.64
102734,S168,Streaming subscription,3,2024-03-09,10.31,C95664,Canada,30.93
102790,S617,Streaming subscription,5,2024-03-10,18.47,C10051,Germany,92.35
102783,S967,Streaming subscription,3,2024-03-10,23.8,C91805,France,71.4
102784,S611,Streaming subscription,1,2024-03-10,20.12,C59777,France,20.12
102785,S850,Streaming subscription,5,2024-03-10,23.1,C11222,Germany,115.5
102787,S242,Streaming subscription,4,2024-03-10,26.57,C94739,Germany,106.28
102788,S250,Streaming subscription,4,2024-03-10,28.26,C55028,Germany,113.04
102789,S237,Streaming subscription,1,2024-03-10,22.35,C48115,Germany,22.35
102791,S806,Streaming subscription,2,2024-03-10,20.38,C42392,Germany,40.76
102796,S105,Streaming subscription,5,2024-03-10,30.28,C10952,United Kingdom,151.4
102793,S874,Streaming subscription,4,2024-03-10,27.85,C94775,United Kingdom,111.4
102794,S639,Streaming subscription,2,2024-03-10,28.52,C87938,United Kingdom,57.04
102795,S772,Streaming subscription,2,2024-03-10,24.31,C11909,United Kingdom,48.62
102782,S166,Streaming subscription,1,2024-03-10,14.68,C86547,France,14.68
102797,S906,Streaming subscription,4,2024-03-10,24.11,C58645,United Kingdom,96.44
102798,S395,Streaming subscription,4,2024-03-10,23.23,C92885,United Kingdom,92.92
102799,S302,Streaming subscription,1,2024-03-10,21.99,C90138,United Kingdom,21.99
102800,S120,Streaming subscription,3,2024-03-10,36.08,C59267,United Kingdom,108.24
102792,S235,Streaming subscription,4,2024-03-10,18.4,C84555,Germany,73.6
102781,S738,Streaming subscription,4,2024-03-10,22.76,C47252,France,91.04
102786,S646,Streaming subscription,1,2024-03-10,22.02,C42434,Germany,22.02
102779,S503,Streaming subscription,4,2024-03-10,19.17,C86271,France,76.68
102780,S273,Streaming subscription,5,2024-03-10,19.7,C30202,France,98.5
102762,S975,Streaming subscription,2,2024-03-10,15.21,C32507,Australia,30.42
102763,S686,Streaming subscription,5,2024-03-10,15.94,C88367,Australia,79.7
102764,S428,Streaming subscription,2,2024-03-10,12.12,C59013,Australia,24.24
102765,S799,Streaming subscription,3,2024-03-10,21.89,C31844,Australia,65.67
102766,S465,Streaming subscription,4,2024-03-10,16.43,C26293,Australia,65.72
102767,S564,Streaming subscription,4,2024-03-10,16.44,C20554,Australia,65.76
102768,S638,Streaming subscription,3,2024-03-10,17.25,C43800,Australia,51.75
102769,S294,Streaming subscription,2,2024-03-10,13.77,C85004,Canada,27.54
102761,S893,Streaming subscription,3,2024-03-10,20.14,C93781,Australia,60.42
102771,S646,Streaming subscription,2,2024-03-10,13.82,C94919,Canada,27.64
102770,S591,Streaming subscription,1,2024-03-10,16.89,C27242,Canada,16.89
102777,S123,Streaming subscription,1,2024-03-10,19.22,C18521,France,19.22
102776,S407,Streaming subscription,4,2024-03-10,16.45,C25703,Canada,65.8
102775,S790,Streaming subscription,2,2024-03-10,18.42,C70756,Canada,36.84
102778,S729,Streaming subscription,5,2024-03-10,24.9,C58039,France,124.5
102774,S134,Streaming subscription,5,2024-03-10,17.3,C49668,Canada,86.5
102773,S718,Streaming subscription,1,2024-03-10,19.34,C27674,Canada,19.34
102772,S585,Streaming subscription,1,2024-03-10,17.02,C64678,Canada,17.02
102830,S386,Streaming subscription,3,2024-03-11,19.57,C11951,Germany,58.71
102824,S405,Streaming subscription,4,2024-03-11,29.52,C54198,France,118.08
102825,S447,Streaming subscription,2,2024-03-11,15.18,C42034,Germany,30.36
102826,S501,Streaming subscription,5,2024-03-11,21.7,C24668,Germany,108.5
102827,S292,Streaming subscription,2,2024-03-11,27.42,C74010,Germany,54.84
102828,S282,Streaming subscription,3,2024-03-11,24.31,C44512,Germany,72.92999999999999
102829,S351,Streaming subscription,1,2024-03-11,26.82,C26296,Germany,26.82
102823,S556,Streaming subscription,4,2024-03-11,18.14,C83281,France,72.56
102831,S914,Streaming subscription,1,2024-03-11,26.93,C19284,Germany,26.93
102835,S287,Streaming subscription,5,2024-03-11,32.16,C68540,United Kingdom,160.79999999999998
102833,S837,Streaming subscription,4,2024-03-11,32.14,C38063,United Kingdom,128.56
102834,S995,Streaming subscription,1,2024-03-11,23.87,C25289,United Kingdom,23.87
102836,S618,Streaming subscription,3,2024-03-11,30.09,C91283,United Kingdom,90.27
102837,S943,Streaming subscription,1,2024-03-11,23.55,C66005,United Kingdom,23.55
102838,S284,Streaming subscription,-2,2024-03-11,33.26,C54951,United Kingdom,-66.52
102839,S660,Streaming subscription,2,2024-03-11,27.78,C72352,United Kingdom,55.56
102840,S967,Streaming subscription,3,2024-03-11,30.54,C96591,United Kingdom,91.62
102822,S110,Streaming subscription,4,2024-03-11,27.76,C98924,France,111.04
102832,S670,Streaming subscription,5,2024-03-11,26.79,C57668,Germany,133.95
102821,S476,Streaming subscription,5,2024-03-11,19.63,C35293,France,98.14999999999999
102806,S728,Streaming subscription,1,2024-03-11,18.72,C13020,Australia,18.72
102819,S623,Streaming subscription,4,2024-03-11,28.79,C40302,France,115.16
102820,S677,Streaming subscription,4,2024-03-11,15.86,C41409,France,63.44
102801,S808,Streaming subscription,5,2024-03-11,23.32,C43120,Australia,116.6
102802,S305,Streaming subscription,1,2024-03-11,20.19,C32742,Australia,20.19
102803,S393,Streaming subscription,5,2024-03-11,18.14,C36320,Australia,90.7
102804,S542,Streaming subscription,3,2024-03-11,13.63,C28420,Australia,40.89
102805,S580,Streaming subscription,4,2024-03-11,24.43,C18947,Australia,97.72
102807,S813,Streaming subscription,2,2024-03-11,20.56,C81877,Australia,41.12
102808,S321,Streaming subscription,4,2024-03-11,25.7,C88992,Australia,102.8
102809,S361,Streaming subscription,1,2024-03-11,17.95,C75136,Canada,17.95
102811,S806,Streaming subscription,3,2024-03-11,12.72,C27940,Canada,38.160000000000004
102812,S116,Streaming subscription,1,2024-03-11,19.98,C66856,Canada,19.98
102813,S593,Streaming subscription,1,2024-03-11,17.22,C40086,Canada,17.22
102814,S656,Streaming subscription,5,2024-03-11,9.87,C52893,Canada,49.349999999999994
102815,S769,Streaming subscription,1,2024-03-11,16.48,C20808,Canada,16.48
102816,S600,Streaming subscription,2,2024-03-11,25.21,C22878,Canada,50.42
102817,S169,Streaming subscription,-2,2024-03-11,22.59,C43609,France,-45.18
102818,S657,Streaming subscription,4,2024-03-11,20.71,C88182,France,82.84
102810,S823,Streaming subscription,4,2024-03-11,14.58,C30640,Canada,58.32
102868,S150,Streaming subscription,-1,2024-03-12,23.36,C47386,Germany,-23.36
102869,S805,Streaming subscription,3,2024-03-12,22.38,C90778,Germany,67.14
102867,S842,Streaming subscription,2,2024-03-12,21.48,C70363,Germany,42.96
102863,S954,Streaming subscription,1,2024-03-12,29.16,C91509,France,29.16
102865,S600,Streaming subscription,2,2024-03-12,29.57,C49403,Germany,59.14
102864,S673,Streaming subscription,5,2024-03-12,27.64,C86029,France,138.2
102870,S139,Streaming subscription,2,2024-03-12,32.23,C18148,Germany,64.46
102866,S906,Streaming subscription,4,2024-03-12,35.49,C10707,Germany,141.96
102871,S474,Streaming subscription,2,2024-03-12,22.51,C38609,Germany,45.02
102879,S722,Streaming subscription,1,2024-03-12,29.35,C62183,United Kingdom,29.35
102873,S809,Streaming subscription,2,2024-03-12,30.38,C95810,United Kingdom,60.76
102874,S914,Streaming subscription,5,2024-03-12,31.55,C23443,United Kingdom,157.75
102880,S413,Streaming subscription,5,2024-03-12,20.22,C20205,United Kingdom,101.1
102875,S847,Streaming subscription,1,2024-03-12,29.77,C89863,United Kingdom,29.77
102876,S270,Streaming subscription,5,2024-03-12,31.92,C46637,United Kingdom,159.60000000000002
102877,S632,Streaming subscription,1,2024-03-12,26.35,C69483,United Kingdom,26.35
102878,S884,Streaming subscription,3,2024-03-12,28.58,C35342,United Kingdom,85.74
102862,S361,Streaming subscription,1,2024-03-12,23.28,C10991,France,23.28
102872,S769,Streaming subscription,5,2024-03-12,24.56,C41924,Germany,122.8
102861,S166,Streaming subscription,1,2024-03-12,18.63,C14465,France,18.63
102846,S963,Streaming subscription,2,2024-03-12,15.74,C67911,Australia,31.48
102859,S492,Streaming subscription,-1,2024-03-12,29.49,C68365,France,-29.49
102860,S497,Streaming subscription,5,2024-03-12,23.95,C38112,France,119.75
102842,S470,Streaming subscription,5,2024-03-12,16.01,C69327,Australia,80.05000000000001
102843,S525,Streaming subscription,1,2024-03-12,20.23,C97454,Australia,20.23
102844,S894,Streaming subscription,4,2024-03-12,15.66,C50869,Australia,62.64
102845,S183,Streaming subscription,1,2024-03-12,23.6,C45674,Australia,23.6
102847,S437,Streaming subscription,3,2024-03-12,20.9,C82013,Australia,62.699999999999996
102848,S252,Streaming subscription,3,2024-03-12,14.62,C60729,Australia,43.86
102849,S439,Streaming subscription,1,2024-03-12,19.54,C56388,Canada,19.54
102841,S386,Streaming subscription,-2,2024-03-12,20.6,C72126,Australia,-41.2
102851,S903,Streaming subscription,4,2024-03-12,14.95,C84651,Canada,59.8
102852,S246,Streaming subscription,4,2024-03-12,11.14,C80799,Canada,44.56
102853,S203,Streaming subscription,1,2024-03-12,17.67,C88182,Canada,17.67
102854,S693,Streaming subscription,2,2024-03-12,18.73,C96276,Canada,37.46
102855,S786,Streaming subscription,1,2024-03-12,10.0,C79392,Canada,10.0
102856,S941,Streaming subscription,3,2024-03-12,14.17,C18580,Canada,42.51
102857,S539,Streaming subscription,2,2024-03-12,20.58,C87455,France,41.16
102858,S423,Streaming subscription,2,2024-03-12,15.07,C83277,France,30.14
102850,S302,Streaming subscription,5,2024-03-12,16.87,C21683,Canada,84.35000000000001
102908,S900,Streaming subscription,2,2024-03-13,24.99,C57553,Germany,49.98
102907,S397,Streaming subscription,3,2024-03-13,19.23,C26662,Germany,57.69
102903,S313,Streaming subscription,4,2024-03-13,29.48,C86658,France,117.92
102904,S642,Streaming subscription,5,2024-03-13,19.71,C37533,France,98.55000000000001
102909,S591,Streaming subscription,1,2024-03-13,29.17,C86138,Germany,29.17
102902,S481,Streaming subscription,4,2024-03-13,23.29,C56552,France,93.16
102905,S485,Streaming subscription,1,2024-03-13,30.04,C14168,Germany,30.04
102910,S412,Streaming subscription,5,2024-03-13,22.83,C51960,Germany,114.14999999999999
102914,S210,Streaming subscription,3,2024-03-13,32.39,C15179,United Kingdom,97.17
102912,S320,Streaming subscription,5,2024-03-13,20.83,C93098,Germany,104.14999999999999
102913,S221,Streaming subscription,3,2024-03-13,27.12,C55709,United Kingdom,81.36
102915,S582,Streaming subscription,1,2024-03-13,23.64,C99913,United Kingdom,23.64
102916,S740,Streaming subscription,2,2024-03-13,35.11,C22166,United Kingdom,70.22
102917,S909,Streaming subscription,3,2024-03-13,24.34,C82655,United Kingdom,73.02
102918,S572,Streaming subscription,4,2024-03-13,27.79,C41495,United Kingdom,111.16
102919,S449,Streaming subscription,2,2024-03-13,29.52,C27382,United Kingdom,59.04
102920,S433,Streaming subscription,3,2024-03-13,29.3,C15187,United Kingdom,87.9
102911,S880,Streaming subscription,4,2024-03-13,27.45,C98862,Germany,109.8
102900,S437,Streaming subscription,3,2024-03-13,20.26,C19974,France,60.78
102906,S984,Streaming subscription,5,2024-03-13,24.41,C80582,Germany,122.05
102898,S982,Streaming subscription,1,2024-03-13,22.83,C47432,France,22.83
102899,S322,Streaming subscription,4,2024-03-13,21.48,C46967,France,85.92
102881,S261,Streaming subscription,5,2024-03-13,29.14,C52432,Australia,145.7
102882,S100,Streaming subscription,4,2024-03-13,19.56,C48572,Australia,78.24
102883,S801,Streaming subscription,4,2024-03-13,20.22,C68624,Australia,80.88
102884,S791,Streaming subscription,5,2024-03-13,19.34,C67490,Australia,96.7
102885,S479,Streaming subscription,4,2024-03-13,24.32,C28500,Australia,97.28
102886,S543,Streaming subscription,-1,2024-03-13,17.88,C47562,Australia,-17.88
102887,S102,Streaming subscription,5,2024-03-13,16.89,C35030,Australia,84.45
102888,S153,Streaming subscription,-1,2024-03-13,17.13,C14035,Australia,-17.13
102901,S852,Streaming subscription,5,2024-03-13,21.15,C37076,France,105.75
102890,S735,Streaming subscription,5,2024-03-13,18.32,C85794,Canada,91.6
102889,S652,Streaming subscription,4,2024-03-13,19.62,C69670,Canada,78.48
102896,S381,Streaming subscription,2,2024-03-13,19.53,C85687,Canada,39.06
102895,S785,Streaming subscription,2,2024-03-13,17.06,C40388,Canada,34.12
102897,S135,Streaming subscription,2,2024-03-13,23.57,C81118,France,47.14
102893,S658,Streaming subscription,2,2024-03-13,17.45,C83874,Canada,34.9
102892,S574,Streaming subscription,3,2024-03-13,17.13,C74132,Canada,51.39
102891,S193,Streaming subscription,4,2024-03-13,19.27,C42500,Canada,77.08
102894,S259,Streaming subscription,1,2024-03-13,11.68,C99698,Canada,11.68
102942,S803,Streaming subscription,1,2024-03-14,18.72,C53129,France,18.72
102949,S663,Streaming subscription,5,2024-03-14,24.21,C78202,Germany,121.05000000000001
102943,S216,Streaming subscription,-1,2024-03-14,22.22,C71323,France,-22.22
102944,S994,Streaming subscription,3,2024-03-14,20.52,C52433,France,61.56
102945,S175,Streaming subscription,4,2024-03-14,24.84,C97275,Germany,99.36
102946,S618,Streaming subscription,1,2024-03-14,20.47,C33765,Germany,20.47
102947,S654,Streaming subscription,5,2024-03-14,26.73,C64574,Germany,133.65
102948,S367,Streaming subscription,4,2024-03-14,28.66,C10354,Germany,114.64
102950,S575,Streaming subscription,2,2024-03-14,27.14,C92616,Germany,54.28
102954,S391,Streaming subscription,2,2024-03-14,35.4,C81106,United Kingdom,70.8
102952,S724,Streaming subscription,5,2024-03-14,21.56,C13232,Germany,107.8
102953,S862,Streaming subscription,4,2024-03-14,35.83,C92612,United Kingdom,143.32
102955,S277,Streaming subscription,2,2024-03-14,23.93,C86352,United Kingdom,47.86
102956,S787,Streaming subscription,3,2024-03-14,30.72,C66333,United Kingdom,92.16
102957,S590,Streaming subscription,-2,2024-03-14,31.26,C73450,United Kingdom,-62.52
102958,S325,Streaming subscription,4,2024-03-14,26.35,C95006,United Kingdom,105.4
102959,S812,Streaming subscription,1,2024-03-14,31.17,C31223,United Kingdom,31.17
102960,S615,Streaming subscription,2,2024-03-14,30.57,C34739,United Kingdom,61.14
102951,S478,Streaming subscription,5,2024-03-14,23.51,C10203,Germany,117.55000000000001
102941,S216,Streaming subscription,3,2024-03-14,15.99,C28087,France,47.97
102940,S823,Streaming subscription,4,2024-03-14,18.92,C67535,France,75.68
102938,S618,Streaming subscription,3,2024-03-14,24.77,C63309,France,74.31
102939,S646,Streaming subscription,3,2024-03-14,26.54,C91021,France,79.62
102921,S269,Streaming subscription,-1,2024-03-14,23.17,C68618,Australia,-23.17
102922,S134,Streaming subscription,5,2024-03-14,31.11,C37910,Australia,155.55
102923,S744,Streaming subscription,2,2024-03-14,19.71,C79027,Australia,39.42
102924,S972,Streaming subscription,1,2024-03-14,13.78,C85418,Australia,13.78
102926,S333,Streaming subscription,5,2024-03-14,19.92,C60415,Australia,99.60000000000001
102927,S767,Streaming subscription,5,2024-03-14,23.33,C78077,Australia,116.64999999999999
102928,S905,Streaming subscription,3,2024-03-14,21.91,C73849,Australia,65.73
102925,S589,Streaming subscription,3,2024-03-14,22.57,C37608,Australia,67.71000000000001
102930,S905,Streaming subscription,4,2024-03-14,11.03,C81293,Canada,44.12
102929,S840,Streaming subscription,3,2024-03-14,15.49,C80177,Canada,46.47
102936,S377,Streaming subscription,1,2024-03-14,16.08,C74039,Canada,16.08
102935,S477,Streaming subscription,4,2024-03-14,17.45,C78707,Canada,69.8
102934,S712,Streaming subscription,-1,2024-03-14,17.19,C54560,Canada,-17.19
102937,S870,Streaming subscription,1,2024-03-14,23.66,C94018,France,23.66
102932,S148,Streaming subscription,2,2024-03-14,16.48,C32004,Canada,32.96
102931,S491,Streaming subscription,2,2024-03-14,21.09,C67610,Canada,42.18
102933,S752,Streaming subscription,2,2024-03-14,18.3,C43405,Canada,36.6
102990,S301,Streaming subscription,3,2024-03-15,26.0,C79898,Germany,78.0
102983,S128,Streaming subscription,1,2024-03-15,21.48,C28385,France,21.48
102984,S229,Streaming subscription,2,2024-03-15,25.99,C85856,France,51.98
102985,S402,Streaming subscription,3,2024-03-15,25.78,C74415,Germany,77.34
102986,S854,Streaming subscription,1,2024-03-15,25.39,C25697,Germany,25.39
102987,S847,Streaming subscription,4,2024-03-15,29.31,C51648,Germany,117.24
102988,S452,Streaming subscription,3,2024-03-15,24.26,C46059,Germany,72.78
102989,S835,Streaming subscription,4,2024-03-15,27.41,C45440,Germany,109.64
102991,S473,Streaming subscription,5,2024-03-15,25.23,C25608,Germany,126.15
103000,S140,Streaming subscription,5,2024-03-15,29.17,C44042,United Kingdom,145.85000000000002
102993,S224,Streaming subscription,4,2024-03-15,27.15,C26897,United Kingdom,108.6
102994,S442,Streaming subscription,5,2024-03-15,35.79,C82200,United Kingdom,178.95
102995,S509,Streaming subscription,1,2024-03-15,23.57,C16686,United Kingdom,23.57
102996,S483,Streaming subscription,1,2024-03-15,28.81,C78427,United Kingdom,28.81
102997,S886,Streaming subscription,2,2024-03-15,28.14,C70023,United Kingdom,56.28
102998,S804,Streaming subscription,1,2024-03-15,22.97,C95417,United Kingdom,22.97
102999,S790,Streaming subscription,5,2024-03-15,25.33,C26668,United Kingdom,126.64999999999999
102982,S293,Streaming subscription,3,2024-03-15,20.2,C93533,France,60.599999999999994
102992,S216,Streaming subscription,3,2024-03-15,23.83,C97483,Germany,71.49
102981,S627,Streaming subscription,2,2024-03-15,19.95,C59394,France,39.9
102980,S835,Streaming subscription,1,2024-03-15,21.2,C85853,France,21.2
102979,S960,Streaming subscription,3,2024-03-15,20.7,C83243,France,62.099999999999994
102962,S277,Streaming subscription,4,2024-03-15,21.09,C33584,Australia,84.36
102963,S829,Streaming subscription,1,2024-03-15,23.03,C33529,Australia,23.03
102964,S671,Streaming subscription,5,2024-03-15,20.23,C35447,Australia,101.15
102965,S725,Streaming subscription,5,2024-03-15,20.52,C50502,Australia,102.6
102966,S954,Streaming subscription,2,2024-03-15,17.88,C80332,Australia,35.76
102967,S822,Streaming subscription,5,2024-03-15,23.95,C69444,Australia,119.75
102968,S793,Streaming subscription,3,2024-03-15,27.41,C91979,Australia,82.23
102969,S563,Streaming subscription,1,2024-03-15,11.84,C78043,Canada,11.84
102961,S502,Streaming subscription,2,2024-03-15,23.26,C49039,Australia,46.52
102971,S593,Streaming subscription,1,2024-03-15,14.61,C18521,Canada,14.61
102972,S728,Streaming subscription,3,2024-03-15,15.22,C15537,Canada,45.660000000000004
102973,S687,Streaming subscription,2,2024-03-15,21.54,C35870,Canada,43.08
102974,S377,Streaming subscription,5,2024-03-15,6.51,C90648,Canada,32.55
102975,S489,Streaming subscription,2,2024-03-15,14.68,C19936,Canada,29.36
102976,S947,Streaming subscription,1,2024-03-15,17.3,C15883,Canada,17.3
102977,S409,Streaming subscription,5,2024-03-15,20.68,C96746,France,103.4
102978,S163,Streaming subscription,2,2024-03-15,25.53,C56665,France,51.06
102970,S580,Streaming subscription,-2,2024-03-15,18.24,C80391,Canada,-36.48
103028,S723,Streaming subscription,3,2024-03-16,22.89,C36617,Germany,68.67
103027,S709,Streaming subscription,3,2024-03-16,25.44,C51100,Germany,76.32000000000001
103023,S199,Streaming subscription,4,2024-03-16,21.34,C45701,France,85.36
103025,S227,Streaming subscription,2,2024-03-16,20.01,C11002,Germany,40.02
103024,S803,Streaming subscription,5,2024-03-16,15.98,C46692,France,79.9
103029,S447,Streaming subscription,-2,2024-03-16,20.89,C60751,Germany,-41.78
103026,S632,Streaming subscription,3,2024-03-16,25.43,C68099,Germany,76.28999999999999
103030,S255,Streaming subscription,1,2024-03-16,22.88,C89949,Germany,22.88
103035,S666,Streaming subscription,2,2024-03-16,26.77,C94696,United Kingdom,53.54
103032,S650,Streaming subscription,1,2024-03-16,22.77,C53267,Germany,22.77
103033,S963,Streaming subscription,3,2024-03-16,22.53,C98613,United Kingdom,67.59
103034,S331,Streaming subscription,3,2024-03-16,29.23,C88149,United Kingdom,87.69
103036,S809,Streaming subscription,5,2024-03-16,27.34,C86039,United Kingdom,136.7
103037,S386,Streaming subscription,4,2024-03-16,24.68,C85196,United Kingdom,98.72
103038,S481,Streaming subscription,4,2024-03-16,24.4,C31691,United Kingdom,97.6
103039,S856,Streaming subscription,2,2024-03-16,27.62,C68028,United Kingdom,55.24
103022,S173,Streaming subscription,5,2024-03-16,16.07,C79875,France,80.35
103031,S117,Streaming subscription,1,2024-03-16,17.17,C74785,Germany,17.17
103021,S844,Streaming subscription,2,2024-03-16,24.84,C36571,France,49.68
103040,S518,Streaming subscription,3,2024-03-16,29.73,C70085,United Kingdom,89.19
103019,S484,Streaming subscription,3,2024-03-16,12.46,C56715,France,37.38
103001,S371,Streaming subscription,2,2024-03-16,14.81,C10747,Australia,29.62
103002,S634,Streaming subscription,4,2024-03-16,25.09,C91688,Australia,100.36
103003,S619,Streaming subscription,3,2024-03-16,20.63,C72358,Australia,61.89
103004,S655,Streaming subscription,2,2024-03-16,15.48,C64652,Australia,30.96
103005,S248,Streaming subscription,4,2024-03-16,15.08,C31682,Australia,60.32
103006,S704,Streaming subscription,4,2024-03-16,18.01,C97208,Australia,72.04
103007,S902,Streaming subscription,1,2024-03-16,19.39,C74806,Australia,19.39
103008,S628,Streaming subscription,4,2024-03-16,15.67,C97933,Australia,62.68
103009,S672,Streaming subscription,3,2024-03-16,17.08,C56010,Canada,51.239999999999995
103020,S605,Streaming subscription,5,2024-03-16,16.62,C57749,France,83.10000000000001
103011,S499,Streaming subscription,2,2024-03-16,18.89,C64860,Canada,37.78
103012,S221,Streaming subscription,2,2024-03-16,15.36,C78338,Canada,30.72
103013,S509,Streaming subscription,4,2024-03-16,18.48,C40696,Canada,73.92
103014,S482,Streaming subscription,4,2024-03-16,8.29,C30079,Canada,33.16
103015,S660,Streaming subscription,5,2024-03-16,16.39,C20361,Canada,81.95
103016,S708,Streaming subscription,1,2024-03-16,17.9,C81603,Canada,17.9
103017,S363,Streaming subscription,5,2024-03-16,19.23,C26932,France,96.15
103018,S643,Streaming subscription,3,2024-03-16,22.49,C18738,France,67.47
103010,S560,Streaming subscription,5,2024-03-16,13.36,C75234,Canada,66.8
103068,S345,Streaming subscription,2,2024-03-17,21.5,C83713,Germany,43.0
103067,S565,Streaming subscription,3,2024-03-17,25.67,C90636,Germany,77.01
103063,S326,Streaming subscription,4,2024-03-17,15.93,C79790,France,63.72
103065,S449,Streaming subscription,2,2024-03-17,23.87,C14924,Germany,47.74
103064,S671,Streaming subscription,3,2024-03-17,12.69,C10983,France,38.07
103069,S519,Streaming subscription,4,2024-03-17,26.74,C78613,Germany,106.96
103066,S818,Streaming subscription,4,2024-03-17,21.31,C31775,Germany,85.24
103070,S369,Streaming subscription,5,2024-03-17,15.78,C74219,Germany,78.89999999999999
103075,S889,Streaming subscription,4,2024-03-17,21.17,C79059,United Kingdom,84.68
103072,S974,Streaming subscription,4,2024-03-17,27.26,C66722,Germany,109.04
103073,S312,Streaming subscription,5,2024-03-17,24.9,C60693,United Kingdom,124.5
103074,S309,Streaming subscription,1,2024-03-17,31.06,C20885,United Kingdom,31.06
103076,S874,Streaming subscription,4,2024-03-17,27.01,C16570,United Kingdom,108.04
103077,S790,Streaming subscription,3,2024-03-17,36.28,C15436,United Kingdom,108.84
103078,S362,Streaming subscription,4,2024-03-17,31.55,C17315,United Kingdom,126.2
103079,S419,Streaming subscription,3,2024-03-17,26.21,C36926,United Kingdom,78.63
103062,S396,Streaming subscription,4,2024-03-17,24.25,C19656,France,97.0
103071,S286,Streaming subscription,2,2024-03-17,23.62,C72550,Germany,47.24
103061,S271,Streaming subscription,4,2024-03-17,19.27,C71598,France,77.08
103080,S784,Streaming subscription,2,2024-03-17,26.35,C93534,United Kingdom,52.7
103059,S654,Streaming subscription,3,2024-03-17,17.57,C72153,France,52.71
103041,S969,Streaming subscription,5,2024-03-17,19.21,C71754,Australia,96.05000000000001
103042,S292,Streaming subscription,2,2024-03-17,10.4,C20315,Australia,20.8
103043,S622,Streaming subscription,2,2024-03-17,13.34,C82064,Australia,26.68
103044,S815,Streaming subscription,1,2024-03-17,18.77,C26607,Australia,18.77
103045,S168,Streaming subscription,3,2024-03-17,19.82,C40175,Australia,59.46
103046,S896,Streaming subscription,4,2024-03-17,13.97,C28495,Australia,55.88
103047,S637,Streaming subscription,3,2024-03-17,23.51,C33342,Australia,70.53
103048,S324,Streaming subscription,5,2024-03-17,21.51,C74357,Australia,107.55000000000001
103049,S851,Streaming subscription,4,2024-03-17,13.77,C25786,Canada,55.08
103060,S573,Streaming subscription,2,2024-03-17,23.34,C14035,France,46.68
103051,S806,Streaming subscription,5,2024-03-17,13.58,C26489,Canada,67.9
103052,S375,Streaming subscription,1,2024-03-17,10.69,C15029,Canada,10.69
103053,S574,Streaming subscription,1,2024-03-17,16.24,C62603,Canada,16.24
103054,S361,Streaming subscription,1,2024-03-17,11.1,C66878,Canada,11.1
103055,S750,Streaming subscription,5,2024-03-17,14.98,C37141,Canada,74.9
103056,S731,Streaming subscription,1,2024-03-17,11.82,C67877,Canada,11.82
103057,S733,Streaming subscription,4,2024-03-17,16.92,C41953,France,67.68
103058,S960,Streaming subscription,5,2024-03-17,21.22,C62680,France,106.1
103050,S943,Streaming subscription,1,2024-03-17,9.8,C93403,Canada,9.8
103108,S844,Streaming subscription,1,2024-03-18,21.49,C10063,Germany,21.49
103107,S472,Streaming subscription,4,2024-03-18,22.25,C86233,Germany,89.0
103106,S333,Streaming subscription,2,2024-03-18,25.22,C80247,Germany,50.44
103102,S646,Streaming subscription,3,2024-03-18,23.49,C94765,France,70.47
103104,S344,Streaming subscription,5,2024-03-18,22.85,C43102,France,114.25
103103,S162,Streaming subscription,2,2024-03-18,23.64,C40404,France,47.28
103109,S616,Streaming subscription,3,2024-03-18,26.56,C13689,Germany,79.67999999999999
103105,S493,Streaming subscription,4,2024-03-18,21.72,C99897,Germany,86.88
103110,S890,Streaming subscription,4,2024-03-18,21.85,C40243,Germany,87.4
103114,S564,Streaming subscription,4,2024-03-18,31.72,C86434,United Kingdom,126.88
103112,S894,Streaming subscription,1,2024-03-18,21.31,C79235,Germany,21.31
103113,S311,Streaming subscription,4,2024-03-18,32.17,C61389,United Kingdom,128.68
103115,S711,Streaming subscription,4,2024-03-18,25.13,C96857,United Kingdom,100.52
103116,S790,Streaming subscription,5,2024-03-18,33.01,C56976,United Kingdom,165.04999999999998
103117,S210,Streaming subscription,1,2024-03-18,32.03,C94305,United Kingdom,32.03
103118,S439,Streaming subscription,2,2024-03-18,30.36,C86971,United Kingdom,60.72
103119,S455,Streaming subscription,3,2024-03-18,25.11,C56661,United Kingdom,75.33
103101,S995,Streaming subscription,3,2024-03-18,22.74,C46007,France,68.22
103111,S802,Streaming subscription,1,2024-03-18,27.95,C40494,Germany,27.95
103120,S509,Streaming subscription,3,2024-03-18,31.54,C52949,United Kingdom,94.62
103100,S948,Streaming subscription,3,2024-03-18,25.73,C11814,France,77.19
103098,S296,Streaming subscription,2,2024-03-18,20.31,C37661,France,40.62
103099,S563,Streaming subscription,4,2024-03-18,24.1,C56191,France,96.4
103081,S430,Streaming subscription,1,2024-03-18,18.35,C52930,Australia,18.35
103082,S320,Streaming subscription,5,2024-03-18,23.45,C64787,Australia,117.25
103083,S336,Streaming subscription,1,2024-03-18,23.45,C73932,Australia,23.45
103084,S635,Streaming subscription,3,2024-03-18,22.3,C92875,Australia,66.9
103086,S821,Streaming subscription,4,2024-03-18,20.62,C86426,Australia,82.48
103087,S793,Streaming subscription,4,2024-03-18,26.98,C36607,Australia,107.92
103088,S263,Streaming subscription,4,2024-03-18,16.07,C36130,Australia,64.28
103085,S639,Streaming subscription,5,2024-03-18,16.04,C65536,Australia,80.19999999999999
103090,S751,Streaming subscription,4,2024-03-18,16.59,C90898,Canada,66.36
103089,S691,Streaming subscription,5,2024-03-18,9.96,C80990,Canada,49.800000000000004
103096,S780,Streaming subscription,3,2024-03-18,19.47,C18491,Canada,58.41
103095,S720,Streaming subscription,2,2024-03-18,16.75,C42719,Canada,33.5
103094,S963,Streaming subscription,4,2024-03-18,14.7,C33173,Canada,58.8
103097,S426,Streaming subscription,5,2024-03-18,18.83,C98886,France,94.14999999999999
103092,S925,Streaming subscription,1,2024-03-18,14.96,C97629,Canada,14.96
103091,S941,Streaming subscription,1,2024-03-18,15.51,C43918,Canada,15.51
103093,S358,Streaming subscription,3,2024-03-18,15.23,C96380,Canada,45.69
103149,S417,Streaming subscription,1,2024-03-19,31.28,C74541,Germany,31.28
103143,S175,Streaming subscription,3,2024-03-19,23.04,C59533,France,69.12
103144,S708,Streaming subscription,2,2024-03-19,29.5,C54276,France,59.0
103145,S264,Streaming subscription,2,2024-03-19,15.76,C17620,Germany,31.52
103146,S810,Streaming subscription,5,2024-03-19,21.24,C60265,Germany,106.19999999999999
103147,S305,Streaming subscription,1,2024-03-19,19.33,C93690,Germany,19.33
103148,S874,Streaming subscription,4,2024-03-19,27.34,C15542,Germany,109.36
103151,S560,Streaming subscription,1,2024-03-19,23.46,C72159,Germany,23.46
103142,S686,Streaming subscription,2,2024-03-19,24.6,C13669,France,49.2
103153,S858,Streaming subscription,4,2024-03-19,33.79,C91526,United Kingdom,135.16
103154,S887,Streaming subscription,2,2024-03-19,27.26,C78725,United Kingdom,54.52
103155,S826,Streaming subscription,1,2024-03-19,27.16,C93829,United Kingdom,27.16
103156,S131,Streaming subscription,-2,2024-03-19,33.8,C89529,United Kingdom,-67.6
103157,S754,Streaming subscription,1,2024-03-19,28.66,C40314,United Kingdom,28.66
103158,S903,Streaming subscription,4,2024-03-19,31.95,C62241,United Kingdom,127.8
103159,S556,Streaming subscription,2,2024-03-19,34.24,C28838,United Kingdom,68.48
103160,S854,Streaming subscription,5,2024-03-19,32.53,C11581,United Kingdom,162.65
103152,S225,Streaming subscription,4,2024-03-19,26.32,C76634,Germany,105.28
103141,S774,Streaming subscription,2,2024-03-19,21.41,C48255,France,42.82
103150,S123,Streaming subscription,1,2024-03-19,25.01,C56273,Germany,25.01
103139,S244,Streaming subscription,4,2024-03-19,17.13,C81980,France,68.52
103122,S649,Streaming subscription,5,2024-03-19,19.52,C69874,Australia,97.6
103123,S703,Streaming subscription,3,2024-03-19,14.66,C22007,Australia,43.980000000000004
103124,S428,Streaming subscription,1,2024-03-19,16.34,C46314,Australia,16.34
103125,S172,Streaming subscription,2,2024-03-19,17.05,C33065,Australia,34.1
103126,S941,Streaming subscription,4,2024-03-19,18.85,C33821,Australia,75.4
103127,S427,Streaming subscription,3,2024-03-19,16.24,C29965,Australia,48.72
103128,S410,Streaming subscription,1,2024-03-19,21.21,C35918,Australia,21.21
103129,S462,Streaming subscription,3,2024-03-19,16.44,C20556,Canada,49.32000000000001
103130,S883,Streaming subscription,1,2024-03-19,13.75,C48218,Canada,13.75
103121,S166,Streaming subscription,5,2024-03-19,24.24,C35683,Australia,121.19999999999999
103131,S118,Streaming subscription,2,2024-03-19,15.55,C30507,Canada,31.1
103132,S776,Streaming subscription,4,2024-03-19,19.42,C73219,Canada,77.68
103133,S893,Streaming subscription,1,2024-03-19,20.65,C99879,Canada,20.65
103134,S757,Streaming subscription,1,2024-03-19,15.27,C50059,Canada,15.27
103135,S952,Streaming subscription,3,2024-03-19,15.45,C71029,Canada,46.349999999999994
103136,S436,Streaming subscription,5,2024-03-19,19.24,C36667,Canada,96.19999999999999
103137,S925,Streaming subscription,1,2024-03-19,19.84,C48930,France,19.84
103138,S872,Streaming subscription,4,2024-03-19,19.44,C90493,France,77.76
103140,S504,Streaming subscription,2,2024-03-19,25.96,C18513,France,51.92
103189,S182,Streaming subscription,4,2024-03-20,29.93,C71044,Germany,119.72
103188,S875,Streaming subscription,1,2024-03-20,26.14,C37574,Germany,26.14
103187,S283,Streaming subscription,1,2024-03-20,24.01,C80401,Germany,24.01
103183,S342,Streaming subscription,1,2024-03-20,24.85,C52119,France,24.85
103185,S604,Streaming subscription,5,2024-03-20,24.41,C45799,Germany,122.05
103184,S422,Streaming subscription,3,2024-03-20,23.44,C22299,France,70.32000000000001
103190,S415,Streaming subscription,1,2024-03-20,32.77,C96523,Germany,32.77
103186,S236,Streaming subscription,1,2024-03-20,27.13,C96255,Germany,27.13
103191,S937,Streaming subscription,4,2024-03-20,24.16,C36477,Germany,96.64
103195,S987,Streaming subscription,3,2024-03-20,31.29,C25234,United Kingdom,93.87
103193,S539,Streaming subscription,5,2024-03-20,27.6,C72826,United Kingdom,138.0
103194,S312,Streaming subscription,5,2024-03-20,25.85,C55015,United Kingdom,129.25
103196,S985,Streaming subscription,4,2024-03-20,28.3,C88788,United Kingdom,113.2
103197,S109,Streaming subscription,3,2024-03-20,34.08,C14206,United Kingdom,102.24
103198,S890,Streaming subscription,3,2024-03-20,28.23,C19431,United Kingdom,84.69
103199,S267,Streaming subscription,-1,2024-03-20,36.41,C72320,United Kingdom,-36.41
103200,S322,Streaming subscription,5,2024-03-20,31.7,C90229,United Kingdom,158.5
103182,S106,Streaming subscription,1,2024-03-20,24.34,C53886,France,24.34
103192,S696,Streaming subscription,5,2024-03-20,22.8,C59644,Germany,114.0
103181,S315,Streaming subscription,2,2024-03-20,17.14,C81994,France,34.28
103180,S180,Streaming subscription,2,2024-03-20,23.48,C80244,France,46.96
103179,S516,Streaming subscription,1,2024-03-20,28.92,C56924,France,28.92
103161,S656,Streaming subscription,3,2024-03-20,27.04,C38814,Australia,81.12
103162,S581,Streaming subscription,2,2024-03-20,19.38,C29859,Australia,38.76
103163,S417,Streaming subscription,3,2024-03-20,22.22,C80143,Australia,66.66
103164,S238,Streaming subscription,4,2024-03-20,15.69,C64970,Australia,62.76
103165,S114,Streaming subscription,1,2024-03-20,19.04,C32000,Australia,19.04
103167,S260,Streaming subscription,5,2024-03-20,15.87,C10373,Australia,79.35
103168,S974,Streaming subscription,3,2024-03-20,20.61,C21570,Australia,61.83
103169,S653,Streaming subscription,2,2024-03-20,16.25,C42835,Canada,32.5
103166,S864,Streaming subscription,1,2024-03-20,14.02,C70136,Australia,14.02
103171,S438,Streaming subscription,5,2024-03-20,17.42,C57169,Canada,87.10000000000001
103170,S426,Streaming subscription,1,2024-03-20,14.83,C89848,Canada,14.83
103177,S765,Streaming subscription,4,2024-03-20,22.59,C86961,France,90.36
103176,S135,Streaming subscription,4,2024-03-20,20.71,C78141,Canada,82.84
103175,S993,Streaming subscription,2,2024-03-20,20.68,C58932,Canada,41.36
103178,S921,Streaming subscription,1,2024-03-20,22.44,C83951,France,22.44
103173,S186,Streaming subscription,1,2024-03-20,20.06,C85033,Canada,20.06
103172,S791,Streaming subscription,2,2024-03-20,16.43,C53281,Canada,32.86
103174,S322,Streaming subscription,4,2024-03-20,14.77,C15557,Canada,59.08
103230,S169,Streaming subscription,5,2024-03-21,30.34,C93745,Germany,151.7
103223,S781,Streaming subscription,5,2024-03-21,24.12,C24870,France,120.60000000000001
103224,S255,Streaming subscription,2,2024-03-21,28.63,C46309,France,57.26
103225,S167,Streaming subscription,4,2024-03-21,21.44,C26916,Germany,85.76
103226,S239,Streaming subscription,1,2024-03-21,23.08,C26440,Germany,23.08
103227,S676,Streaming subscription,3,2024-03-21,27.65,C79187,Germany,82.94999999999999
103228,S557,Streaming subscription,4,2024-03-21,22.05,C98873,Germany,88.2
103229,S934,Streaming subscription,4,2024-03-21,29.53,C20838,Germany,118.12
103231,S640,Streaming subscription,1,2024-03-21,21.55,C21898,Germany,21.55
103240,S104,Streaming subscription,4,2024-03-21,28.38,C88546,United Kingdom,113.52
103233,S486,Streaming subscription,3,2024-03-21,33.34,C31461,United Kingdom,100.02000000000001
103234,S778,Streaming subscription,2,2024-03-21,32.67,C15247,United Kingdom,65.34
103235,S470,Streaming subscription,2,2024-03-21,29.36,C35296,United Kingdom,58.72
103236,S123,Streaming subscription,3,2024-03-21,29.51,C48591,United Kingdom,88.53
103237,S667,Streaming subscription,4,2024-03-21,28.49,C96433,United Kingdom,113.96
103238,S430,Streaming subscription,4,2024-03-21,28.35,C41879,United Kingdom,113.4
103239,S156,Streaming subscription,1,2024-03-21,34.68,C90832,United Kingdom,34.68
103222,S853,Streaming subscription,5,2024-03-21,17.87,C43460,France,89.35000000000001
103232,S131,Streaming subscription,1,2024-03-21,30.08,C32742,Germany,30.08
103221,S570,Streaming subscription,4,2024-03-21,21.23,C71180,France,84.92
103220,S362,Streaming subscription,3,2024-03-21,20.02,C78470,France,60.06
103219,S709,Streaming subscription,2,2024-03-21,24.06,C25145,France,48.12
103201,S269,Streaming subscription,3,2024-03-21,31.61,C40665,Australia,94.83
103202,S722,Streaming subscription,1,2024-03-21,19.2,C91633,Australia,19.2
103203,S671,Streaming subscription,5,2024-03-21,24.74,C47175,Australia,123.69999999999999
103204,S473,Streaming subscription,5,2024-03-21,26.41,C20674,Australia,132.05
103205,S993,Streaming subscription,2,2024-03-21,29.48,C29581,Australia,58.96
103207,S159,Streaming subscription,1,2024-03-21,16.71,C76248,Australia,16.71
103208,S151,Streaming subscription,1,2024-03-21,18.46,C18209,Australia,18.46
103209,S477,Streaming subscription,1,2024-03-21,15.79,C23198,Canada,15.79
103206,S650,Streaming subscription,3,2024-03-21,22.64,C32875,Australia,67.92
103211,S884,Streaming subscription,5,2024-03-21,21.28,C84274,Canada,106.4
103210,S515,Streaming subscription,1,2024-03-21,15.34,C53244,Canada,15.34
103217,S546,Streaming subscription,3,2024-03-21,20.93,C27322,France,62.79
103216,S158,Streaming subscription,5,2024-03-21,18.13,C22181,Canada,90.64999999999999
103215,S858,Streaming subscription,3,2024-03-21,17.12,C15642,Canada,51.36
103218,S512,Streaming subscription,3,2024-03-21,21.61,C80501,France,64.83
103213,S270,Streaming subscription,4,2024-03-21,19.28,C82064,Canada,77.12
103212,S513,Streaming subscription,5,2024-03-21,16.71,C52466,Canada,83.55000000000001
103214,S667,Streaming subscription,3,2024-03-21,19.98,C76018,Canada,59.94
103270,S244,Streaming subscription,3,2024-03-22,21.71,C49787,Germany,65.13
103263,S144,Streaming subscription,4,2024-03-22,22.49,C67629,France,89.96
103264,S681,Streaming subscription,2,2024-03-22,25.69,C41248,France,51.38
103265,S348,Streaming subscription,2,2024-03-22,25.15,C13155,Germany,50.3
103266,S942,Streaming subscription,5,2024-03-22,25.91,C73316,Germany,129.55
103267,S487,Streaming subscription,4,2024-03-22,31.52,C34821,Germany,126.08
103268,S842,Streaming subscription,4,2024-03-22,21.02,C58947,Germany,84.08
103269,S496,Streaming subscription,1,2024-03-22,27.31,C72330,Germany,27.31
103271,S633,Streaming subscription,4,2024-03-22,27.91,C73615,Germany,111.64
103280,S980,Streaming subscription,5,2024-03-22,30.9,C99422,United Kingdom,154.5
103273,S400,Streaming subscription,4,2024-03-22,34.08,C59681,United Kingdom,136.32
103274,S985,Streaming subscription,3,2024-03-22,28.55,C39997,United Kingdom,85.65
103275,S444,Streaming subscription,5,2024-03-22,21.92,C64662,United Kingdom,109.60000000000001
103276,S827,Streaming subscription,4,2024-03-22,39.08,C28828,United Kingdom,156.32
103277,S480,Streaming subscription,4,2024-03-22,36.96,C79243,United Kingdom,147.84
103278,S947,Streaming subscription,4,2024-03-22,29.58,C44259,United Kingdom,118.32
103279,S527,Streaming subscription,2,2024-03-22,33.3,C24495,United Kingdom,66.6
103262,S921,Streaming subscription,1,2024-03-22,25.27,C85792,France,25.27
103272,S847,Streaming subscription,2,2024-03-22,28.15,C16120,Germany,56.3
103261,S194,Streaming subscription,1,2024-03-22,14.92,C42191,France,14.92
103260,S815,Streaming subscription,3,2024-03-22,24.47,C75455,France,73.41
103259,S750,Streaming subscription,2,2024-03-22,23.7,C57222,France,47.4
103242,S488,Streaming subscription,5,2024-03-22,17.68,C38001,Australia,88.4
103243,S826,Streaming subscription,4,2024-03-22,22.29,C13499,Australia,89.16
103244,S779,Streaming subscription,-1,2024-03-22,24.63,C23758,Australia,-24.63
103245,S870,Streaming subscription,5,2024-03-22,20.16,C59983,Australia,100.8
103246,S937,Streaming subscription,4,2024-03-22,27.36,C72906,Australia,109.44
103247,S351,Streaming subscription,4,2024-03-22,20.08,C99260,Australia,80.32
103248,S900,Streaming subscription,5,2024-03-22,14.33,C19368,Australia,71.65
103249,S124,Streaming subscription,4,2024-03-22,16.68,C46026,Canada,66.72
103241,S144,Streaming subscription,4,2024-03-22,19.74,C76090,Australia,78.96
103251,S741,Streaming subscription,3,2024-03-22,16.12,C56796,Canada,48.36
103252,S522,Streaming subscription,5,2024-03-22,11.02,C30384,Canada,55.099999999999994
103253,S872,Streaming subscription,-2,2024-03-22,12.58,C64094,Canada,-25.16
103254,S930,Streaming subscription,2,2024-03-22,15.78,C62594,Canada,31.56
103255,S210,Streaming subscription,1,2024-03-22,17.62,C54698,Canada,17.62
103256,S600,Streaming subscription,5,2024-03-22,21.43,C61275,Canada,107.15
103257,S463,Streaming subscription,1,2024-03-22,24.3,C67320,France,24.3
103258,S854,Streaming subscription,1,2024-03-22,22.13,C16824,France,22.13
103250,S988,Streaming subscription,-1,2024-03-22,14.45,C34669,Canada,-14.45
103308,S830,Streaming subscription,2,2024-03-23,24.07,C80514,Germany,48.14
103307,S467,Streaming subscription,5,2024-03-23,25.34,C83776,Germany,126.7
103303,S211,Streaming subscription,3,2024-03-23,16.72,C85973,France,50.16
103305,S139,Streaming subscription,3,2024-03-23,24.83,C77164,Germany,74.49
103304,S856,Streaming subscription,2,2024-03-23,16.85,C37416,France,33.7
103309,S754,Streaming subscription,2,2024-03-23,22.74,C48411,Germany,45.48
103306,S279,Streaming subscription,1,2024-03-23,23.82,C57035,Germany,23.82
103310,S567,Streaming subscription,1,2024-03-23,25.65,C80229,Germany,25.65
103315,S699,Streaming subscription,2,2024-03-23,25.71,C50825,United Kingdom,51.42
103312,S415,Streaming subscription,4,2024-03-23,25.98,C83461,Germany,103.92
103313,S576,Streaming subscription,2,2024-03-23,19.57,C98507,United Kingdom,39.14
103314,S185,Streaming subscription,1,2024-03-23,23.78,C31788,United Kingdom,23.78
103316,S722,Streaming subscription,5,2024-03-23,23.34,C54905,United Kingdom,116.7
103317,S608,Streaming subscription,5,2024-03-23,26.62,C20634,United Kingdom,133.1
103318,S851,Streaming subscription,2,2024-03-23,27.68,C20076,United Kingdom,55.36
103319,S161,Streaming subscription,5,2024-03-23,19.4,C62140,United Kingdom,97.0
103302,S555,Streaming subscription,2,2024-03-23,13.9,C95209,France,27.8
103311,S986,Streaming subscription,4,2024-03-23,14.87,C18580,Germany,59.48
103301,S249,Streaming subscription,1,2024-03-23,13.98,C95084,France,13.98
103320,S481,Streaming subscription,2,2024-03-23,32.48,C85097,United Kingdom,64.96
103299,S528,Streaming subscription,5,2024-03-23,16.18,C49735,France,80.9
103281,S270,Streaming subscription,4,2024-03-23,22.51,C16082,Australia,90.04
103282,S171,Streaming subscription,-2,2024-03-23,15.24,C35287,Australia,-30.48
103283,S172,Streaming subscription,3,2024-03-23,19.61,C87174,Australia,58.83
103284,S230,Streaming subscription,3,2024-03-23,20.2,C89764,Australia,60.599999999999994
103285,S552,Streaming subscription,2,2024-03-23,24.98,C41092,Australia,49.96
103286,S545,Streaming subscription,4,2024-03-23,20.61,C27355,Australia,82.44
103287,S239,Streaming subscription,2,2024-03-23,14.05,C38812,Australia,28.1
103288,S703,Streaming subscription,2,2024-03-23,14.54,C28982,Australia,29.08
103289,S761,Streaming subscription,2,2024-03-23,14.2,C55983,Canada,28.4
103300,S673,Streaming subscription,1,2024-03-23,18.64,C52890,France,18.64
103291,S188,Streaming subscription,5,2024-03-23,10.42,C46460,Canada,52.1
103292,S647,Streaming subscription,1,2024-03-23,12.84,C43035,Canada,12.84
103293,S462,Streaming subscription,3,2024-03-23,20.26,C85059,Canada,60.78
103294,S479,Streaming subscription,3,2024-03-23,16.59,C29440,Canada,49.769999999999996
103295,S895,Streaming subscription,3,2024-03-23,19.11,C40115,Canada,57.33
103296,S688,Streaming subscription,3,2024-03-23,15.51,C89966,Canada,46.53
103297,S877,Streaming subscription,4,2024-03-23,16.72,C44901,France,66.88
103298,S748,Streaming subscription,1,2024-03-23,18.06,C67119,France,18.06
103290,S795,Streaming subscription,1,2024-03-23,10.85,C35520,Canada,10.85
103349,S580,Streaming subscription,4,2024-03-24,19.68,C84344,Germany,78.72
103348,S939,Streaming subscription,1,2024-03-24,23.87,C67173,Germany,23.87
103347,S572,Streaming subscription,5,2024-03-24,25.13,C79594,Germany,125.64999999999999
103343,S805,Streaming subscription,2,2024-03-24,18.89,C73978,France,37.78
103345,S180,Streaming subscription,4,2024-03-24,23.2,C89160,Germany,92.8
103344,S938,Streaming subscription,2,2024-03-24,15.38,C32192,France,30.76
103350,S431,Streaming subscription,4,2024-03-24,23.85,C15235,Germany,95.4
103346,S643,Streaming subscription,3,2024-03-24,26.12,C87499,Germany,78.36
103351,S213,Streaming subscription,5,2024-03-24,23.12,C74732,Germany,115.60000000000001
103355,S415,Streaming subscription,5,2024-03-24,23.87,C87736,United Kingdom,119.35000000000001
103353,S590,Streaming subscription,3,2024-03-24,20.76,C51114,United Kingdom,62.28
103354,S752,Streaming subscription,5,2024-03-24,40.0,C62179,United Kingdom,200.0
103356,S588,Streaming subscription,2,2024-03-24,22.6,C71967,United Kingdom,45.2
103357,S103,Streaming subscription,3,2024-03-24,27.19,C90145,United Kingdom,81.57000000000001
103358,S737,Streaming subscription,4,2024-03-24,24.49,C65818,United Kingdom,97.96
103359,S631,Streaming subscription,3,2024-03-24,23.05,C61922,United Kingdom,69.15
103360,S781,Streaming subscription,5,2024-03-24,22.31,C97989,United Kingdom,111.55
103342,S143,Streaming subscription,1,2024-03-24,17.39,C39261,France,17.39
103352,S819,Streaming subscription,5,2024-03-24,17.36,C30071,Germany,86.8
103341,S751,Streaming subscription,5,2024-03-24,21.14,C92045,France,105.7
103340,S104,Streaming subscription,3,2024-03-24,23.52,C53757,France,70.56
103339,S277,Streaming subscription,4,2024-03-24,17.08,C87204,France,68.32
103322,S378,Streaming subscription,3,2024-03-24,18.94,C12624,Australia,56.82000000000001
103323,S474,Streaming subscription,1,2024-03-24,14.72,C70191,Australia,14.72
103324,S703,Streaming subscription,4,2024-03-24,13.69,C34998,Australia,54.76
103325,S929,Streaming subscription,2,2024-03-24,22.0,C52637,Australia,44.0
103326,S162,Streaming subscription,3,2024-03-24,19.11,C56757,Australia,57.33
103327,S700,Streaming subscription,1,2024-03-24,22.09,C11067,Australia,22.09
103328,S300,Streaming subscription,4,2024-03-24,18.44,C49873,Australia,73.76
103329,S611,Streaming subscription,2,2024-03-24,14.83,C12293,Canada,29.66
103321,S242,Streaming subscription,3,2024-03-24,20.29,C23741,Australia,60.87
103331,S959,Streaming subscription,5,2024-03-24,17.73,C62002,Canada,88.65
103332,S116,Streaming subscription,-2,2024-03-24,15.84,C66866,Canada,-31.68
103333,S389,Streaming subscription,4,2024-03-24,17.19,C50710,Canada,68.76
103334,S862,Streaming subscription,4,2024-03-24,15.14,C25835,Canada,60.56
103335,S701,Streaming subscription,1,2024-03-24,18.97,C20098,Canada,18.97
103336,S541,Streaming subscription,2,2024-03-24,16.49,C78743,Canada,32.98
103337,S468,Streaming subscription,5,2024-03-24,18.03,C59572,France,90.15
103338,S192,Streaming subscription,4,2024-03-24,16.86,C56657,France,67.44
103330,S101,Streaming subscription,5,2024-03-24,21.62,C12353,Canada,108.10000000000001
103388,S197,Streaming subscription,2,2024-03-25,24.44,C92100,Germany,48.88
103387,S597,Streaming subscription,3,2024-03-25,23.5,C37058,Germany,70.5
103383,S747,Streaming subscription,3,2024-03-25,30.21,C30383,France,90.63
103385,S811,Streaming subscription,2,2024-03-25,24.56,C32522,Germany,49.12
103384,S945,Streaming subscription,4,2024-03-25,27.57,C99801,France,110.28
103389,S550,Streaming subscription,4,2024-03-25,26.07,C87130,Germany,104.28
103386,S896,Streaming subscription,4,2024-03-25,26.48,C63716,Germany,105.92
103390,S425,Streaming subscription,4,2024-03-25,27.6,C59733,Germany,110.4
103395,S607,Streaming subscription,5,2024-03-25,29.65,C15438,United Kingdom,148.25
103392,S565,Streaming subscription,5,2024-03-25,23.11,C34871,Germany,115.55
103393,S572,Streaming subscription,5,2024-03-25,28.28,C31232,United Kingdom,141.4
103394,S916,Streaming subscription,2,2024-03-25,31.41,C70149,United Kingdom,62.82
103396,S451,Streaming subscription,3,2024-03-25,36.31,C14121,United Kingdom,108.93
103397,S984,Streaming subscription,5,2024-03-25,35.54,C34909,United Kingdom,177.7
103398,S699,Streaming subscription,-1,2024-03-25,34.5,C69062,United Kingdom,-34.5
103399,S651,Streaming subscription,3,2024-03-25,32.75,C60596,United Kingdom,98.25
103382,S198,Streaming subscription,3,2024-03-25,21.6,C88559,France,64.80000000000001
103391,S438,Streaming subscription,1,2024-03-25,25.07,C65546,Germany,25.07
103381,S543,Streaming subscription,1,2024-03-25,23.47,C32788,France,23.47
103400,S473,Streaming subscription,2,2024-03-25,32.4,C66298,United Kingdom,64.8
103379,S188,Streaming subscription,1,2024-03-25,23.15,C21537,France,23.15
103361,S332,Streaming subscription,-1,2024-03-25,23.37,C53785,Australia,-23.37
103362,S237,Streaming subscription,1,2024-03-25,20.37,C42441,Australia,20.37
103363,S832,Streaming subscription,2,2024-03-25,22.17,C95667,Australia,44.34
103364,S190,Streaming subscription,3,2024-03-25,25.61,C36980,Australia,76.83
103365,S298,Streaming subscription,2,2024-03-25,21.09,C65605,Australia,42.18
103366,S830,Streaming subscription,5,2024-03-25,20.63,C39262,Australia,103.14999999999999
103367,S279,Streaming subscription,5,2024-03-25,25.95,C34207,Australia,129.75
103368,S985,Streaming subscription,2,2024-03-25,24.39,C66418,Australia,48.78
103369,S687,Streaming subscription,4,2024-03-25,24.72,C76737,Canada,98.88
103380,S788,Streaming subscription,1,2024-03-25,20.67,C45878,France,20.67
103371,S511,Streaming subscription,1,2024-03-25,12.97,C77319,Canada,12.97
103372,S743,Streaming subscription,3,2024-03-25,16.5,C35697,Canada,49.5
103373,S851,Streaming subscription,3,2024-03-25,18.86,C89834,Canada,56.58
103374,S678,Streaming subscription,2,2024-03-25,17.69,C53761,Canada,35.38
103375,S678,Streaming subscription,2,2024-03-25,14.33,C50947,Canada,28.66
103376,S315,Streaming subscription,2,2024-03-25,13.22,C43871,Canada,26.44
103377,S624,Streaming subscription,4,2024-03-25,22.57,C57099,France,90.28
103378,S493,Streaming subscription,3,2024-03-25,26.48,C40681,France,79.44
103370,S728,Streaming subscription,5,2024-03-25,19.64,C89644,Canada,98.2
103428,S676,Streaming subscription,2,2024-03-26,26.11,C88414,Germany,52.22
103427,S951,Streaming subscription,4,2024-03-26,24.74,C98937,Germany,98.96
103423,S115,Streaming subscription,1,2024-03-26,26.8,C72363,France,26.8
103425,S443,Streaming subscription,1,2024-03-26,21.97,C62896,Germany,21.97
103424,S983,Streaming subscription,4,2024-03-26,26.29,C37602,France,105.16
103429,S563,Streaming subscription,1,2024-03-26,25.03,C17662,Germany,25.03
103426,S363,Streaming subscription,2,2024-03-26,26.61,C27929,Germany,53.22
103430,S753,Streaming subscription,5,2024-03-26,24.46,C53227,Germany,122.30000000000001
103435,S906,Streaming subscription,3,2024-03-26,33.64,C67744,United Kingdom,100.92
103432,S148,Streaming subscription,2,2024-03-26,28.33,C23658,Germany,56.66
103433,S448,Streaming subscription,5,2024-03-26,35.15,C74558,United Kingdom,175.75
103434,S591,Streaming subscription,4,2024-03-26,35.64,C13292,United Kingdom,142.56
103436,S136,Streaming subscription,4,2024-03-26,39.09,C74372,United Kingdom,156.36
103437,S115,Streaming subscription,-1,2024-03-26,27.05,C66565,United Kingdom,-27.05
103438,S254,Streaming subscription,5,2024-03-26,26.28,C53911,United Kingdom,131.4
103439,S664,Streaming subscription,1,2024-03-26,36.51,C34886,United Kingdom,36.51
103422,S355,Streaming subscription,4,2024-03-26,19.6,C37442,France,78.4
103431,S774,Streaming subscription,3,2024-03-26,31.06,C47886,Germany,93.17999999999999
103421,S474,Streaming subscription,5,2024-03-26,18.87,C98497,France,94.35000000000001
103440,S650,Streaming subscription,2,2024-03-26,32.28,C15321,United Kingdom,64.56
103419,S450,Streaming subscription,2,2024-03-26,23.62,C22389,France,47.24
103401,S792,Streaming subscription,3,2024-03-26,22.73,C83389,Australia,68.19
103402,S735,Streaming subscription,5,2024-03-26,21.77,C75016,Australia,108.85
103403,S619,Streaming subscription,5,2024-03-26,25.93,C59716,Australia,129.65
103404,S175,Streaming subscription,5,2024-03-26,20.18,C73177,Australia,100.9
103405,S643,Streaming subscription,3,2024-03-26,21.6,C62201,Australia,64.80000000000001
103406,S290,Streaming subscription,4,2024-03-26,21.77,C18049,Australia,87.08
103407,S494,Streaming subscription,1,2024-03-26,20.07,C28227,Australia,20.07
103408,S537,Streaming subscription,2,2024-03-26,23.94,C55822,Australia,47.88
103409,S204,Streaming subscription,1,2024-03-26,22.77,C43774,Canada,22.77
103420,S974,Streaming subscription,5,2024-03-26,19.8,C48148,France,99.0
103411,S967,Streaming subscription,4,2024-03-26,23.23,C92766,Canada,92.92
103412,S849,Streaming subscription,4,2024-03-26,16.06,C13881,Canada,64.24
103413,S600,Streaming subscription,1,2024-03-26,13.47,C34562,Canada,13.47
103414,S545,Streaming subscription,5,2024-03-26,18.02,C91175,Canada,90.1
103415,S888,Streaming subscription,2,2024-03-26,14.32,C87260,Canada,28.64
103416,S731,Streaming subscription,5,2024-03-26,18.98,C23731,Canada,94.9
103417,S165,Streaming subscription,1,2024-03-26,26.18,C81621,France,26.18
103418,S416,Streaming subscription,2,2024-03-26,22.5,C54596,France,45.0
103410,S605,Streaming subscription,4,2024-03-26,18.9,C25150,Canada,75.6
103468,S141,Streaming subscription,2,2024-03-27,28.91,C54896,Germany,57.82
103467,S731,Streaming subscription,4,2024-03-27,23.41,C25295,Germany,93.64
103466,S521,Streaming subscription,4,2024-03-27,21.61,C44869,Germany,86.44
103462,S727,Streaming subscription,3,2024-03-27,25.23,C57195,France,75.69
103464,S147,Streaming subscription,2,2024-03-27,25.54,C86355,France,51.08
103463,S951,Streaming subscription,1,2024-03-27,24.12,C12219,France,24.12
103469,S417,Streaming subscription,1,2024-03-27,26.78,C76198,Germany,26.78
103465,S716,Streaming subscription,1,2024-03-27,24.98,C47583,Germany,24.98
103470,S500,Streaming subscription,2,2024-03-27,26.38,C49385,Germany,52.76
103474,S404,Streaming subscription,4,2024-03-27,35.67,C59694,United Kingdom,142.68
103472,S959,Streaming subscription,4,2024-03-27,26.75,C23015,Germany,107.0
103473,S198,Streaming subscription,2,2024-03-27,27.44,C94583,United Kingdom,54.88
103475,S469,Streaming subscription,2,2024-03-27,32.39,C78766,United Kingdom,64.78
103476,S998,Streaming subscription,3,2024-03-27,33.56,C50521,United Kingdom,100.68
103477,S992,Streaming subscription,1,2024-03-27,33.57,C89067,United Kingdom,33.57
103478,S503,Streaming subscription,4,2024-03-27,33.11,C99294,United Kingdom,132.44
103479,S670,Streaming subscription,2,2024-03-27,36.03,C41580,United Kingdom,72.06
103461,S391,Streaming subscription,5,2024-03-27,19.23,C57050,France,96.15
103471,S872,Streaming subscription,3,2024-03-27,27.39,C95558,Germany,82.17
103480,S921,Streaming subscription,2,2024-03-27,40.0,C59846,United Kingdom,80.0
103460,S705,Streaming subscription,3,2024-03-27,34.07,C85348,France,102.21000000000001
103458,S167,Streaming subscription,4,2024-03-27,25.92,C41718,France,103.68
103459,S199,Streaming subscription,4,2024-03-27,26.03,C78880,France,104.12
103441,S924,Streaming subscription,2,2024-03-27,20.68,C39932,Australia,41.36
103442,S495,Streaming subscription,3,2024-03-27,21.36,C59268,Australia,64.08
103443,S688,Streaming subscription,2,2024-03-27,26.13,C93733,Australia,52.26
103444,S667,Streaming subscription,1,2024-03-27,30.41,C22692,Australia,30.41
103446,S687,Streaming subscription,3,2024-03-27,21.37,C76382,Australia,64.11
103447,S601,Streaming subscription,2,2024-03-27,15.04,C23151,Australia,30.08
103448,S330,Streaming subscription,4,2024-03-27,20.83,C60453,Australia,83.32
103445,S348,Streaming subscription,1,2024-03-27,24.28,C20429,Australia,24.28
103450,S567,Streaming subscription,2,2024-03-27,19.18,C10890,Canada,38.36
103449,S542,Streaming subscription,5,2024-03-27,18.3,C91685,Canada,91.5
103456,S111,Streaming subscription,3,2024-03-27,18.48,C68043,Canada,55.44
103455,S554,Streaming subscription,4,2024-03-27,20.89,C30034,Canada,83.56
103454,S721,Streaming subscription,5,2024-03-27,21.32,C23052,Canada,106.6
103457,S643,Streaming subscription,4,2024-03-27,24.06,C25499,France,96.24
103452,S706,Streaming subscription,1,2024-03-27,20.66,C24677,Canada,20.66
103451,S508,Streaming subscription,2,2024-03-27,17.77,C14983,Canada,35.54
103453,S381,Streaming subscription,1,2024-03-27,16.38,C98697,Canada,16.38
103509,S891,Streaming subscription,4,2024-03-28,34.13,C10235,Germany,136.52
103503,S103,Streaming subscription,1,2024-03-28,20.07,C30112,France,20.07
103504,S436,Streaming subscription,3,2024-03-28,25.5,C67981,France,76.5
103505,S364,Streaming subscription,4,2024-03-28,29.61,C45673,Germany,118.44
103506,S940,Streaming subscription,4,2024-03-28,22.04,C96904,Germany,88.16
103507,S830,Streaming subscription,2,2024-03-28,29.04,C71499,Germany,58.08
103508,S802,Streaming subscription,1,2024-03-28,29.89,C13849,Germany,29.89
103510,S673,Streaming subscription,5,2024-03-28,27.27,C47603,Germany,136.35
103502,S420,Streaming subscription,3,2024-03-28,24.81,C26667,France,74.42999999999999
103512,S367,Streaming subscription,1,2024-03-28,30.08,C99799,Germany,30.08
103513,S503,Streaming subscription,3,2024-03-28,32.94,C19015,United Kingdom,98.82
103514,S166,Streaming subscription,1,2024-03-28,27.62,C55353,United Kingdom,27.62
103515,S186,Streaming subscription,5,2024-03-28,33.14,C89909,United Kingdom,165.7
103516,S514,Streaming subscription,3,2024-03-28,29.94,C48870,United Kingdom,89.82000000000001
103517,S303,Streaming subscription,4,2024-03-28,36.97,C40619,United Kingdom,147.88
103518,S886,Streaming subscription,4,2024-03-28,28.57,C50457,United Kingdom,114.28
103519,S350,Streaming subscription,3,2024-03-28,30.48,C47656,United Kingdom,91.44
103511,S311,Streaming subscription,-2,2024-03-28,26.26,C79364,Germany,-52.52
103501,S564,Streaming subscription,1,2024-03-28,21.5,C77778,France,21.5
103520,S242,Streaming subscription,4,2024-03-28,30.35,C30500,United Kingdom,121.4
103499,S130,Streaming subscription,2,2024-03-28,22.28,C79796,France,44.56
103481,S785,Streaming subscription,4,2024-03-28,25.58,C57982,Australia,102.32
103482,S520,Streaming subscription,1,2024-03-28,15.13,C44197,Australia,15.13
103483,S864,Streaming subscription,3,2024-03-28,26.79,C45733,Australia,80.37
103484,S262,Streaming subscription,5,2024-03-28,24.43,C55257,Australia,122.15
103485,S359,Streaming subscription,2,2024-03-28,18.72,C67569,Australia,37.44
103486,S720,Streaming subscription,2,2024-03-28,25.89,C33618,Australia,51.78
103487,S743,Streaming subscription,3,2024-03-28,17.96,C75358,Australia,53.88
103488,S657,Streaming subscription,1,2024-03-28,12.02,C62137,Australia,12.02
103489,S502,Streaming subscription,5,2024-03-28,17.75,C24027,Canada,88.75
103500,S390,Streaming subscription,5,2024-03-28,21.49,C42928,France,107.44999999999999
103491,S449,Streaming subscription,3,2024-03-28,15.12,C29353,Canada,45.36
103498,S169,Streaming subscription,1,2024-03-28,18.61,C58921,France,18.61
103497,S312,Streaming subscription,1,2024-03-28,23.4,C27078,France,23.4
103496,S311,Streaming subscription,3,2024-03-28,16.93,C75271,Canada,50.79
103490,S928,Streaming subscription,4,2024-03-28,14.37,C85033,Canada,57.48
103494,S254,Streaming subscription,1,2024-03-28,26.36,C30554,Canada,26.36
103493,S376,Streaming subscription,5,2024-03-28,10.85,C57823,Canada,54.25
103492,S485,Streaming subscription,4,2024-03-28,16.39,C92783,Canada,65.56
103495,S288,Streaming subscription,5,2024-03-28,15.27,C58808,Canada,76.35
103550,S330,Streaming subscription,3,2024-03-29,27.38,C89975,Germany,82.14
103543,S207,Streaming subscription,2,2024-03-29,28.66,C58783,France,57.32
103544,S868,Streaming subscription,2,2024-03-29,21.67,C25407,France,43.34
103546,S781,Streaming subscription,3,2024-03-29,26.26,C46334,Germany,78.78
103547,S173,Streaming subscription,1,2024-03-29,26.89,C43911,Germany,26.89
103548,S665,Streaming subscription,5,2024-03-29,27.6,C93731,Germany,138.0
103549,S726,Streaming subscription,3,2024-03-29,27.17,C64529,Germany,81.51
103551,S576,Streaming subscription,4,2024-03-29,32.64,C27593,Germany,130.56
103556,S243,Streaming subscription,5,2024-03-29,35.46,C36836,United Kingdom,177.3
103553,S952,Streaming subscription,3,2024-03-29,31.92,C66614,United Kingdom,95.76
103554,S324,Streaming subscription,1,2024-03-29,25.3,C73858,United Kingdom,25.3
103555,S162,Streaming subscription,3,2024-03-29,24.45,C52203,United Kingdom,73.35
103542,S602,Streaming subscription,3,2024-03-29,24.34,C70939,France,73.02
103557,S472,Streaming subscription,4,2024-03-29,33.11,C15365,United Kingdom,132.44
103558,S522,Streaming subscription,3,2024-03-29,32.9,C11269,United Kingdom,98.69999999999999
103559,S820,Streaming subscription,4,2024-03-29,40.0,C42928,United Kingdom,160.0
103560,S668,Streaming subscription,5,2024-03-29,38.62,C87166,United Kingdom,193.1
103552,S478,Streaming subscription,1,2024-03-29,24.95,C98851,Germany,24.95
103541,S886,Streaming subscription,1,2024-03-29,24.67,C26229,France,24.67
103545,S396,Streaming subscription,3,2024-03-29,31.06,C48824,Germany,93.17999999999999
103539,S722,Streaming subscription,3,2024-03-29,27.82,C31574,France,83.46000000000001
103540,S698,Streaming subscription,2,2024-03-29,22.63,C49720,France,45.26
103522,S881,Streaming subscription,5,2024-03-29,16.73,C17123,Australia,83.65
103523,S857,Streaming subscription,4,2024-03-29,23.46,C33933,Australia,93.84
103524,S249,Streaming subscription,1,2024-03-29,27.18,C75974,Australia,27.18
103525,S293,Streaming subscription,3,2024-03-29,24.62,C63111,Australia,73.86
103526,S300,Streaming subscription,3,2024-03-29,24.7,C61173,Australia,74.1
103527,S968,Streaming subscription,4,2024-03-29,18.08,C96629,Australia,72.32
103528,S742,Streaming subscription,4,2024-03-29,19.66,C62594,Australia,78.64
103529,S687,Streaming subscription,5,2024-03-29,20.41,C88146,Canada,102.05
103521,S461,Streaming subscription,5,2024-03-29,19.8,C18260,Australia,99.0
103531,S207,Streaming subscription,3,2024-03-29,12.21,C92714,Canada,36.63
103530,S331,Streaming subscription,-2,2024-03-29,13.21,C66198,Canada,-26.42
103537,S968,Streaming subscription,4,2024-03-29,23.92,C56157,France,95.68
103536,S103,Streaming subscription,5,2024-03-29,22.22,C23005,Canada,111.1
103538,S394,Streaming subscription,1,2024-03-29,21.08,C97565,France,21.08
103534,S896,Streaming subscription,3,2024-03-29,15.73,C65738,Canada,47.19
103533,S237,Streaming subscription,2,2024-03-29,12.1,C31843,Canada,24.2
103532,S509,Streaming subscription,1,2024-03-29,17.89,C62195,Canada,17.89
103535,S322,Streaming subscription,4,2024-03-29,18.32,C71418,Canada,73.28
103583,S131,Streaming subscription,2,2024-03-30,22.98,C69007,France,45.96
103589,S907,Streaming subscription,5,2024-03-30,26.97,C79530,Germany,134.85
103584,S309,Streaming subscription,5,2024-03-30,18.41,C89668,France,92.05
103585,S202,Streaming subscription,2,2024-03-30,21.46,C20738,Germany,42.92
103586,S516,Streaming subscription,1,2024-03-30,18.91,C21909,Germany,18.91
103587,S931,Streaming subscription,1,2024-03-30,24.48,C61764,Germany,24.48
103588,S939,Streaming subscription,2,2024-03-30,26.29,C16232,Germany,52.58
103590,S585,Streaming subscription,5,2024-03-30,23.53,C32382,Germany,117.65
103595,S635,Streaming subscription,3,2024-03-30,24.32,C30954,United Kingdom,72.96000000000001
103592,S312,Streaming subscription,1,2024-03-30,22.96,C31815,Germany,22.96
103593,S885,Streaming subscription,2,2024-03-30,28.66,C69083,United Kingdom,57.32
103594,S561,Streaming subscription,3,2024-03-30,25.7,C12662,United Kingdom,77.1
103596,S365,Streaming subscription,5,2024-03-30,24.99,C82491,United Kingdom,124.94999999999999
103597,S466,Streaming subscription,5,2024-03-30,23.74,C88385,United Kingdom,118.69999999999999
103598,S696,Streaming subscription,1,2024-03-30,25.66,C38749,United Kingdom,25.66
103599,S677,Streaming subscription,5,2024-03-30,26.05,C87426,United Kingdom,130.25
103582,S930,Streaming subscription,3,2024-03-30,21.46,C99305,France,64.38
103591,S292,Streaming subscription,4,2024-03-30,20.56,C84568,Germany,82.24
103581,S811,Streaming subscription,4,2024-03-30,23.85,C34658,France,95.4
103600,S801,Streaming subscription,1,2024-03-30,34.09,C23078,United Kingdom,34.09
103579,S203,Streaming subscription,5,2024-03-30,17.63,C73142,France,88.14999999999999
103561,S381,Streaming subscription,3,2024-03-30,17.95,C76403,Australia,53.849999999999994
103562,S919,Streaming subscription,5,2024-03-30,23.6,C10589,Australia,118.0
103563,S471,Streaming subscription,2,2024-03-30,19.39,C91458,Australia,38.78
103564,S382,Streaming subscription,1,2024-03-30,23.53,C92747,Australia,23.53
103565,S842,Streaming subscription,1,2024-03-30,19.38,C24261,Australia,19.38
103566,S814,Streaming subscription,5,2024-03-30,20.62,C44281,Australia,103.10000000000001
103567,S800,Streaming subscription,2,2024-03-30,22.49,C80024,Australia,44.98
103568,S791,Streaming subscription,3,2024-03-30,21.25,C75712,Australia,63.75
103569,S844,Streaming subscription,3,2024-03-30,16.72,C35355,Canada,50.16
103580,S279,Streaming subscription,1,2024-03-30,24.05,C63428,France,24.05
103571,S615,Streaming subscription,5,2024-03-30,10.88,C69988,Canada,54.400000000000006
103572,S108,Streaming subscription,4,2024-03-30,17.51,C11365,Canada,70.04
103573,S596,Streaming subscription,3,2024-03-30,11.7,C39139,Canada,35.099999999999994
103574,S353,Streaming subscription,4,2024-03-30,14.23,C66993,Canada,56.92
103575,S998,Streaming subscription,1,2024-03-30,17.21,C48441,Canada,17.21
103576,S220,Streaming subscription,2,2024-03-30,16.68,C41919,Canada,33.36
103577,S253,Streaming subscription,4,2024-03-30,21.4,C27998,France,85.6
103578,S756,Streaming subscription,1,2024-03-30,17.06,C28368,France,17.06
103570,S762,Streaming subscription,1,2024-03-30,13.29,C80904,Canada,13.29
103628,S144,Streaming subscription,1,2024-03-31,24.84,C67103,Germany,24.84
103627,S764,Streaming subscription,4,2024-03-31,24.53,C56397,Germany,98.12
103623,S792,Streaming subscription,2,2024-03-31,15.32,C86103,France,30.64
103625,S571,Streaming subscription,2,2024-03-31,23.36,C69122,Germany,46.72
103624,S363,Streaming subscription,4,2024-03-31,19.96,C73878,France,79.84
103629,S772,Streaming subscription,1,2024-03-31,25.65,C55104,Germany,25.65
103626,S853,Streaming subscription,5,2024-03-31,29.13,C42303,Germany,145.65
103630,S995,Streaming subscription,2,2024-03-31,30.08,C56256,Germany,60.16
103635,S265,Streaming subscription,1,2024-03-31,25.77,C61072,United Kingdom,25.77
103632,S484,Streaming subscription,3,2024-03-31,21.82,C76673,Germany,65.46000000000001
103633,S990,Streaming subscription,4,2024-03-31,30.95,C23118,United Kingdom,123.8
103634,S321,Streaming subscription,2,2024-03-31,27.62,C31910,United Kingdom,55.24
103636,S608,Streaming subscription,2,2024-03-31,28.31,C27166,United Kingdom,56.62
103637,S181,Streaming subscription,1,2024-03-31,23.03,C33872,United Kingdom,23.03
103638,S712,Streaming subscription,4,2024-03-31,28.92,C58196,United Kingdom,115.68
103639,S796,Streaming subscription,-2,2024-03-31,23.87,C46303,United Kingdom,-47.74
103622,S696,Streaming subscription,1,2024-03-31,22.81,C88676,France,22.81
103631,S525,Streaming subscription,5,2024-03-31,20.27,C58182,Germany,101.35
103621,S603,Streaming subscription,5,2024-03-31,15.87,C74524,France,79.35
103640,S283,Streaming subscription,2,2024-03-31,27.12,C26194,United Kingdom,54.24
103619,S643,Streaming subscription,5,2024-03-31,19.21,C23206,France,96.05000000000001
103620,S671,Streaming subscription,3,2024-03-31,26.92,C29904,France,80.76
103601,S827,Streaming subscription,5,2024-03-31,14.88,C89445,Australia,74.4
103602,S253,Streaming subscription,5,2024-03-31,14.91,C87152,Australia,74.55
103603,S983,Streaming subscription,5,2024-03-31,18.73,C40880,Australia,93.65
103604,S465,Streaming subscription,4,2024-03-31,15.4,C25807,Australia,61.6
103605,S548,Streaming subscription,1,2024-03-31,16.23,C93572,Australia,16.23
103607,S598,Streaming subscription,2,2024-03-31,17.04,C60807,Australia,34.08
103608,S484,Streaming subscription,5,2024-03-31,17.73,C60279,Australia,88.65
103609,S359,Streaming subscription,1,2024-03-31,18.59,C64257,Canada,18.59
103606,S817,Streaming subscription,1,2024-03-31,28.76,C57016,Australia,28.76
103611,S791,Streaming subscription,4,2024-03-31,14.1,C14703,Canada,56.4
103610,S221,Streaming subscription,2,2024-03-31,12.54,C31353,Canada,25.08
103617,S755,Streaming subscription,1,2024-03-31,24.06,C88691,France,24.06
103616,S687,Streaming subscription,2,2024-03-31,14.63,C97146,Canada,29.26
103615,S129,Streaming subscription,4,2024-03-31,16.79,C34251,Canada,67.16
103618,S144,Streaming subscription,1,2024-03-31,22.94,C33871,France,22.94
103613,S674,Streaming subscription,4,2024-03-31,19.14,C62576,Canada,76.56
103612,S397,Streaming subscription,5,2024-03-31,16.97,C66348,Canada,84.85
103614,S553,Streaming subscription,3,2024-03-31,23.34,C54102,Canada,70.02
103662,S299,Streaming subscription,1,2024-04-01,20.48,C92464,France,20.48
103663,S370,Streaming subscription,5,2024-04-01,23.67,C84007,France,118.35000000000001
103664,S916,Streaming subscription,5,2024-04-01,21.15,C65237,France,105.75
103665,S811,Streaming subscription,2,2024-04-01,27.36,C69073,Germany,54.72
103667,S432,Streaming subscription,4,2024-04-01,27.74,C17879,Germany,110.96
103668,S877,Streaming subscription,5,2024-04-01,37.43,C16258,Germany,187.15
103669,S702,Streaming subscription,5,2024-04-01,26.3,C21236,Germany,131.5
103670,S398,Streaming subscription,1,2024-04-01,24.32,C72344,Germany,24.32
103671,S919,Streaming subscription,1,2024-04-01,29.78,C76468,Germany,29.78
103673,S271,Streaming subscription,1,2024-04-01,29.99,C87008,United Kingdom,29.99
103661,S335,Streaming subscription,2,2024-04-01,22.02,C45561,France,44.04
103675,S446,Streaming subscription,2,2024-04-01,30.2,C37836,United Kingdom,60.4
103676,S548,Streaming subscription,3,2024-04-01,31.56,C62664,United Kingdom,94.67999999999999
103677,S482,Streaming subscription,2,2024-04-01,33.06,C84024,United Kingdom,66.12
103678,S393,Streaming subscription,3,2024-04-01,38.54,C33461,United Kingdom,115.62
103679,S308,Streaming subscription,5,2024-04-01,30.47,C56893,United Kingdom,152.35
103680,S241,Streaming subscription,3,2024-04-01,32.09,C90201,United Kingdom,96.27000000000001
103672,S508,Streaming subscription,2,2024-04-01,22.78,C45097,Germany,45.56
103674,S703,Streaming subscription,5,2024-04-01,29.34,C59001,United Kingdom,146.7
103666,S419,Streaming subscription,4,2024-04-01,33.04,C15044,Germany,132.16
103658,S332,Streaming subscription,2,2024-04-01,23.69,C70905,France,47.38
103659,S500,Streaming subscription,1,2024-04-01,20.71,C34299,France,20.71
103641,S684,Streaming subscription,3,2024-04-01,26.68,C51016,Australia,80.03999999999999
103642,S643,Streaming subscription,4,2024-04-01,24.26,C92712,Australia,97.04
103643,S863,Streaming subscription,1,2024-04-01,25.35,C99035,Australia,25.35
103644,S532,Streaming subscription,5,2024-04-01,25.61,C84443,Australia,128.05
103645,S349,Streaming subscription,1,2024-04-01,15.16,C86995,Australia,15.16
103646,S226,Streaming subscription,3,2024-04-01,22.03,C81131,Australia,66.09
103647,S414,Streaming subscription,3,2024-04-01,28.67,C54088,Australia,86.01
103648,S204,Streaming subscription,4,2024-04-01,25.45,C90032,Australia,101.8
103660,S794,Streaming subscription,3,2024-04-01,22.24,C56430,France,66.72
103650,S984,Streaming subscription,1,2024-04-01,18.93,C36083,Canada,18.93
103649,S787,Streaming subscription,2,2024-04-01,13.87,C59935,Canada,27.74
103656,S709,Streaming subscription,3,2024-04-01,20.68,C76811,Canada,62.04
103655,S154,Streaming subscription,3,2024-04-01,23.25,C56245,Canada,69.75
103657,S991,Streaming subscription,1,2024-04-01,25.82,C41668,France,25.82
103653,S600,Streaming subscription,5,2024-04-01,20.64,C27124,Canada,103.2
103652,S551,Streaming subscription,3,2024-04-01,24.26,C67052,Canada,72.78
103651,S933,Streaming subscription,5,2024-04-01,17.36,C10133,Canada,86.8
103654,S898,Streaming subscription,2,2024-04-01,12.66,C67120,Canada,25.32
103702,S577,Streaming subscription,3,2024-04-02,22.83,C80358,France,68.49
103709,S265,Streaming subscription,4,2024-04-02,29.63,C84830,Germany,118.52
103703,S443,Streaming subscription,2,2024-04-02,25.94,C91509,France,51.88
103704,S551,Streaming subscription,3,2024-04-02,19.31,C77065,France,57.92999999999999
103705,S871,Streaming subscription,3,2024-04-02,32.95,C69837,Germany,98.85000000000001
103706,S997,Streaming subscription,1,2024-04-02,25.41,C14727,Germany,25.41
103707,S158,Streaming subscription,5,2024-04-02,31.2,C63103,Germany,156.0
103708,S907,Streaming subscription,3,2024-04-02,30.88,C66583,Germany,92.64
103710,S869,Streaming subscription,5,2024-04-02,26.33,C65811,Germany,131.64999999999998
103714,S375,Streaming subscription,2,2024-04-02,30.17,C73058,United Kingdom,60.34
103712,S955,Streaming subscription,4,2024-04-02,31.01,C56309,Germany,124.04
103713,S204,Streaming subscription,1,2024-04-02,34.71,C43769,United Kingdom,34.71
103715,S106,Streaming subscription,5,2024-04-02,30.9,C86075,United Kingdom,154.5
103716,S242,Streaming subscription,3,2024-04-02,32.0,C23610,United Kingdom,96.0
103717,S558,Streaming subscription,4,2024-04-02,27.12,C42197,United Kingdom,108.48
103718,S355,Streaming subscription,4,2024-04-02,33.35,C91815,United Kingdom,133.4
103719,S832,Streaming subscription,3,2024-04-02,31.76,C53107,United Kingdom,95.28
103701,S542,Streaming subscription,5,2024-04-02,24.15,C51379,France,120.75
103711,S673,Streaming subscription,5,2024-04-02,31.12,C55405,Germany,155.6
103720,S285,Streaming subscription,-2,2024-04-02,34.56,C44675,United Kingdom,-69.12
103700,S505,Streaming subscription,5,2024-04-02,23.14,C72130,France,115.7
103698,S155,Streaming subscription,3,2024-04-02,22.34,C53749,France,67.02
103699,S755,Streaming subscription,1,2024-04-02,27.55,C78761,France,27.55
103681,S498,Streaming subscription,4,2024-04-02,19.46,C58444,Australia,77.84
103682,S217,Streaming subscription,1,2024-04-02,20.91,C52559,Australia,20.91
103683,S370,Streaming subscription,-1,2024-04-02,25.02,C41597,Australia,-25.02
103684,S836,Streaming subscription,-1,2024-04-02,22.48,C72673,Australia,-22.48
103686,S369,Streaming subscription,5,2024-04-02,26.4,C19708,Australia,132.0
103687,S747,Streaming subscription,5,2024-04-02,28.69,C50698,Australia,143.45000000000002
103688,S411,Streaming subscription,4,2024-04-02,27.1,C16580,Australia,108.4
103685,S937,Streaming subscription,5,2024-04-02,17.41,C68068,Australia,87.05
103690,S819,Streaming subscription,2,2024-04-02,17.31,C12314,Canada,34.62
103689,S234,Streaming subscription,1,2024-04-02,15.37,C12868,Canada,15.37
103696,S750,Streaming subscription,1,2024-04-02,11.85,C80352,Canada,11.85
103695,S231,Streaming subscription,5,2024-04-02,20.14,C30420,Canada,100.7
103694,S108,Streaming subscription,5,2024-04-02,17.31,C69490,Canada,86.55
103697,S749,Streaming subscription,5,2024-04-02,29.57,C46632,France,147.85
103692,S586,Streaming subscription,2,2024-04-02,16.4,C96507,Canada,32.8
103691,S609,Streaming subscription,2,2024-04-02,17.81,C34335,Canada,35.62
103693,S414,Streaming subscription,5,2024-04-02,18.7,C76590,Canada,93.5
103750,S779,Streaming subscription,1,2024-04-03,27.52,C49008,Germany,27.52
103743,S970,Streaming subscription,1,2024-04-03,24.22,C99259,France,24.22
103744,S241,Streaming subscription,1,2024-04-03,26.33,C24656,France,26.33
103745,S597,Streaming subscription,5,2024-04-03,22.71,C22502,Germany,113.55000000000001
103746,S784,Streaming subscription,2,2024-04-03,27.41,C10052,Germany,54.82
103747,S517,Streaming subscription,-1,2024-04-03,32.22,C50812,Germany,-32.22
103748,S250,Streaming subscription,4,2024-04-03,26.58,C42507,Germany,106.32
103749,S248,Streaming subscription,4,2024-04-03,25.35,C70066,Germany,101.4
103751,S483,Streaming subscription,1,2024-04-03,26.51,C63968,Germany,26.51
103760,S689,Streaming subscription,5,2024-04-03,33.8,C18190,United Kingdom,169.0
103753,S952,Streaming subscription,5,2024-04-03,34.1,C12508,United Kingdom,170.5
103754,S121,Streaming subscription,2,2024-04-03,36.02,C10334,United Kingdom,72.04
103755,S996,Streaming subscription,3,2024-04-03,27.26,C69745,United Kingdom,81.78
103756,S956,Streaming subscription,4,2024-04-03,31.41,C61104,United Kingdom,125.64
103757,S998,Streaming subscription,5,2024-04-03,32.09,C40121,United Kingdom,160.45000000000002
103758,S330,Streaming subscription,-2,2024-04-03,38.07,C81993,United Kingdom,-76.14
103759,S504,Streaming subscription,3,2024-04-03,31.39,C69214,United Kingdom,94.17
103742,S199,Streaming subscription,4,2024-04-03,26.48,C44549,France,105.92
103752,S299,Streaming subscription,4,2024-04-03,28.92,C65790,Germany,115.68
103741,S921,Streaming subscription,4,2024-04-03,22.7,C28607,France,90.8
103740,S760,Streaming subscription,1,2024-04-03,20.78,C76582,France,20.78
103739,S138,Streaming subscription,2,2024-04-03,23.72,C26171,France,47.44
103722,S265,Streaming subscription,4,2024-04-03,18.84,C72754,Australia,75.36
103723,S360,Streaming subscription,2,2024-04-03,29.47,C86493,Australia,58.94
103724,S522,Streaming subscription,1,2024-04-03,22.35,C15058,Australia,22.35
103725,S982,Streaming subscription,3,2024-04-03,29.14,C96303,Australia,87.42
103726,S516,Streaming subscription,4,2024-04-03,19.17,C71076,Australia,76.68
103727,S677,Streaming subscription,1,2024-04-03,28.23,C26644,Australia,28.23
103728,S185,Streaming subscription,4,2024-04-03,19.09,C81533,Australia,76.36
103729,S126,Streaming subscription,2,2024-04-03,15.45,C41899,Canada,30.9
103721,S180,Streaming subscription,5,2024-04-03,20.97,C66615,Australia,104.85
103731,S977,Streaming subscription,5,2024-04-03,18.87,C84513,Canada,94.35000000000001
103732,S100,Streaming subscription,1,2024-04-03,16.54,C83096,Canada,16.54
103733,S603,Streaming subscription,3,2024-04-03,17.05,C90274,Canada,51.150000000000006
103734,S582,Streaming subscription,1,2024-04-03,16.92,C82229,Canada,16.92
103735,S259,Streaming subscription,2,2024-04-03,23.98,C84570,Canada,47.96
103736,S268,Streaming subscription,2,2024-04-03,15.99,C42471,Canada,31.98
103737,S890,Streaming subscription,4,2024-04-03,23.46,C70090,France,93.84
103738,S688,Streaming subscription,2,2024-04-03,16.03,C14836,France,32.06
103730,S437,Streaming subscription,4,2024-04-03,18.47,C52410,Canada,73.88
103788,S390,Streaming subscription,1,2024-04-04,22.36,C64604,Germany,22.36
103787,S290,Streaming subscription,5,2024-04-04,22.26,C52227,Germany,111.30000000000001
103783,S121,Streaming subscription,4,2024-04-04,25.18,C64544,France,100.72
103785,S813,Streaming subscription,4,2024-04-04,32.89,C84251,Germany,131.56
103784,S408,Streaming subscription,2,2024-04-04,22.12,C99518,France,44.24
103789,S204,Streaming subscription,3,2024-04-04,31.65,C38082,Germany,94.94999999999999
103786,S192,Streaming subscription,1,2024-04-04,27.05,C64891,Germany,27.05
103790,S675,Streaming subscription,2,2024-04-04,29.88,C31152,Germany,59.76
103795,S971,Streaming subscription,2,2024-04-04,27.07,C91105,United Kingdom,54.14
103792,S818,Streaming subscription,2,2024-04-04,27.23,C81116,Germany,54.46
103793,S990,Streaming subscription,1,2024-04-04,33.12,C21562,United Kingdom,33.12
103794,S294,Streaming subscription,2,2024-04-04,34.88,C26019,United Kingdom,69.76
103796,S246,Streaming subscription,2,2024-04-04,36.04,C54867,United Kingdom,72.08
103797,S397,Streaming subscription,4,2024-04-04,34.3,C70882,United Kingdom,137.2
103798,S337,Streaming subscription,1,2024-04-04,31.42,C45847,United Kingdom,31.42
103799,S850,Streaming subscription,1,2024-04-04,33.84,C14072,United Kingdom,33.84
103782,S667,Streaming subscription,5,2024-04-04,23.96,C29935,France,119.80000000000001
103791,S368,Streaming subscription,5,2024-04-04,27.85,C91655,Germany,139.25
103781,S284,Streaming subscription,5,2024-04-04,21.4,C48609,France,107.0
103800,S473,Streaming subscription,5,2024-04-04,32.41,C15586,United Kingdom,162.04999999999998
103779,S670,Streaming subscription,3,2024-04-04,24.96,C72226,France,74.88
103761,S107,Streaming subscription,5,2024-04-04,26.4,C94909,Australia,132.0
103762,S257,Streaming subscription,5,2024-04-04,21.67,C77649,Australia,108.35000000000001
103763,S799,Streaming subscription,-2,2024-04-04,25.17,C54132,Australia,-50.34
103764,S959,Streaming subscription,1,2024-04-04,25.49,C39919,Australia,25.49
103765,S783,Streaming subscription,3,2024-04-04,24.89,C88445,Australia,74.67
103766,S297,Streaming subscription,1,2024-04-04,23.45,C69358,Australia,23.45
103767,S630,Streaming subscription,1,2024-04-04,20.9,C98604,Australia,20.9
103768,S892,Streaming subscription,1,2024-04-04,22.68,C50596,Australia,22.68
103769,S510,Streaming subscription,3,2024-04-04,15.69,C52724,Canada,47.07
103780,S684,Streaming subscription,1,2024-04-04,21.15,C91673,France,21.15
103771,S186,Streaming subscription,2,2024-04-04,13.59,C78331,Canada,27.18
103772,S368,Streaming subscription,1,2024-04-04,20.65,C80482,Canada,20.65
103773,S652,Streaming subscription,2,2024-04-04,12.33,C89497,Canada,24.66
103774,S220,Streaming subscription,5,2024-04-04,26.28,C82366,Canada,131.4
103775,S600,Streaming subscription,1,2024-04-04,15.99,C49568,Canada,15.99
103776,S869,Streaming subscription,3,2024-04-04,23.59,C12145,Canada,70.77
103777,S369,Streaming subscription,1,2024-04-04,18.36,C85383,France,18.36
103778,S108,Streaming subscription,2,2024-04-04,23.16,C70648,France,46.32
103770,S874,Streaming subscription,2,2024-04-04,14.26,C20420,Canada,28.52
103828,S332,Streaming subscription,5,2024-04-05,31.33,C35107,Germany,156.64999999999998
103827,S339,Streaming subscription,1,2024-04-05,32.37,C22928,Germany,32.37
103823,S636,Streaming subscription,5,2024-04-05,26.46,C43110,France,132.3
103825,S772,Streaming subscription,1,2024-04-05,26.36,C89717,Germany,26.36
103824,S106,Streaming subscription,2,2024-04-05,24.74,C51191,France,49.48
103829,S239,Streaming subscription,5,2024-04-05,29.15,C37169,Germany,145.75
103826,S539,Streaming subscription,5,2024-04-05,22.53,C24836,Germany,112.65
103830,S460,Streaming subscription,5,2024-04-05,29.73,C57656,Germany,148.65
103835,S156,Streaming subscription,1,2024-04-05,29.87,C45336,United Kingdom,29.87
103832,S547,Streaming subscription,1,2024-04-05,23.18,C43879,Germany,23.18
103833,S700,Streaming subscription,2,2024-04-05,36.25,C19276,United Kingdom,72.5
103834,S201,Streaming subscription,1,2024-04-05,31.78,C39797,United Kingdom,31.78
103836,S143,Streaming subscription,3,2024-04-05,28.57,C98659,United Kingdom,85.71000000000001
103837,S870,Streaming subscription,5,2024-04-05,34.1,C40097,United Kingdom,170.5
103838,S733,Streaming subscription,2,2024-04-05,30.34,C57025,United Kingdom,60.68
103839,S968,Streaming subscription,5,2024-04-05,27.37,C93796,United Kingdom,136.85
103822,S211,Streaming subscription,1,2024-04-05,28.39,C64522,France,28.39
103831,S992,Streaming subscription,1,2024-04-05,33.27,C19532,Germany,33.27
103821,S586,Streaming subscription,1,2024-04-05,22.81,C85046,France,22.81
103840,S630,Streaming subscription,4,2024-04-05,32.62,C69173,United Kingdom,130.48
103819,S864,Streaming subscription,1,2024-04-05,18.19,C14102,France,18.19
103801,S471,Streaming subscription,1,2024-04-05,22.54,C33496,Australia,22.54
103802,S526,Streaming subscription,3,2024-04-05,17.19,C22110,Australia,51.57000000000001
103803,S815,Streaming subscription,1,2024-04-05,17.81,C35217,Australia,17.81
103804,S277,Streaming subscription,1,2024-04-05,21.23,C16908,Australia,21.23
103805,S287,Streaming subscription,5,2024-04-05,30.16,C86547,Australia,150.8
103806,S732,Streaming subscription,2,2024-04-05,21.59,C14633,Australia,43.18
103807,S213,Streaming subscription,5,2024-04-05,25.06,C14761,Australia,125.3
103808,S247,Streaming subscription,3,2024-04-05,20.53,C95457,Australia,61.59
103809,S414,Streaming subscription,2,2024-04-05,20.24,C93467,Canada,40.48
103820,S873,Streaming subscription,3,2024-04-05,20.66,C85203,France,61.980000000000004
103811,S233,Streaming subscription,5,2024-04-05,17.88,C91336,Canada,89.39999999999999
103812,S969,Streaming subscription,1,2024-04-05,19.25,C46120,Canada,19.25
103813,S656,Streaming subscription,2,2024-04-05,14.7,C56938,Canada,29.4
103814,S926,Streaming subscription,3,2024-04-05,17.15,C84626,Canada,51.449999999999996
103815,S376,Streaming subscription,4,2024-04-05,15.75,C12309,Canada,63.0
103816,S456,Streaming subscription,1,2024-04-05,16.4,C80377,Canada,16.4
103817,S344,Streaming subscription,3,2024-04-05,27.18,C79611,France,81.53999999999999
103818,S697,Streaming subscription,2,2024-04-05,23.99,C28087,France,47.98
103810,S216,Streaming subscription,1,2024-04-05,18.53,C41235,Canada,18.53
103868,S383,Streaming subscription,1,2024-04-06,23.9,C22723,Germany,23.9
103867,S391,Streaming subscription,1,2024-04-06,24.17,C45371,Germany,24.17
103866,S125,Streaming subscription,1,2024-04-06,31.34,C97591,Germany,31.34
103862,S661,Streaming subscription,2,2024-04-06,24.55,C39962,France,49.1
103864,S994,Streaming subscription,5,2024-04-06,14.35,C32038,France,71.75
103863,S371,Streaming subscription,5,2024-04-06,12.84,C59542,France,64.2
103869,S217,Streaming subscription,1,2024-04-06,20.62,C39822,Germany,20.62
103865,S288,Streaming subscription,3,2024-04-06,22.73,C23402,Germany,68.19
103870,S244,Streaming subscription,2,2024-04-06,27.88,C18679,Germany,55.76
103874,S281,Streaming subscription,4,2024-04-06,30.62,C56287,United Kingdom,122.48
103872,S568,Streaming subscription,4,2024-04-06,15.89,C43304,Germany,63.56
103873,S584,Streaming subscription,1,2024-04-06,31.41,C24307,United Kingdom,31.41
103875,S206,Streaming subscription,2,2024-04-06,29.14,C67725,United Kingdom,58.28
103876,S327,Streaming subscription,5,2024-04-06,23.6,C67374,United Kingdom,118.0
103877,S698,Streaming subscription,3,2024-04-06,20.37,C77289,United Kingdom,61.11
103878,S862,Streaming subscription,1,2024-04-06,21.13,C80706,United Kingdom,21.13
103879,S802,Streaming subscription,4,2024-04-06,26.56,C65416,United Kingdom,106.24
103861,S571,Streaming subscription,4,2024-04-06,21.7,C93426,France,86.8
103871,S620,Streaming subscription,1,2024-04-06,27.29,C18575,Germany,27.29
103880,S478,Streaming subscription,2,2024-04-06,28.65,C44529,United Kingdom,57.3
103860,S599,Streaming subscription,1,2024-04-06,17.93,C98776,France,17.93
103858,S399,Streaming subscription,4,2024-04-06,23.62,C38385,France,94.48
103859,S942,Streaming subscription,3,2024-04-06,13.2,C64902,France,39.599999999999994
103841,S677,Streaming subscription,3,2024-04-06,27.74,C49659,Australia,83.22
103842,S972,Streaming subscription,5,2024-04-06,17.02,C65611,Australia,85.1
103843,S147,Streaming subscription,1,2024-04-06,16.95,C19549,Australia,16.95
103844,S971,Streaming subscription,-2,2024-04-06,20.41,C93091,Australia,-40.82
103846,S652,Streaming subscription,2,2024-04-06,14.53,C26399,Australia,29.06
103847,S502,Streaming subscription,1,2024-04-06,22.63,C10799,Australia,22.63
103848,S736,Streaming subscription,5,2024-04-06,12.01,C96482,Australia,60.05
103845,S300,Streaming subscription,2,2024-04-06,22.23,C53800,Australia,44.46
103850,S744,Streaming subscription,5,2024-04-06,11.86,C57935,Canada,59.3
103849,S367,Streaming subscription,4,2024-04-06,25.81,C65307,Canada,103.24
103856,S784,Streaming subscription,4,2024-04-06,8.9,C58869,Canada,35.6
103855,S924,Streaming subscription,1,2024-04-06,22.21,C66093,Canada,22.21
103854,S217,Streaming subscription,1,2024-04-06,10.92,C50283,Canada,10.92
103857,S175,Streaming subscription,4,2024-04-06,19.18,C44360,France,76.72
103852,S189,Streaming subscription,5,2024-04-06,15.4,C14053,Canada,77.0
103851,S355,Streaming subscription,3,2024-04-06,14.67,C94862,Canada,44.01
103853,S557,Streaming subscription,1,2024-04-06,16.07,C22706,Canada,16.07
103909,S400,Streaming subscription,3,2024-04-07,19.03,C81001,Germany,57.09
103903,S817,Streaming subscription,4,2024-04-07,24.47,C56452,France,97.88
103904,S969,Streaming subscription,4,2024-04-07,20.09,C88558,France,80.36
103905,S132,Streaming subscription,2,2024-04-07,22.18,C91906,Germany,44.36
103906,S373,Streaming subscription,4,2024-04-07,26.08,C81102,Germany,104.32
103907,S425,Streaming subscription,4,2024-04-07,26.94,C47101,Germany,107.76
103908,S108,Streaming subscription,1,2024-04-07,29.25,C99081,Germany,29.25
103910,S825,Streaming subscription,5,2024-04-07,21.55,C88217,Germany,107.75
103902,S647,Streaming subscription,1,2024-04-07,24.71,C73456,France,24.71
103912,S770,Streaming subscription,3,2024-04-07,28.81,C95828,Germany,86.42999999999999
103913,S847,Streaming subscription,2,2024-04-07,27.01,C54278,United Kingdom,54.02
103914,S538,Streaming subscription,3,2024-04-07,26.82,C57122,United Kingdom,80.46000000000001
103915,S962,Streaming subscription,1,2024-04-07,25.29,C38494,United Kingdom,25.29
103916,S556,Streaming subscription,2,2024-04-07,36.29,C27008,United Kingdom,72.58
103917,S265,Streaming subscription,5,2024-04-07,29.76,C24151,United Kingdom,148.8
103918,S212,Streaming subscription,4,2024-04-07,22.95,C71904,United Kingdom,91.8
103919,S455,Streaming subscription,1,2024-04-07,28.28,C48272,United Kingdom,28.28
103911,S100,Streaming subscription,1,2024-04-07,15.51,C64986,Germany,15.51
103901,S515,Streaming subscription,3,2024-04-07,19.49,C37741,France,58.47
103920,S904,Streaming subscription,3,2024-04-07,26.87,C19571,United Kingdom,80.61
103899,S211,Streaming subscription,2,2024-04-07,21.46,C38505,France,42.92
103881,S437,Streaming subscription,5,2024-04-07,22.07,C43402,Australia,110.35
103882,S950,Streaming subscription,2,2024-04-07,18.35,C67524,Australia,36.7
103883,S863,Streaming subscription,3,2024-04-07,18.93,C59786,Australia,56.79
103884,S886,Streaming subscription,4,2024-04-07,14.1,C79674,Australia,56.4
103885,S572,Streaming subscription,1,2024-04-07,21.51,C57103,Australia,21.51
103886,S900,Streaming subscription,3,2024-04-07,24.67,C24805,Australia,74.01
103887,S799,Streaming subscription,5,2024-04-07,20.28,C27337,Australia,101.4
103888,S477,Streaming subscription,1,2024-04-07,12.6,C94836,Australia,12.6
103889,S436,Streaming subscription,2,2024-04-07,16.6,C65960,Canada,33.2
103900,S793,Streaming subscription,4,2024-04-07,17.5,C72421,France,70.0
103891,S385,Streaming subscription,2,2024-04-07,18.53,C64551,Canada,37.06
103898,S323,Streaming subscription,2,2024-04-07,20.63,C79127,France,41.26
103897,S352,Streaming subscription,3,2024-04-07,18.16,C67376,France,54.480000000000004
103896,S312,Streaming subscription,3,2024-04-07,16.15,C93558,Canada,48.449999999999996
103890,S695,Streaming subscription,1,2024-04-07,15.4,C72820,Canada,15.4
103894,S459,Streaming subscription,2,2024-04-07,13.41,C56826,Canada,26.82
103893,S383,Streaming subscription,3,2024-04-07,19.37,C63485,Canada,58.11
103892,S570,Streaming subscription,5,2024-04-07,15.39,C32485,Canada,76.95
103895,S784,Streaming subscription,1,2024-04-07,11.75,C60485,Canada,11.75
103950,S973,Streaming subscription,4,2024-04-08,28.31,C23865,Germany,113.24
103943,S849,Streaming subscription,3,2024-04-08,26.39,C83543,France,79.17
103944,S941,Streaming subscription,2,2024-04-08,22.6,C24127,France,45.2
103945,S935,Streaming subscription,2,2024-04-08,31.09,C43645,Germany,62.18
103947,S726,Streaming subscription,3,2024-04-08,23.45,C84025,Germany,70.35
103948,S487,Streaming subscription,-1,2024-04-08,27.74,C89713,Germany,-27.74
103949,S511,Streaming subscription,1,2024-04-08,24.32,C94931,Germany,24.32
103951,S340,Streaming subscription,2,2024-04-08,25.24,C97944,Germany,50.48
103956,S519,Streaming subscription,2,2024-04-08,27.76,C38020,United Kingdom,55.52
103953,S398,Streaming subscription,5,2024-04-08,30.11,C10062,United Kingdom,150.55
103954,S601,Streaming subscription,1,2024-04-08,37.92,C75998,United Kingdom,37.92
103955,S137,Streaming subscription,2,2024-04-08,32.83,C32332,United Kingdom,65.66
103942,S967,Streaming subscription,3,2024-04-08,21.28,C91057,France,63.84
103957,S857,Streaming subscription,4,2024-04-08,28.01,C84940,United Kingdom,112.04
103958,S884,Streaming subscription,3,2024-04-08,29.64,C45319,United Kingdom,88.92
103959,S634,Streaming subscription,4,2024-04-08,30.85,C80859,United Kingdom,123.4
103960,S958,Streaming subscription,4,2024-04-08,33.04,C92199,United Kingdom,132.16
103952,S439,Streaming subscription,4,2024-04-08,23.46,C83430,Germany,93.84
103941,S952,Streaming subscription,-2,2024-04-08,18.83,C86477,France,-37.66
103946,S778,Streaming subscription,3,2024-04-08,25.49,C47992,Germany,76.47
103939,S503,Streaming subscription,4,2024-04-08,24.11,C40834,France,96.44
103940,S734,Streaming subscription,3,2024-04-08,22.03,C48359,France,66.09
103922,S391,Streaming subscription,1,2024-04-08,24.87,C47441,Australia,24.87
103923,S110,Streaming subscription,3,2024-04-08,20.16,C61294,Australia,60.480000000000004
103924,S990,Streaming subscription,3,2024-04-08,20.85,C91151,Australia,62.550000000000004
103925,S477,Streaming subscription,1,2024-04-08,22.97,C89802,Australia,22.97
103926,S530,Streaming subscription,4,2024-04-08,22.73,C52122,Australia,90.92
103927,S524,Streaming subscription,2,2024-04-08,28.1,C60315,Australia,56.2
103928,S399,Streaming subscription,4,2024-04-08,16.66,C58924,Australia,66.64
103929,S897,Streaming subscription,3,2024-04-08,15.83,C47052,Canada,47.49
103921,S245,Streaming subscription,2,2024-04-08,19.6,C80255,Australia,39.2
103931,S429,Streaming subscription,4,2024-04-08,18.63,C19219,Canada,74.52
103930,S504,Streaming subscription,3,2024-04-08,19.92,C44318,Canada,59.760000000000005
103937,S607,Streaming subscription,3,2024-04-08,25.33,C78635,France,75.99
103936,S734,Streaming subscription,1,2024-04-08,23.6,C94427,Canada,23.6
103935,S593,Streaming subscription,4,2024-04-08,18.17,C39212,Canada,72.68
103938,S473,Streaming subscription,3,2024-04-08,26.69,C63705,France,80.07000000000001
103934,S555,Streaming subscription,3,2024-04-08,15.03,C79961,Canada,45.089999999999996
103933,S652,Streaming subscription,3,2024-04-08,15.05,C77991,Canada,45.150000000000006
103932,S998,Streaming subscription,5,2024-04-08,17.95,C36701,Canada,89.75
103990,S528,Streaming subscription,5,2024-04-09,25.78,C41122,Germany,128.9
103984,S575,Streaming subscription,3,2024-04-09,28.45,C52911,France,85.35
103985,S252,Streaming subscription,5,2024-04-09,28.58,C38860,Germany,142.89999999999998
103986,S791,Streaming subscription,2,2024-04-09,30.32,C23816,Germany,60.64
103987,S552,Streaming subscription,4,2024-04-09,30.7,C54624,Germany,122.8
103988,S297,Streaming subscription,3,2024-04-09,29.08,C57172,Germany,87.24
103989,S372,Streaming subscription,5,2024-04-09,27.74,C34589,Germany,138.7
103983,S796,Streaming subscription,2,2024-04-09,25.34,C93246,France,50.68
103991,S844,Streaming subscription,3,2024-04-09,27.8,C39897,Germany,83.4
103995,S412,Streaming subscription,5,2024-04-09,31.13,C55560,United Kingdom,155.65
103993,S589,Streaming subscription,5,2024-04-09,33.08,C61286,United Kingdom,165.39999999999998
103994,S749,Streaming subscription,2,2024-04-09,40.0,C52460,United Kingdom,80.0
103996,S259,Streaming subscription,1,2024-04-09,30.21,C46319,United Kingdom,30.21
103997,S345,Streaming subscription,3,2024-04-09,30.45,C92238,United Kingdom,91.35
103998,S682,Streaming subscription,4,2024-04-09,33.15,C49843,United Kingdom,132.6
103999,S941,Streaming subscription,3,2024-04-09,27.93,C46357,United Kingdom,83.78999999999999
104000,S801,Streaming subscription,4,2024-04-09,28.12,C48132,United Kingdom,112.48
103982,S939,Streaming subscription,2,2024-04-09,24.74,C66027,France,49.48
103992,S625,Streaming subscription,1,2024-04-09,27.94,C40541,Germany,27.94
103981,S367,Streaming subscription,3,2024-04-09,27.41,C61677,France,82.23
103966,S919,Streaming subscription,4,2024-04-09,19.73,C43528,Australia,78.92
103979,S867,Streaming subscription,1,2024-04-09,24.54,C73622,France,24.54
103980,S399,Streaming subscription,3,2024-04-09,22.86,C41128,France,68.58
103961,S332,Streaming subscription,2,2024-04-09,22.35,C83851,Australia,44.7
103962,S730,Streaming subscription,4,2024-04-09,21.28,C98887,Australia,85.12
103963,S565,Streaming subscription,2,2024-04-09,21.1,C75801,Australia,42.2
103964,S777,Streaming subscription,1,2024-04-09,21.29,C31602,Australia,21.29
103965,S657,Streaming subscription,2,2024-04-09,16.5,C71782,Australia,33.0
103967,S773,Streaming subscription,2,2024-04-09,22.68,C75082,Australia,45.36
103968,S875,Streaming subscription,3,2024-04-09,18.99,C10118,Australia,56.97
103969,S230,Streaming subscription,5,2024-04-09,14.95,C14248,Canada,74.75
103971,S991,Streaming subscription,5,2024-04-09,18.37,C56581,Canada,91.85000000000001
103972,S438,Streaming subscription,2,2024-04-09,14.03,C44621,Canada,28.06
103973,S612,Streaming subscription,1,2024-04-09,21.39,C44352,Canada,21.39
103974,S492,Streaming subscription,3,2024-04-09,10.09,C51685,Canada,30.27
103975,S515,Streaming subscription,4,2024-04-09,18.34,C74735,Canada,73.36
103976,S720,Streaming subscription,1,2024-04-09,23.71,C80316,Canada,23.71
103977,S575,Streaming subscription,3,2024-04-09,23.87,C41968,France,71.61
103978,S485,Streaming subscription,4,2024-04-09,27.54,C33240,France,110.16
103970,S372,Streaming subscription,4,2024-04-09,20.0,C59193,Canada,80.0
104028,S826,Streaming subscription,1,2024-04-10,28.53,C10221,Germany,28.53
104029,S511,Streaming subscription,5,2024-04-10,23.34,C97705,Germany,116.7
104027,S764,Streaming subscription,1,2024-04-10,31.73,C60164,Germany,31.73
104023,S429,Streaming subscription,3,2024-04-10,27.46,C67152,France,82.38
104025,S383,Streaming subscription,5,2024-04-10,31.0,C64895,Germany,155.0
104024,S108,Streaming subscription,5,2024-04-10,20.12,C63307,France,100.60000000000001
104030,S751,Streaming subscription,3,2024-04-10,32.1,C16935,Germany,96.30000000000001
104026,S136,Streaming subscription,-2,2024-04-10,27.21,C50463,Germany,-54.42
104031,S722,Streaming subscription,3,2024-04-10,31.48,C31254,Germany,94.44
104040,S548,Streaming subscription,2,2024-04-10,37.94,C96154,United Kingdom,75.88
104033,S820,Streaming subscription,5,2024-04-10,30.39,C28349,United Kingdom,151.95
104034,S640,Streaming subscription,3,2024-04-10,33.55,C25672,United Kingdom,100.64999999999999
104035,S672,Streaming subscription,5,2024-04-10,36.32,C27131,United Kingdom,181.6
104036,S996,Streaming subscription,1,2024-04-10,35.97,C57905,United Kingdom,35.97
104037,S240,Streaming subscription,5,2024-04-10,33.6,C51241,United Kingdom,168.0
104038,S541,Streaming subscription,2,2024-04-10,26.34,C47400,United Kingdom,52.68
104039,S638,Streaming subscription,2,2024-04-10,31.41,C25427,United Kingdom,62.82
104022,S815,Streaming subscription,2,2024-04-10,26.47,C52222,France,52.94
104032,S710,Streaming subscription,5,2024-04-10,26.42,C92259,Germany,132.10000000000002
104021,S642,Streaming subscription,4,2024-04-10,10.95,C29661,France,43.8
104005,S368,Streaming subscription,4,2024-04-10,19.95,C54088,Australia,79.8
104019,S133,Streaming subscription,2,2024-04-10,27.91,C48100,France,55.82
104001,S558,Streaming subscription,4,2024-04-10,19.11,C66185,Australia,76.44
104002,S862,Streaming subscription,4,2024-04-10,25.07,C67837,Australia,100.28
104003,S317,Streaming subscription,2,2024-04-10,17.94,C58920,Australia,35.88
104004,S799,Streaming subscription,4,2024-04-10,27.71,C87095,Australia,110.84
104006,S593,Streaming subscription,5,2024-04-10,19.43,C51211,Australia,97.15
104007,S467,Streaming subscription,1,2024-04-10,13.99,C61412,Australia,13.99
104008,S386,Streaming subscription,5,2024-04-10,24.12,C32678,Australia,120.60000000000001
104009,S924,Streaming subscription,2,2024-04-10,19.98,C85216,Canada,39.96
104020,S974,Streaming subscription,4,2024-04-10,23.73,C87389,France,94.92
104011,S571,Streaming subscription,5,2024-04-10,18.86,C27118,Canada,94.3
104010,S152,Streaming subscription,2,2024-04-10,19.07,C51199,Canada,38.14
104017,S201,Streaming subscription,2,2024-04-10,24.8,C69582,France,49.6
104016,S567,Streaming subscription,4,2024-04-10,15.9,C66034,Canada,63.6
104015,S311,Streaming subscription,5,2024-04-10,20.34,C81456,Canada,101.7
104018,S760,Streaming subscription,5,2024-04-10,23.72,C58205,France,118.6
104014,S893,Streaming subscription,1,2024-04-10,20.59,C22453,Canada,20.59
104013,S513,Streaming subscription,3,2024-04-10,19.57,C75473,Canada,58.71
104012,S382,Streaming subscription,2,2024-04-10,19.62,C61383,Canada,39.24
104069,S742,Streaming subscription,3,2024-04-11,26.47,C84365,Germany,79.41
104063,S913,Streaming subscription,1,2024-04-11,17.6,C82747,France,17.6
104064,S972,Streaming subscription,3,2024-04-11,16.69,C14373,France,50.07000000000001
104065,S676,Streaming subscription,2,2024-04-11,23.99,C97810,Germany,47.98
104066,S707,Streaming subscription,2,2024-04-11,28.13,C47931,Germany,56.26
104067,S500,Streaming subscription,4,2024-04-11,25.53,C97204,Germany,102.12
104068,S783,Streaming subscription,2,2024-04-11,27.72,C27465,Germany,55.44
104062,S248,Streaming subscription,1,2024-04-11,18.89,C65415,France,18.89
104070,S320,Streaming subscription,5,2024-04-11,32.16,C89364,Germany,160.79999999999998
104074,S766,Streaming subscription,2,2024-04-11,31.74,C26663,United Kingdom,63.48
104072,S184,Streaming subscription,-1,2024-04-11,23.29,C94571,Germany,-23.29
104073,S814,Streaming subscription,4,2024-04-11,29.37,C87199,United Kingdom,117.48
104075,S324,Streaming subscription,5,2024-04-11,27.34,C94784,United Kingdom,136.7
104076,S293,Streaming subscription,5,2024-04-11,23.29,C53151,United Kingdom,116.44999999999999
104077,S958,Streaming subscription,1,2024-04-11,29.75,C40500,United Kingdom,29.75
104078,S719,Streaming subscription,4,2024-04-11,34.01,C46372,United Kingdom,136.04
104061,S407,Streaming subscription,5,2024-04-11,20.48,C29269,France,102.4
104080,S434,Streaming subscription,5,2024-04-11,35.73,C91296,United Kingdom,178.64999999999998
104071,S381,Streaming subscription,4,2024-04-11,26.6,C31066,Germany,106.4
104079,S774,Streaming subscription,1,2024-04-11,31.12,C72842,United Kingdom,31.12
104060,S872,Streaming subscription,5,2024-04-11,24.53,C67503,France,122.65
104058,S438,Streaming subscription,1,2024-04-11,23.66,C61490,France,23.66
104059,S332,Streaming subscription,3,2024-04-11,21.18,C26592,France,63.54
104041,S690,Streaming subscription,4,2024-04-11,21.18,C43378,Australia,84.72
104042,S297,Streaming subscription,5,2024-04-11,19.52,C98892,Australia,97.6
104043,S480,Streaming subscription,5,2024-04-11,27.53,C72784,Australia,137.65
104044,S927,Streaming subscription,1,2024-04-11,20.07,C95937,Australia,20.07
104046,S937,Streaming subscription,4,2024-04-11,22.43,C72058,Australia,89.72
104047,S876,Streaming subscription,4,2024-04-11,22.13,C76025,Australia,88.52
104048,S800,Streaming subscription,4,2024-04-11,14.94,C96954,Australia,59.76
104045,S175,Streaming subscription,3,2024-04-11,12.18,C99324,Australia,36.54
104050,S491,Streaming subscription,1,2024-04-11,16.49,C21093,Canada,16.49
104049,S275,Streaming subscription,5,2024-04-11,12.37,C87367,Canada,61.849999999999994
104056,S571,Streaming subscription,1,2024-04-11,20.02,C23076,Canada,20.02
104055,S105,Streaming subscription,2,2024-04-11,17.31,C89378,Canada,34.62
104054,S151,Streaming subscription,1,2024-04-11,16.7,C87623,Canada,16.7
104057,S966,Streaming subscription,3,2024-04-11,22.9,C66590,France,68.69999999999999
104052,S630,Streaming subscription,3,2024-04-11,13.8,C48927,Canada,41.400000000000006
104051,S485,Streaming subscription,3,2024-04-11,19.56,C93094,Canada,58.67999999999999
104053,S447,Streaming subscription,1,2024-04-11,18.3,C66358,Canada,18.3
104109,S978,Streaming subscription,2,2024-04-12,29.71,C23736,Germany,59.42
104103,S382,Streaming subscription,5,2024-04-12,24.35,C57441,France,121.75
104104,S654,Streaming subscription,5,2024-04-12,20.42,C95086,France,102.10000000000001
104105,S894,Streaming subscription,4,2024-04-12,29.56,C20004,Germany,118.24
104120,S385,Streaming subscription,2,2024-04-12,29.21,C52373,United Kingdom,58.42
104107,S920,Streaming subscription,5,2024-04-12,31.84,C63980,Germany,159.2
104108,S810,Streaming subscription,5,2024-04-12,23.74,C81250,Germany,118.69999999999999
104110,S565,Streaming subscription,1,2024-04-12,29.15,C13395,Germany,29.15
104102,S394,Streaming subscription,4,2024-04-12,21.52,C65746,France,86.08
104112,S589,Streaming subscription,1,2024-04-12,25.26,C65244,Germany,25.26
104113,S705,Streaming subscription,4,2024-04-12,31.68,C49579,United Kingdom,126.72
104114,S726,Streaming subscription,1,2024-04-12,29.82,C93698,United Kingdom,29.82
104115,S997,Streaming subscription,4,2024-04-12,32.29,C17670,United Kingdom,129.16
104116,S171,Streaming subscription,3,2024-04-12,29.33,C34227,United Kingdom,87.99
104117,S985,Streaming subscription,5,2024-04-12,24.87,C94808,United Kingdom,124.35000000000001
104118,S226,Streaming subscription,2,2024-04-12,35.35,C30138,United Kingdom,70.7
104119,S682,Streaming subscription,2,2024-04-12,34.98,C99165,United Kingdom,69.96
104111,S178,Streaming subscription,2,2024-04-12,27.97,C76703,Germany,55.94
104101,S680,Streaming subscription,1,2024-04-12,22.21,C21830,France,22.21
104106,S280,Streaming subscription,2,2024-04-12,22.53,C35438,Germany,45.06
104099,S703,Streaming subscription,5,2024-04-12,22.32,C67553,France,111.6
104081,S296,Streaming subscription,4,2024-04-12,21.03,C65300,Australia,84.12
104082,S402,Streaming subscription,5,2024-04-12,25.59,C30478,Australia,127.95
104083,S126,Streaming subscription,4,2024-04-12,17.15,C92027,Australia,68.6
104084,S172,Streaming subscription,3,2024-04-12,17.59,C58934,Australia,52.769999999999996
104085,S914,Streaming subscription,2,2024-04-12,22.41,C61509,Australia,44.82
104086,S429,Streaming subscription,2,2024-04-12,23.08,C99297,Australia,46.16
104087,S938,Streaming subscription,4,2024-04-12,21.19,C69762,Australia,84.76
104088,S217,Streaming subscription,3,2024-04-12,18.97,C87928,Australia,56.91
104089,S227,Streaming subscription,-2,2024-04-12,19.23,C48962,Canada,-38.46
104100,S108,Streaming subscription,4,2024-04-12,21.94,C97147,France,87.76
104091,S854,Streaming subscription,3,2024-04-12,15.45,C80459,Canada,46.349999999999994
104098,S253,Streaming subscription,5,2024-04-12,15.96,C65922,France,79.80000000000001
104097,S525,Streaming subscription,3,2024-04-12,23.68,C56728,France,71.03999999999999
104096,S271,Streaming subscription,2,2024-04-12,17.79,C31942,Canada,35.58
104090,S619,Streaming subscription,1,2024-04-12,15.95,C50538,Canada,15.95
104094,S984,Streaming subscription,5,2024-04-12,14.95,C78912,Canada,74.75
104093,S550,Streaming subscription,2,2024-04-12,13.97,C45556,Canada,27.94
104092,S730,Streaming subscription,4,2024-04-12,15.3,C34644,Canada,61.2
104095,S733,Streaming subscription,1,2024-04-12,16.68,C88354,Canada,16.68
104150,S878,Streaming subscription,2,2024-04-13,24.46,C62532,Germany,48.92
104143,S680,Streaming subscription,3,2024-04-13,14.93,C27065,France,44.79
104144,S333,Streaming subscription,3,2024-04-13,18.48,C14966,France,55.44
104146,S385,Streaming subscription,3,2024-04-13,24.81,C51462,Germany,74.42999999999999
104147,S956,Streaming subscription,3,2024-04-13,25.39,C52486,Germany,76.17
104148,S626,Streaming subscription,4,2024-04-13,22.5,C87780,Germany,90.0
104149,S808,Streaming subscription,2,2024-04-13,27.21,C54758,Germany,54.42
104151,S788,Streaming subscription,1,2024-04-13,26.24,C53479,Germany,26.24
104156,S476,Streaming subscription,1,2024-04-13,22.17,C57729,United Kingdom,22.17
104153,S729,Streaming subscription,2,2024-04-13,24.34,C92679,United Kingdom,48.68
104154,S200,Streaming subscription,3,2024-04-13,27.02,C69095,United Kingdom,81.06
104155,S629,Streaming subscription,3,2024-04-13,25.65,C65255,United Kingdom,76.94999999999999
104142,S834,Streaming subscription,5,2024-04-13,22.42,C32637,France,112.10000000000001
104157,S720,Streaming subscription,4,2024-04-13,28.57,C37861,United Kingdom,114.28
104158,S755,Streaming subscription,5,2024-04-13,23.38,C14102,United Kingdom,116.89999999999999
104159,S577,Streaming subscription,4,2024-04-13,20.97,C78780,United Kingdom,83.88
104160,S315,Streaming subscription,2,2024-04-13,25.68,C75057,United Kingdom,51.36
104152,S876,Streaming subscription,1,2024-04-13,25.38,C80119,Germany,25.38
104141,S649,Streaming subscription,5,2024-04-13,13.1,C88703,France,65.5
104145,S843,Streaming subscription,5,2024-04-13,16.78,C19044,Germany,83.9
104139,S356,Streaming subscription,1,2024-04-13,13.49,C98923,France,13.49
104140,S848,Streaming subscription,4,2024-04-13,16.16,C49259,France,64.64
104122,S216,Streaming subscription,4,2024-04-13,16.72,C50578,Australia,66.88
104123,S933,Streaming subscription,4,2024-04-13,23.24,C31861,Australia,92.96
104124,S664,Streaming subscription,5,2024-04-13,17.26,C27852,Australia,86.30000000000001
104125,S348,Streaming subscription,5,2024-04-13,18.77,C93462,Australia,93.85
104126,S278,Streaming subscription,4,2024-04-13,22.98,C93369,Australia,91.92
104127,S898,Streaming subscription,5,2024-04-13,12.88,C33745,Australia,64.4
104128,S808,Streaming subscription,3,2024-04-13,23.55,C11048,Australia,70.65
104129,S394,Streaming subscription,2,2024-04-13,13.52,C49379,Canada,27.04
104121,S690,Streaming subscription,3,2024-04-13,15.0,C39403,Australia,45.0
104131,S465,Streaming subscription,3,2024-04-13,16.01,C87887,Canada,48.03
104130,S650,Streaming subscription,5,2024-04-13,12.71,C74050,Canada,63.550000000000004
104137,S891,Streaming subscription,3,2024-04-13,20.22,C51304,France,60.66
104136,S229,Streaming subscription,4,2024-04-13,21.83,C38550,Canada,87.32
104138,S297,Streaming subscription,4,2024-04-13,23.53,C93032,France,94.12
104134,S828,Streaming subscription,4,2024-04-13,11.87,C14116,Canada,47.48
104133,S267,Streaming subscription,1,2024-04-13,15.13,C24270,Canada,15.13
104132,S907,Streaming subscription,3,2024-04-13,9.65,C98754,Canada,28.950000000000003
104135,S853,Streaming subscription,5,2024-04-13,10.36,C59018,Canada,51.8
104183,S162,Streaming subscription,1,2024-04-14,25.88,C86071,France,25.88
104189,S531,Streaming subscription,2,2024-04-14,22.88,C17644,Germany,45.76
104184,S412,Streaming subscription,3,2024-04-14,19.72,C10594,France,59.16
104185,S932,Streaming subscription,5,2024-04-14,22.0,C62854,Germany,110.0
104186,S581,Streaming subscription,1,2024-04-14,18.61,C78273,Germany,18.61
104187,S947,Streaming subscription,1,2024-04-14,23.14,C84934,Germany,23.14
104188,S439,Streaming subscription,1,2024-04-14,18.57,C91821,Germany,18.57
104190,S906,Streaming subscription,1,2024-04-14,27.26,C48200,Germany,27.26
104195,S250,Streaming subscription,1,2024-04-14,31.31,C94017,United Kingdom,31.31
104192,S342,Streaming subscription,5,2024-04-14,21.72,C39523,Germany,108.6
104193,S573,Streaming subscription,5,2024-04-14,23.24,C48584,United Kingdom,116.19999999999999
104194,S674,Streaming subscription,3,2024-04-14,22.59,C13411,United Kingdom,67.77
104196,S168,Streaming subscription,2,2024-04-14,26.96,C76947,United Kingdom,53.92
104197,S716,Streaming subscription,5,2024-04-14,24.34,C64731,United Kingdom,121.7
104198,S799,Streaming subscription,4,2024-04-14,34.29,C31798,United Kingdom,137.16
104199,S526,Streaming subscription,4,2024-04-14,20.11,C25454,United Kingdom,80.44
104182,S676,Streaming subscription,4,2024-04-14,23.95,C35478,France,95.8
104191,S608,Streaming subscription,4,2024-04-14,25.44,C48526,Germany,101.76
104181,S534,Streaming subscription,4,2024-04-14,16.1,C99027,France,64.4
104200,S735,Streaming subscription,2,2024-04-14,27.46,C21450,United Kingdom,54.92
104179,S601,Streaming subscription,3,2024-04-14,18.77,C61016,France,56.31
104161,S650,Streaming subscription,5,2024-04-14,18.96,C90683,Australia,94.80000000000001
104162,S140,Streaming subscription,3,2024-04-14,25.48,C54276,Australia,76.44
104163,S769,Streaming subscription,2,2024-04-14,11.35,C80306,Australia,22.7
104164,S177,Streaming subscription,4,2024-04-14,15.23,C77164,Australia,60.92
104165,S553,Streaming subscription,5,2024-04-14,21.84,C48772,Australia,109.2
104166,S369,Streaming subscription,4,2024-04-14,17.33,C59034,Australia,69.32
104167,S943,Streaming subscription,4,2024-04-14,19.64,C43930,Australia,78.56
104168,S646,Streaming subscription,3,2024-04-14,14.58,C27206,Australia,43.74
104169,S346,Streaming subscription,1,2024-04-14,19.75,C40094,Canada,19.75
104180,S696,Streaming subscription,5,2024-04-14,23.07,C68477,France,115.35
104171,S129,Streaming subscription,3,2024-04-14,17.03,C89565,Canada,51.09
104172,S706,Streaming subscription,3,2024-04-14,15.73,C28409,Canada,47.19
104173,S822,Streaming subscription,5,2024-04-14,15.07,C79125,Canada,75.35
104174,S506,Streaming subscription,2,2024-04-14,15.12,C51041,Canada,30.24
104175,S369,Streaming subscription,1,2024-04-14,18.31,C32565,Canada,18.31
104176,S859,Streaming subscription,4,2024-04-14,14.46,C66003,Canada,57.84
104177,S618,Streaming subscription,4,2024-04-14,16.65,C18377,France,66.6
104178,S149,Streaming subscription,3,2024-04-14,22.09,C54850,France,66.27
104170,S936,Streaming subscription,5,2024-04-14,15.99,C89834,Canada,79.95
108428,S813,Streaming subscription,4,2024-07-29,29.11,C29565,Germany,116.44
108427,S488,Streaming subscription,3,2024-07-29,20.96,C38724,Germany,62.88
108423,S797,Streaming subscription,3,2024-07-29,27.48,C89391,France,82.44
108425,S727,Streaming subscription,2,2024-07-29,30.18,C52845,Germany,60.36
108424,S889,Streaming subscription,3,2024-07-29,23.43,C54251,France,70.28999999999999
108429,S426,Streaming subscription,3,2024-07-29,31.52,C60124,Germany,94.56
108426,S856,Streaming subscription,4,2024-07-29,22.01,C62524,Germany,88.04
108430,S200,Streaming subscription,4,2024-07-29,28.46,C68109,Germany,113.84
108435,S748,Streaming subscription,1,2024-07-29,28.62,C29597,United Kingdom,28.62
108432,S421,Streaming subscription,3,2024-07-29,20.52,C21206,Germany,61.56
108433,S475,Streaming subscription,5,2024-07-29,34.54,C52259,United Kingdom,172.7
108434,S591,Streaming subscription,4,2024-07-29,31.48,C86786,United Kingdom,125.92
108436,S359,Streaming subscription,5,2024-07-29,27.67,C85651,United Kingdom,138.35000000000002
108437,S465,Streaming subscription,5,2024-07-29,31.83,C15009,United Kingdom,159.14999999999998
108438,S178,Streaming subscription,5,2024-07-29,29.29,C66911,United Kingdom,146.45
108439,S859,Streaming subscription,4,2024-07-29,27.72,C41033,United Kingdom,110.88
108422,S420,Streaming subscription,5,2024-07-29,21.46,C83240,France,107.30000000000001
108431,S228,Streaming subscription,2,2024-07-29,28.03,C79097,Germany,56.06
108421,S116,Streaming subscription,3,2024-07-29,18.49,C42138,France,55.47
108440,S457,Streaming subscription,4,2024-07-29,31.89,C12179,United Kingdom,127.56
108419,S356,Streaming subscription,2,2024-07-29,25.21,C16085,France,50.42
108420,S142,Streaming subscription,3,2024-07-29,21.49,C49226,France,64.47
108401,S872,Streaming subscription,4,2024-07-29,22.15,C31946,Australia,88.6
108402,S998,Streaming subscription,4,2024-07-29,20.77,C46547,Australia,83.08
108403,S214,Streaming subscription,1,2024-07-29,22.59,C72558,Australia,22.59
108404,S367,Streaming subscription,4,2024-07-29,19.94,C17151,Australia,79.76
108405,S520,Streaming subscription,5,2024-07-29,22.51,C11239,Australia,112.55000000000001
108407,S684,Streaming subscription,5,2024-07-29,20.85,C91800,Australia,104.25
108408,S117,Streaming subscription,5,2024-07-29,22.14,C94214,Australia,110.7
108409,S232,Streaming subscription,3,2024-07-29,18.08,C63887,Canada,54.239999999999995
108406,S762,Streaming subscription,1,2024-07-29,14.4,C38240,Australia,14.4
108411,S453,Streaming subscription,3,2024-07-29,15.18,C61143,Canada,45.54
108410,S955,Streaming subscription,4,2024-07-29,21.06,C94636,Canada,84.24
108417,S746,Streaming subscription,2,2024-07-29,25.59,C66213,France,51.18
108416,S679,Streaming subscription,1,2024-07-29,20.52,C66804,Canada,20.52
108415,S866,Streaming subscription,5,2024-07-29,23.43,C29873,Canada,117.15
108418,S939,Streaming subscription,1,2024-07-29,24.36,C17951,France,24.36
108413,S160,Streaming subscription,5,2024-07-29,19.55,C67757,Canada,97.75
108412,S972,Streaming subscription,1,2024-07-29,14.74,C95811,Canada,14.74
108414,S782,Streaming subscription,2,2024-07-29,21.22,C21665,Canada,42.44
108462,S759,Streaming subscription,3,2024-07-30,19.29,C61400,France,57.87
108463,S138,Streaming subscription,1,2024-07-30,22.86,C95904,France,22.86
108464,S832,Streaming subscription,-1,2024-07-30,19.64,C10533,France,-19.64
108465,S140,Streaming subscription,4,2024-07-30,31.19,C57348,Germany,124.76
108467,S964,Streaming subscription,1,2024-07-30,29.66,C29027,Germany,29.66
108468,S706,Streaming subscription,3,2024-07-30,24.98,C60271,Germany,74.94
108469,S238,Streaming subscription,1,2024-07-30,27.03,C57467,Germany,27.03
108470,S157,Streaming subscription,2,2024-07-30,23.9,C35397,Germany,47.8
108471,S302,Streaming subscription,5,2024-07-30,25.95,C73211,Germany,129.75
108473,S899,Streaming subscription,1,2024-07-30,25.75,C45060,United Kingdom,25.75
108461,S478,Streaming subscription,5,2024-07-30,24.83,C35824,France,124.14999999999999
108475,S155,Streaming subscription,2,2024-07-30,31.59,C61529,United Kingdom,63.18
108476,S267,Streaming subscription,4,2024-07-30,28.0,C93276,United Kingdom,112.0
108477,S524,Streaming subscription,-2,2024-07-30,29.45,C27486,United Kingdom,-58.9
108478,S524,Streaming subscription,2,2024-07-30,32.08,C67728,United Kingdom,64.16
108479,S209,Streaming subscription,5,2024-07-30,26.92,C45415,United Kingdom,134.60000000000002
108480,S260,Streaming subscription,5,2024-07-30,30.51,C96888,United Kingdom,152.55
108472,S120,Streaming subscription,4,2024-07-30,25.91,C30660,Germany,103.64
108474,S742,Streaming subscription,4,2024-07-30,39.28,C70643,United Kingdom,157.12
108466,S630,Streaming subscription,5,2024-07-30,26.18,C25426,Germany,130.9
108458,S721,Streaming subscription,1,2024-07-30,21.25,C60573,France,21.25
108459,S323,Streaming subscription,4,2024-07-30,22.1,C60832,France,88.4
108441,S324,Streaming subscription,5,2024-07-30,23.06,C25276,Australia,115.3
108442,S684,Streaming subscription,2,2024-07-30,16.1,C83736,Australia,32.2
108443,S872,Streaming subscription,4,2024-07-30,18.61,C21503,Australia,74.44
108444,S315,Streaming subscription,2,2024-07-30,21.56,C64576,Australia,43.12
108445,S514,Streaming subscription,3,2024-07-30,19.7,C81240,Australia,59.099999999999994
108446,S534,Streaming subscription,3,2024-07-30,18.47,C98616,Australia,55.41
108447,S670,Streaming subscription,3,2024-07-30,20.91,C91408,Australia,62.730000000000004
108448,S462,Streaming subscription,2,2024-07-30,23.22,C59370,Australia,46.44
108460,S744,Streaming subscription,2,2024-07-30,19.69,C59716,France,39.38
108450,S889,Streaming subscription,4,2024-07-30,17.2,C24037,Canada,68.8
108449,S713,Streaming subscription,2,2024-07-30,16.49,C50600,Canada,32.98
108456,S278,Streaming subscription,4,2024-07-30,18.73,C60506,Canada,74.92
108455,S684,Streaming subscription,4,2024-07-30,18.59,C26434,Canada,74.36
108457,S114,Streaming subscription,5,2024-07-30,24.65,C43226,France,123.25
108453,S967,Streaming subscription,5,2024-07-30,11.94,C32257,Canada,59.699999999999996
108452,S263,Streaming subscription,2,2024-07-30,16.93,C76250,Canada,33.86
108451,S405,Streaming subscription,4,2024-07-30,19.11,C18016,Canada,76.44
108454,S165,Streaming subscription,3,2024-07-30,19.47,C79111,Canada,58.41
108502,S399,Streaming subscription,2,2024-07-31,25.7,C70740,France,51.4
108509,S718,Streaming subscription,1,2024-07-31,26.54,C31244,Germany,26.54
108503,S231,Streaming subscription,-2,2024-07-31,22.96,C26013,France,-45.92
108504,S889,Streaming subscription,1,2024-07-31,12.26,C17617,France,12.26
108505,S881,Streaming subscription,3,2024-07-31,23.66,C15556,Germany,70.98
108506,S554,Streaming subscription,2,2024-07-31,29.24,C75258,Germany,58.48
108507,S373,Streaming subscription,1,2024-07-31,28.59,C47749,Germany,28.59
108508,S157,Streaming subscription,4,2024-07-31,29.31,C65162,Germany,117.24
108510,S200,Streaming subscription,3,2024-07-31,24.93,C46611,Germany,74.78999999999999
108514,S423,Streaming subscription,4,2024-07-31,26.85,C96600,United Kingdom,107.4
108512,S743,Streaming subscription,4,2024-07-31,27.8,C88960,Germany,111.2
108513,S376,Streaming subscription,2,2024-07-31,34.52,C29947,United Kingdom,69.04
108515,S210,Streaming subscription,3,2024-07-31,33.63,C35199,United Kingdom,100.89000000000001
108516,S311,Streaming subscription,1,2024-07-31,26.55,C15472,United Kingdom,26.55
108517,S952,Streaming subscription,2,2024-07-31,29.75,C65840,United Kingdom,59.5
108518,S116,Streaming subscription,5,2024-07-31,27.17,C27786,United Kingdom,135.85000000000002
108519,S330,Streaming subscription,4,2024-07-31,35.2,C38451,United Kingdom,140.8
108501,S989,Streaming subscription,4,2024-07-31,21.45,C10149,France,85.8
108511,S210,Streaming subscription,1,2024-07-31,23.1,C33203,Germany,23.1
108520,S125,Streaming subscription,4,2024-07-31,26.65,C35634,United Kingdom,106.6
108500,S375,Streaming subscription,2,2024-07-31,21.56,C43207,France,43.12
108498,S669,Streaming subscription,1,2024-07-31,22.5,C62588,France,22.5
108481,S508,Streaming subscription,3,2024-07-31,21.08,C14374,Australia,63.239999999999995
108482,S476,Streaming subscription,4,2024-07-31,18.18,C97551,Australia,72.72
108483,S237,Streaming subscription,4,2024-07-31,14.59,C25178,Australia,58.36
108484,S632,Streaming subscription,5,2024-07-31,18.88,C49182,Australia,94.39999999999999
108485,S252,Streaming subscription,5,2024-07-31,17.7,C92960,Australia,88.5
108486,S590,Streaming subscription,5,2024-07-31,27.2,C86047,Australia,136.0
108487,S190,Streaming subscription,1,2024-07-31,27.72,C12202,Australia,27.72
108488,S608,Streaming subscription,2,2024-07-31,22.02,C56230,Australia,44.04
108499,S389,Streaming subscription,2,2024-07-31,20.99,C28187,France,41.98
108490,S876,Streaming subscription,5,2024-07-31,15.14,C74797,Canada,75.7
108497,S948,Streaming subscription,1,2024-07-31,14.72,C84854,France,14.72
108496,S980,Streaming subscription,1,2024-07-31,17.29,C55371,Canada,17.29
108495,S790,Streaming subscription,4,2024-07-31,24.16,C18474,Canada,96.64
108489,S687,Streaming subscription,4,2024-07-31,21.46,C11928,Canada,85.84
108493,S895,Streaming subscription,-1,2024-07-31,9.24,C54585,Canada,-9.24
108492,S931,Streaming subscription,5,2024-07-31,12.06,C54383,Canada,60.300000000000004
108491,S665,Streaming subscription,1,2024-07-31,22.91,C21832,Canada,22.91
108494,S430,Streaming subscription,2,2024-07-31,19.27,C86290,Canada,38.54
108550,S987,Streaming subscription,1,2024-08-01,23.85,C77083,Germany,23.85
108543,S217,Streaming subscription,3,2024-08-01,19.74,C59071,France,59.22
108544,S817,Streaming subscription,4,2024-08-01,24.23,C28597,France,96.92
108545,S518,Streaming subscription,1,2024-08-01,27.6,C64123,Germany,27.6
108547,S916,Streaming subscription,4,2024-08-01,22.05,C50827,Germany,88.2
108548,S918,Streaming subscription,3,2024-08-01,22.59,C87392,Germany,67.77
108549,S705,Streaming subscription,3,2024-08-01,29.89,C97405,Germany,89.67
108551,S434,Streaming subscription,1,2024-08-01,27.22,C80475,Germany,27.22
108556,S595,Streaming subscription,4,2024-08-01,31.04,C68380,United Kingdom,124.16
108553,S718,Streaming subscription,3,2024-08-01,30.44,C93251,United Kingdom,91.32000000000001
108554,S494,Streaming subscription,5,2024-08-01,30.27,C81865,United Kingdom,151.35
108555,S960,Streaming subscription,1,2024-08-01,28.71,C18292,United Kingdom,28.71
108542,S489,Streaming subscription,5,2024-08-01,19.52,C58177,France,97.6
108557,S879,Streaming subscription,3,2024-08-01,26.93,C57367,United Kingdom,80.78999999999999
108558,S203,Streaming subscription,3,2024-08-01,32.48,C21622,United Kingdom,97.44
108559,S114,Streaming subscription,4,2024-08-01,36.53,C86562,United Kingdom,146.12
108560,S368,Streaming subscription,1,2024-08-01,29.85,C85246,United Kingdom,29.85
108552,S947,Streaming subscription,5,2024-08-01,27.35,C57630,Germany,136.75
108541,S992,Streaming subscription,1,2024-08-01,31.12,C61504,France,31.12
108546,S812,Streaming subscription,2,2024-08-01,28.68,C14383,Germany,57.36
108539,S190,Streaming subscription,4,2024-08-01,21.7,C28061,France,86.8
108540,S818,Streaming subscription,3,2024-08-01,24.31,C81049,France,72.92999999999999
108522,S937,Streaming subscription,4,2024-08-01,22.6,C71011,Australia,90.4
108523,S511,Streaming subscription,1,2024-08-01,23.88,C72133,Australia,23.88
108524,S286,Streaming subscription,5,2024-08-01,24.77,C78694,Australia,123.85
108525,S643,Streaming subscription,3,2024-08-01,22.06,C46576,Australia,66.17999999999999
108526,S406,Streaming subscription,2,2024-08-01,24.45,C77099,Australia,48.9
108527,S212,Streaming subscription,3,2024-08-01,19.72,C32395,Australia,59.16
108528,S705,Streaming subscription,1,2024-08-01,22.24,C42040,Australia,22.24
108529,S926,Streaming subscription,5,2024-08-01,17.03,C70919,Canada,85.15
108521,S772,Streaming subscription,2,2024-08-01,18.64,C54471,Australia,37.28
108531,S105,Streaming subscription,4,2024-08-01,16.5,C91102,Canada,66.0
108530,S131,Streaming subscription,-2,2024-08-01,20.07,C86788,Canada,-40.14
108537,S924,Streaming subscription,5,2024-08-01,24.82,C90102,France,124.1
108536,S121,Streaming subscription,5,2024-08-01,22.15,C43033,Canada,110.75
108535,S642,Streaming subscription,3,2024-08-01,10.78,C39555,Canada,32.339999999999996
108538,S853,Streaming subscription,2,2024-08-01,20.58,C21340,France,41.16
108534,S281,Streaming subscription,3,2024-08-01,15.29,C42438,Canada,45.87
108533,S637,Streaming subscription,2,2024-08-01,20.87,C22177,Canada,41.74
108532,S718,Streaming subscription,4,2024-08-01,9.86,C16848,Canada,39.44
108590,S722,Streaming subscription,5,2024-08-02,29.19,C29828,Germany,145.95000000000002
108584,S779,Streaming subscription,2,2024-08-02,21.57,C82282,France,43.14
108585,S349,Streaming subscription,1,2024-08-02,25.33,C81571,Germany,25.33
108586,S440,Streaming subscription,4,2024-08-02,26.08,C61466,Germany,104.32
108587,S770,Streaming subscription,2,2024-08-02,26.51,C81812,Germany,53.02
108588,S658,Streaming subscription,4,2024-08-02,19.74,C90005,Germany,78.96
108589,S244,Streaming subscription,1,2024-08-02,22.7,C88994,Germany,22.7
108583,S381,Streaming subscription,3,2024-08-02,29.19,C18178,France,87.57000000000001
108591,S873,Streaming subscription,2,2024-08-02,26.57,C14054,Germany,53.14
108595,S179,Streaming subscription,1,2024-08-02,34.43,C49656,United Kingdom,34.43
108593,S516,Streaming subscription,4,2024-08-02,26.16,C13355,United Kingdom,104.64
108594,S725,Streaming subscription,4,2024-08-02,30.23,C30433,United Kingdom,120.92
108596,S388,Streaming subscription,1,2024-08-02,25.62,C82103,United Kingdom,25.62
108597,S463,Streaming subscription,5,2024-08-02,36.39,C67585,United Kingdom,181.95
108598,S301,Streaming subscription,1,2024-08-02,27.97,C73075,United Kingdom,27.97
108599,S257,Streaming subscription,3,2024-08-02,32.82,C92587,United Kingdom,98.46000000000001
108600,S152,Streaming subscription,1,2024-08-02,26.08,C45165,United Kingdom,26.08
108582,S791,Streaming subscription,2,2024-08-02,26.13,C68861,France,52.26
108592,S573,Streaming subscription,5,2024-08-02,22.57,C56181,Germany,112.85
108581,S811,Streaming subscription,1,2024-08-02,25.49,C71794,France,25.49
108566,S494,Streaming subscription,2,2024-08-02,23.94,C88069,Australia,47.88
108579,S622,Streaming subscription,3,2024-08-02,21.78,C28994,France,65.34
108580,S429,Streaming subscription,2,2024-08-02,26.66,C43401,France,53.32
108561,S126,Streaming subscription,3,2024-08-02,18.9,C55532,Australia,56.699999999999996
108562,S465,Streaming subscription,4,2024-08-02,18.88,C30461,Australia,75.52
108563,S557,Streaming subscription,5,2024-08-02,18.17,C26969,Australia,90.85000000000001
108564,S206,Streaming subscription,4,2024-08-02,23.27,C15604,Australia,93.08
108565,S896,Streaming subscription,1,2024-08-02,19.38,C74282,Australia,19.38
108567,S866,Streaming subscription,3,2024-08-02,21.02,C26898,Australia,63.06
108568,S964,Streaming subscription,4,2024-08-02,16.05,C64585,Australia,64.2
108569,S922,Streaming subscription,-1,2024-08-02,10.87,C31897,Canada,-10.87
108571,S786,Streaming subscription,5,2024-08-02,17.26,C10843,Canada,86.30000000000001
108572,S269,Streaming subscription,1,2024-08-02,16.08,C38700,Canada,16.08
108573,S951,Streaming subscription,5,2024-08-02,12.87,C66500,Canada,64.35
108574,S108,Streaming subscription,5,2024-08-02,21.02,C23964,Canada,105.1
108575,S337,Streaming subscription,5,2024-08-02,14.01,C97765,Canada,70.05
108576,S242,Streaming subscription,3,2024-08-02,18.53,C17691,Canada,55.59
108577,S456,Streaming subscription,3,2024-08-02,23.28,C48589,France,69.84
108578,S799,Streaming subscription,5,2024-08-02,21.16,C79585,France,105.8
108570,S518,Streaming subscription,4,2024-08-02,17.43,C37728,Canada,69.72
108628,S447,Streaming subscription,3,2024-08-03,21.33,C79130,Germany,63.989999999999995
108629,S680,Streaming subscription,4,2024-08-03,22.72,C75049,Germany,90.88
108627,S618,Streaming subscription,1,2024-08-03,19.83,C58432,Germany,19.83
108623,S121,Streaming subscription,5,2024-08-03,24.63,C39727,France,123.14999999999999
108625,S463,Streaming subscription,3,2024-08-03,25.1,C32690,Germany,75.30000000000001
108624,S800,Streaming subscription,2,2024-08-03,17.53,C16206,France,35.06
108630,S302,Streaming subscription,5,2024-08-03,22.12,C68868,Germany,110.60000000000001
108626,S414,Streaming subscription,5,2024-08-03,18.17,C41853,Germany,90.85000000000001
108631,S821,Streaming subscription,4,2024-08-03,19.03,C55912,Germany,76.12
108639,S578,Streaming subscription,3,2024-08-03,28.07,C48067,United Kingdom,84.21000000000001
108633,S407,Streaming subscription,2,2024-08-03,19.68,C97214,United Kingdom,39.36
108634,S651,Streaming subscription,1,2024-08-03,21.96,C26549,United Kingdom,21.96
108640,S160,Streaming subscription,-2,2024-08-03,31.64,C52857,United Kingdom,-63.28
108635,S608,Streaming subscription,2,2024-08-03,29.45,C96824,United Kingdom,58.9
108636,S683,Streaming subscription,4,2024-08-03,31.26,C97928,United Kingdom,125.04
108637,S242,Streaming subscription,3,2024-08-03,27.85,C56061,United Kingdom,83.55000000000001
108638,S676,Streaming subscription,1,2024-08-03,28.31,C41893,United Kingdom,28.31
108622,S522,Streaming subscription,2,2024-08-03,24.79,C64380,France,49.58
108632,S750,Streaming subscription,4,2024-08-03,17.85,C41267,Germany,71.4
108621,S480,Streaming subscription,2,2024-08-03,12.58,C43963,France,25.16
108606,S935,Streaming subscription,3,2024-08-03,20.59,C97727,Australia,61.769999999999996
108619,S983,Streaming subscription,4,2024-08-03,18.65,C34433,France,74.6
108620,S702,Streaming subscription,4,2024-08-03,15.9,C83283,France,63.6
108602,S450,Streaming subscription,2,2024-08-03,20.29,C78704,Australia,40.58
108603,S243,Streaming subscription,5,2024-08-03,14.52,C33036,Australia,72.6
108604,S283,Streaming subscription,5,2024-08-03,16.88,C43262,Australia,84.39999999999999
108605,S630,Streaming subscription,3,2024-08-03,20.52,C76219,Australia,61.56
108607,S344,Streaming subscription,3,2024-08-03,11.29,C28032,Australia,33.87
108608,S333,Streaming subscription,3,2024-08-03,16.02,C77793,Australia,48.06
108609,S919,Streaming subscription,5,2024-08-03,20.9,C46500,Canada,104.5
108601,S589,Streaming subscription,4,2024-08-03,17.25,C38689,Australia,69.0
108611,S323,Streaming subscription,2,2024-08-03,10.92,C92903,Canada,21.84
108612,S463,Streaming subscription,5,2024-08-03,14.02,C51442,Canada,70.1
108613,S220,Streaming subscription,3,2024-08-03,9.55,C74155,Canada,28.650000000000002
108614,S389,Streaming subscription,5,2024-08-03,13.25,C54475,Canada,66.25
108615,S652,Streaming subscription,3,2024-08-03,15.67,C76071,Canada,47.01
108616,S314,Streaming subscription,2,2024-08-03,22.03,C94315,Canada,44.06
108617,S591,Streaming subscription,1,2024-08-03,20.75,C74034,France,20.75
108618,S803,Streaming subscription,-1,2024-08-03,21.3,C25687,France,-21.3
108610,S377,Streaming subscription,5,2024-08-03,8.69,C30128,Canada,43.449999999999996
108668,S373,Streaming subscription,3,2024-08-04,23.43,C98143,Germany,70.28999999999999
108667,S828,Streaming subscription,2,2024-08-04,18.63,C60512,Germany,37.26
108663,S461,Streaming subscription,5,2024-08-04,16.75,C71884,France,83.75
108664,S845,Streaming subscription,2,2024-08-04,26.1,C14345,France,52.2
108669,S940,Streaming subscription,5,2024-08-04,21.76,C13486,Germany,108.80000000000001
108662,S214,Streaming subscription,5,2024-08-04,15.14,C49023,France,75.7
108665,S757,Streaming subscription,-2,2024-08-04,25.46,C92210,Germany,-50.92
108670,S668,Streaming subscription,5,2024-08-04,30.27,C68039,Germany,151.35
108674,S417,Streaming subscription,4,2024-08-04,26.74,C81814,United Kingdom,106.96
108672,S182,Streaming subscription,5,2024-08-04,18.75,C20221,Germany,93.75
108673,S434,Streaming subscription,5,2024-08-04,22.8,C13386,United Kingdom,114.0
108675,S697,Streaming subscription,5,2024-08-04,25.24,C15457,United Kingdom,126.19999999999999
108676,S347,Streaming subscription,3,2024-08-04,23.93,C46247,United Kingdom,71.78999999999999
108677,S299,Streaming subscription,2,2024-08-04,16.76,C77643,United Kingdom,33.52
108678,S470,Streaming subscription,1,2024-08-04,21.08,C51367,United Kingdom,21.08
108679,S724,Streaming subscription,5,2024-08-04,25.2,C34588,United Kingdom,126.0
108680,S271,Streaming subscription,1,2024-08-04,29.02,C91256,United Kingdom,29.02
108671,S218,Streaming subscription,4,2024-08-04,23.29,C28665,Germany,93.16
108660,S729,Streaming subscription,5,2024-08-04,21.23,C66279,France,106.15
108666,S963,Streaming subscription,3,2024-08-04,22.0,C86993,Germany,66.0
108658,S730,Streaming subscription,2,2024-08-04,21.06,C11631,France,42.12
108659,S301,Streaming subscription,4,2024-08-04,13.79,C57780,France,55.16
108641,S289,Streaming subscription,4,2024-08-04,14.74,C15320,Australia,58.96
108642,S856,Streaming subscription,4,2024-08-04,17.39,C54573,Australia,69.56
108643,S449,Streaming subscription,2,2024-08-04,18.14,C32612,Australia,36.28
108644,S368,Streaming subscription,4,2024-08-04,19.07,C83721,Australia,76.28
108645,S211,Streaming subscription,3,2024-08-04,20.1,C70857,Australia,60.300000000000004
108646,S793,Streaming subscription,4,2024-08-04,16.69,C30771,Australia,66.76
108647,S511,Streaming subscription,5,2024-08-04,15.51,C71798,Australia,77.55
108648,S878,Streaming subscription,2,2024-08-04,9.52,C25900,Australia,19.04
108661,S449,Streaming subscription,2,2024-08-04,21.53,C69148,France,43.06
108650,S890,Streaming subscription,5,2024-08-04,13.05,C41255,Canada,65.25
108649,S575,Streaming subscription,4,2024-08-04,14.36,C15940,Canada,57.44
108656,S261,Streaming subscription,3,2024-08-04,10.06,C48708,Canada,30.18
108655,S703,Streaming subscription,1,2024-08-04,11.74,C72957,Canada,11.74
108657,S337,Streaming subscription,1,2024-08-04,19.29,C16382,France,19.29
108653,S179,Streaming subscription,2,2024-08-04,15.67,C75336,Canada,31.34
108652,S291,Streaming subscription,3,2024-08-04,13.68,C93600,Canada,41.04
108651,S182,Streaming subscription,4,2024-08-04,21.27,C96812,Canada,85.08
108654,S259,Streaming subscription,1,2024-08-04,18.13,C58143,Canada,18.13
108702,S878,Streaming subscription,4,2024-08-05,20.84,C25955,France,83.36
108709,S869,Streaming subscription,5,2024-08-05,28.78,C89223,Germany,143.9
108703,S461,Streaming subscription,-2,2024-08-05,19.78,C31341,France,-39.56
108704,S519,Streaming subscription,1,2024-08-05,20.52,C16336,France,20.52
108705,S484,Streaming subscription,2,2024-08-05,26.75,C87193,Germany,53.5
108706,S912,Streaming subscription,2,2024-08-05,25.43,C71901,Germany,50.86
108707,S346,Streaming subscription,-2,2024-08-05,22.19,C68578,Germany,-44.38
108708,S928,Streaming subscription,3,2024-08-05,25.29,C62148,Germany,75.87
108710,S495,Streaming subscription,1,2024-08-05,30.37,C80870,Germany,30.37
108714,S886,Streaming subscription,4,2024-08-05,27.86,C87660,United Kingdom,111.44
108712,S803,Streaming subscription,3,2024-08-05,24.31,C66312,Germany,72.92999999999999
108713,S527,Streaming subscription,1,2024-08-05,23.36,C37622,United Kingdom,23.36
108715,S941,Streaming subscription,5,2024-08-05,32.29,C17246,United Kingdom,161.45
108716,S250,Streaming subscription,4,2024-08-05,33.48,C41206,United Kingdom,133.92
108717,S877,Streaming subscription,4,2024-08-05,30.02,C86896,United Kingdom,120.08
108718,S671,Streaming subscription,3,2024-08-05,29.51,C72282,United Kingdom,88.53
108719,S801,Streaming subscription,5,2024-08-05,30.93,C66140,United Kingdom,154.65
108720,S300,Streaming subscription,1,2024-08-05,32.52,C80019,United Kingdom,32.52
108711,S626,Streaming subscription,4,2024-08-05,21.15,C14347,Germany,84.6
108701,S289,Streaming subscription,3,2024-08-05,23.2,C45070,France,69.6
108700,S153,Streaming subscription,5,2024-08-05,19.6,C27524,France,98.0
108698,S153,Streaming subscription,5,2024-08-05,27.95,C30358,France,139.75
108699,S129,Streaming subscription,2,2024-08-05,20.17,C48287,France,40.34
108681,S141,Streaming subscription,2,2024-08-05,21.07,C64648,Australia,42.14
108682,S193,Streaming subscription,2,2024-08-05,27.23,C17192,Australia,54.46
108683,S202,Streaming subscription,5,2024-08-05,19.08,C92873,Australia,95.39999999999999
108684,S378,Streaming subscription,4,2024-08-05,27.14,C29173,Australia,108.56
108686,S762,Streaming subscription,1,2024-08-05,22.21,C37777,Australia,22.21
108687,S839,Streaming subscription,2,2024-08-05,22.91,C75742,Australia,45.82
108688,S689,Streaming subscription,2,2024-08-05,26.48,C62034,Australia,52.96
108685,S721,Streaming subscription,4,2024-08-05,11.85,C72959,Australia,47.4
108690,S509,Streaming subscription,2,2024-08-05,13.94,C49228,Canada,27.88
108689,S198,Streaming subscription,3,2024-08-05,16.75,C54071,Canada,50.25
108696,S997,Streaming subscription,-1,2024-08-05,21.06,C21553,Canada,-21.06
108695,S444,Streaming subscription,5,2024-08-05,19.29,C54829,Canada,96.44999999999999
108694,S429,Streaming subscription,5,2024-08-05,18.45,C47970,Canada,92.25
108697,S226,Streaming subscription,1,2024-08-05,25.29,C67480,France,25.29
108692,S178,Streaming subscription,5,2024-08-05,9.21,C27688,Canada,46.050000000000004
108691,S936,Streaming subscription,1,2024-08-05,10.99,C70472,Canada,10.99
108693,S735,Streaming subscription,1,2024-08-05,18.16,C25742,Canada,18.16
108750,S816,Streaming subscription,2,2024-08-06,22.58,C13386,Germany,45.16
108743,S966,Streaming subscription,4,2024-08-06,18.35,C91586,France,73.4
108744,S887,Streaming subscription,1,2024-08-06,16.09,C72369,France,16.09
108745,S346,Streaming subscription,5,2024-08-06,28.18,C96430,Germany,140.9
108746,S541,Streaming subscription,3,2024-08-06,32.65,C48646,Germany,97.94999999999999
108747,S686,Streaming subscription,3,2024-08-06,25.26,C83457,Germany,75.78
108748,S950,Streaming subscription,3,2024-08-06,30.11,C58061,Germany,90.33
108749,S207,Streaming subscription,5,2024-08-06,20.41,C56736,Germany,102.05
108751,S645,Streaming subscription,1,2024-08-06,25.93,C18268,Germany,25.93
108760,S982,Streaming subscription,1,2024-08-06,33.42,C74913,United Kingdom,33.42
108753,S882,Streaming subscription,4,2024-08-06,23.62,C27813,United Kingdom,94.48
108754,S474,Streaming subscription,4,2024-08-06,27.56,C70994,United Kingdom,110.24
108755,S202,Streaming subscription,5,2024-08-06,29.93,C70448,United Kingdom,149.65
108756,S850,Streaming subscription,4,2024-08-06,27.45,C28690,United Kingdom,109.8
108757,S162,Streaming subscription,4,2024-08-06,28.74,C48598,United Kingdom,114.96
108758,S334,Streaming subscription,4,2024-08-06,27.76,C55383,United Kingdom,111.04
108759,S359,Streaming subscription,4,2024-08-06,29.16,C78654,United Kingdom,116.64
108742,S110,Streaming subscription,5,2024-08-06,28.38,C45711,France,141.9
108752,S689,Streaming subscription,3,2024-08-06,25.57,C89107,Germany,76.71000000000001
108741,S470,Streaming subscription,2,2024-08-06,24.54,C80548,France,49.08
108740,S943,Streaming subscription,2,2024-08-06,20.16,C56296,France,40.32
108739,S581,Streaming subscription,5,2024-08-06,21.57,C92928,France,107.85
108722,S538,Streaming subscription,5,2024-08-06,23.92,C26323,Australia,119.60000000000001
108723,S777,Streaming subscription,2,2024-08-06,21.68,C24401,Australia,43.36
108724,S576,Streaming subscription,2,2024-08-06,20.3,C22070,Australia,40.6
108725,S789,Streaming subscription,5,2024-08-06,21.85,C69110,Australia,109.25
108726,S474,Streaming subscription,2,2024-08-06,25.71,C54205,Australia,51.42
108727,S484,Streaming subscription,2,2024-08-06,12.22,C68660,Australia,24.44
108728,S668,Streaming subscription,2,2024-08-06,15.88,C28888,Australia,31.76
108729,S715,Streaming subscription,5,2024-08-06,22.39,C82065,Canada,111.95
108721,S131,Streaming subscription,2,2024-08-06,19.7,C37402,Australia,39.4
108731,S780,Streaming subscription,4,2024-08-06,17.27,C36216,Canada,69.08
108732,S425,Streaming subscription,2,2024-08-06,19.41,C20892,Canada,38.82
108733,S293,Streaming subscription,4,2024-08-06,19.04,C93916,Canada,76.16
108734,S694,Streaming subscription,5,2024-08-06,15.79,C75293,Canada,78.94999999999999
108735,S797,Streaming subscription,4,2024-08-06,16.36,C77531,Canada,65.44
108736,S132,Streaming subscription,1,2024-08-06,15.69,C30351,Canada,15.69
108737,S348,Streaming subscription,1,2024-08-06,26.42,C84387,France,26.42
108738,S888,Streaming subscription,3,2024-08-06,27.88,C81205,France,83.64
108730,S734,Streaming subscription,3,2024-08-06,16.35,C69056,Canada,49.050000000000004
108788,S761,Streaming subscription,2,2024-08-07,28.59,C84115,Germany,57.18
108787,S291,Streaming subscription,2,2024-08-07,23.5,C56791,Germany,47.0
108783,S431,Streaming subscription,5,2024-08-07,18.23,C74018,France,91.15
108785,S143,Streaming subscription,5,2024-08-07,22.65,C52718,Germany,113.25
108784,S123,Streaming subscription,5,2024-08-07,14.92,C34091,France,74.6
108789,S740,Streaming subscription,4,2024-08-07,22.94,C20249,Germany,91.76
108786,S982,Streaming subscription,3,2024-08-07,25.93,C50067,Germany,77.78999999999999
108790,S463,Streaming subscription,2,2024-08-07,24.36,C58972,Germany,48.72
108795,S569,Streaming subscription,2,2024-08-07,28.09,C98566,United Kingdom,56.18
108792,S733,Streaming subscription,4,2024-08-07,23.92,C51992,Germany,95.68
108793,S607,Streaming subscription,5,2024-08-07,30.52,C86191,United Kingdom,152.6
108794,S398,Streaming subscription,4,2024-08-07,30.21,C80123,United Kingdom,120.84
108796,S483,Streaming subscription,4,2024-08-07,27.18,C51948,United Kingdom,108.72
108797,S251,Streaming subscription,1,2024-08-07,29.77,C19589,United Kingdom,29.77
108798,S929,Streaming subscription,2,2024-08-07,26.52,C36628,United Kingdom,53.04
108799,S739,Streaming subscription,3,2024-08-07,28.09,C51931,United Kingdom,84.27
108782,S284,Streaming subscription,5,2024-08-07,20.56,C35829,France,102.8
108791,S972,Streaming subscription,4,2024-08-07,25.94,C58266,Germany,103.76
108781,S324,Streaming subscription,5,2024-08-07,20.22,C54454,France,101.1
108800,S631,Streaming subscription,5,2024-08-07,21.58,C11157,United Kingdom,107.89999999999999
108779,S114,Streaming subscription,1,2024-08-07,20.44,C88166,France,20.44
108761,S679,Streaming subscription,5,2024-08-07,22.88,C93860,Australia,114.39999999999999
108762,S532,Streaming subscription,1,2024-08-07,20.05,C54908,Australia,20.05
108763,S771,Streaming subscription,4,2024-08-07,20.16,C40590,Australia,80.64
108764,S560,Streaming subscription,3,2024-08-07,14.56,C52397,Australia,43.68
108765,S281,Streaming subscription,1,2024-08-07,14.65,C43892,Australia,14.65
108766,S191,Streaming subscription,4,2024-08-07,14.73,C90417,Australia,58.92
108767,S601,Streaming subscription,5,2024-08-07,16.3,C68077,Australia,81.5
108768,S843,Streaming subscription,5,2024-08-07,19.78,C52556,Australia,98.9
108769,S957,Streaming subscription,1,2024-08-07,16.81,C84313,Canada,16.81
108780,S762,Streaming subscription,3,2024-08-07,19.93,C99708,France,59.79
108771,S962,Streaming subscription,2,2024-08-07,11.71,C61737,Canada,23.42
108772,S696,Streaming subscription,2,2024-08-07,15.64,C90605,Canada,31.28
108773,S119,Streaming subscription,2,2024-08-07,19.38,C43616,Canada,38.76
108774,S126,Streaming subscription,2,2024-08-07,14.65,C32341,Canada,29.3
108775,S102,Streaming subscription,5,2024-08-07,16.61,C74171,Canada,83.05
108776,S245,Streaming subscription,4,2024-08-07,13.72,C97045,Canada,54.88
108777,S585,Streaming subscription,2,2024-08-07,18.01,C80548,France,36.02
108778,S103,Streaming subscription,2,2024-08-07,20.33,C85098,France,40.66
108770,S241,Streaming subscription,-2,2024-08-07,18.53,C95867,Canada,-37.06
108828,S908,Streaming subscription,5,2024-08-08,20.96,C23410,Germany,104.80000000000001
108827,S780,Streaming subscription,4,2024-08-08,24.52,C72506,Germany,98.08
108823,S819,Streaming subscription,5,2024-08-08,26.82,C21725,France,134.1
108825,S663,Streaming subscription,1,2024-08-08,32.56,C96412,Germany,32.56
108824,S194,Streaming subscription,-2,2024-08-08,16.23,C77040,France,-32.46
108829,S706,Streaming subscription,5,2024-08-08,24.6,C32586,Germany,123.0
108826,S691,Streaming subscription,4,2024-08-08,19.34,C45102,Germany,77.36
108830,S506,Streaming subscription,3,2024-08-08,24.85,C56644,Germany,74.55000000000001
108835,S731,Streaming subscription,1,2024-08-08,23.96,C99270,United Kingdom,23.96
108832,S597,Streaming subscription,3,2024-08-08,28.53,C81607,Germany,85.59
108833,S609,Streaming subscription,3,2024-08-08,31.73,C65214,United Kingdom,95.19
108834,S503,Streaming subscription,3,2024-08-08,35.2,C83008,United Kingdom,105.60000000000001
108836,S602,Streaming subscription,3,2024-08-08,23.89,C12221,United Kingdom,71.67
108837,S598,Streaming subscription,3,2024-08-08,36.96,C35771,United Kingdom,110.88
108838,S673,Streaming subscription,5,2024-08-08,30.79,C26269,United Kingdom,153.95
108839,S397,Streaming subscription,4,2024-08-08,24.7,C53877,United Kingdom,98.8
108822,S659,Streaming subscription,4,2024-08-08,26.58,C58349,France,106.32
108831,S452,Streaming subscription,1,2024-08-08,19.36,C88573,Germany,19.36
108821,S969,Streaming subscription,5,2024-08-08,18.73,C93585,France,93.65
108840,S422,Streaming subscription,3,2024-08-08,32.97,C51090,United Kingdom,98.91
108819,S148,Streaming subscription,1,2024-08-08,18.83,C60515,France,18.83
108801,S531,Streaming subscription,1,2024-08-08,20.4,C54786,Australia,20.4
108802,S315,Streaming subscription,4,2024-08-08,24.06,C75647,Australia,96.24
108803,S597,Streaming subscription,3,2024-08-08,25.31,C53907,Australia,75.92999999999999
108804,S823,Streaming subscription,5,2024-08-08,20.96,C64085,Australia,104.80000000000001
108805,S808,Streaming subscription,1,2024-08-08,21.19,C61710,Australia,21.19
108806,S113,Streaming subscription,5,2024-08-08,14.18,C13485,Australia,70.9
108807,S482,Streaming subscription,1,2024-08-08,20.84,C82114,Australia,20.84
108808,S204,Streaming subscription,2,2024-08-08,18.14,C48348,Australia,36.28
108809,S116,Streaming subscription,-2,2024-08-08,12.16,C82367,Canada,-24.32
108820,S994,Streaming subscription,4,2024-08-08,26.1,C53870,France,104.4
108811,S500,Streaming subscription,3,2024-08-08,17.49,C67959,Canada,52.47
108812,S424,Streaming subscription,2,2024-08-08,13.1,C14849,Canada,26.2
108813,S841,Streaming subscription,5,2024-08-08,14.96,C79314,Canada,74.80000000000001
108814,S706,Streaming subscription,5,2024-08-08,14.11,C10716,Canada,70.55
108815,S334,Streaming subscription,5,2024-08-08,16.18,C99076,Canada,80.9
108816,S876,Streaming subscription,2,2024-08-08,20.92,C98619,Canada,41.84
108817,S214,Streaming subscription,3,2024-08-08,19.7,C75928,France,59.099999999999994
108818,S350,Streaming subscription,4,2024-08-08,23.64,C72093,France,94.56
108810,S161,Streaming subscription,2,2024-08-08,12.6,C49366,Canada,25.2
108868,S586,Streaming subscription,1,2024-08-09,25.26,C23136,Germany,25.26
108867,S664,Streaming subscription,3,2024-08-09,24.58,C22821,Germany,73.74
108866,S282,Streaming subscription,2,2024-08-09,20.49,C44147,Germany,40.98
108862,S478,Streaming subscription,4,2024-08-09,17.54,C60616,France,70.16
108864,S774,Streaming subscription,1,2024-08-09,20.83,C91685,France,20.83
108863,S407,Streaming subscription,4,2024-08-09,23.59,C16367,France,94.36
108869,S707,Streaming subscription,2,2024-08-09,19.5,C48401,Germany,39.0
108865,S175,Streaming subscription,5,2024-08-09,25.93,C18173,Germany,129.65
108870,S984,Streaming subscription,2,2024-08-09,26.99,C61193,Germany,53.98
108874,S505,Streaming subscription,2,2024-08-09,25.62,C73520,United Kingdom,51.24
108872,S182,Streaming subscription,5,2024-08-09,27.83,C60113,Germany,139.14999999999998
108873,S691,Streaming subscription,1,2024-08-09,28.2,C25352,United Kingdom,28.2
108875,S777,Streaming subscription,3,2024-08-09,35.98,C45421,United Kingdom,107.94
108876,S644,Streaming subscription,4,2024-08-09,24.38,C54909,United Kingdom,97.52
108877,S556,Streaming subscription,2,2024-08-09,25.86,C13967,United Kingdom,51.72
108878,S156,Streaming subscription,4,2024-08-09,29.63,C45001,United Kingdom,118.52
108879,S854,Streaming subscription,1,2024-08-09,26.03,C51132,United Kingdom,26.03
108861,S516,Streaming subscription,3,2024-08-09,15.93,C15267,France,47.79
108871,S679,Streaming subscription,3,2024-08-09,26.73,C67606,Germany,80.19
108880,S446,Streaming subscription,1,2024-08-09,19.09,C53667,United Kingdom,19.09
108860,S467,Streaming subscription,5,2024-08-09,22.73,C73190,France,113.65
108858,S295,Streaming subscription,2,2024-08-09,30.9,C93452,France,61.8
108859,S765,Streaming subscription,3,2024-08-09,14.68,C96438,France,44.04
108841,S891,Streaming subscription,2,2024-08-09,28.83,C45486,Australia,57.66
108842,S949,Streaming subscription,3,2024-08-09,22.23,C49944,Australia,66.69
108843,S364,Streaming subscription,4,2024-08-09,21.25,C39189,Australia,85.0
108844,S439,Streaming subscription,1,2024-08-09,13.04,C40072,Australia,13.04
108846,S870,Streaming subscription,4,2024-08-09,15.54,C91634,Australia,62.16
108847,S763,Streaming subscription,2,2024-08-09,19.93,C33032,Australia,39.86
108848,S710,Streaming subscription,4,2024-08-09,21.22,C89127,Australia,84.88
108845,S787,Streaming subscription,-1,2024-08-09,17.7,C20902,Australia,-17.7
108850,S272,Streaming subscription,1,2024-08-09,16.22,C31787,Canada,16.22
108849,S443,Streaming subscription,4,2024-08-09,15.45,C59548,Canada,61.8
108856,S267,Streaming subscription,2,2024-08-09,19.15,C67451,Canada,38.3
108855,S618,Streaming subscription,2,2024-08-09,15.9,C73629,Canada,31.8
108854,S742,Streaming subscription,5,2024-08-09,16.17,C42171,Canada,80.85000000000001
108857,S811,Streaming subscription,2,2024-08-09,21.8,C11145,France,43.6
108852,S806,Streaming subscription,2,2024-08-09,19.01,C68015,Canada,38.02
108851,S257,Streaming subscription,2,2024-08-09,17.99,C17582,Canada,35.98
108853,S723,Streaming subscription,3,2024-08-09,16.37,C50719,Canada,49.11
108909,S826,Streaming subscription,3,2024-08-10,20.01,C12221,Germany,60.03
108903,S920,Streaming subscription,4,2024-08-10,16.32,C40175,France,65.28
108904,S717,Streaming subscription,2,2024-08-10,15.66,C70510,France,31.32
108905,S870,Streaming subscription,5,2024-08-10,25.89,C31204,Germany,129.45
108906,S907,Streaming subscription,3,2024-08-10,25.37,C81778,Germany,76.11
108907,S335,Streaming subscription,1,2024-08-10,26.98,C21348,Germany,26.98
108908,S490,Streaming subscription,5,2024-08-10,19.96,C26296,Germany,99.80000000000001
108910,S453,Streaming subscription,5,2024-08-10,23.09,C33886,Germany,115.45
108902,S778,Streaming subscription,4,2024-08-10,20.07,C46695,France,80.28
108912,S207,Streaming subscription,2,2024-08-10,18.42,C57332,Germany,36.84
108913,S632,Streaming subscription,4,2024-08-10,19.03,C67136,United Kingdom,76.12
108914,S419,Streaming subscription,5,2024-08-10,22.89,C60163,United Kingdom,114.45
108915,S433,Streaming subscription,1,2024-08-10,20.68,C60331,United Kingdom,20.68
108916,S700,Streaming subscription,5,2024-08-10,30.32,C47921,United Kingdom,151.6
108917,S740,Streaming subscription,4,2024-08-10,26.44,C35986,United Kingdom,105.76
108918,S264,Streaming subscription,5,2024-08-10,30.55,C18854,United Kingdom,152.75
108919,S656,Streaming subscription,3,2024-08-10,25.36,C59743,United Kingdom,76.08
108911,S609,Streaming subscription,5,2024-08-10,21.4,C82570,Germany,107.0
108901,S763,Streaming subscription,4,2024-08-10,17.35,C79854,France,69.4
108920,S257,Streaming subscription,5,2024-08-10,26.6,C31043,United Kingdom,133.0
108899,S200,Streaming subscription,3,2024-08-10,15.05,C95324,France,45.150000000000006
108881,S194,Streaming subscription,2,2024-08-10,19.29,C78597,Australia,38.58
108882,S989,Streaming subscription,3,2024-08-10,18.23,C20232,Australia,54.69
108883,S595,Streaming subscription,1,2024-08-10,16.5,C47461,Australia,16.5
108884,S937,Streaming subscription,3,2024-08-10,16.26,C32792,Australia,48.78
108885,S860,Streaming subscription,2,2024-08-10,16.78,C24637,Australia,33.56
108886,S195,Streaming subscription,4,2024-08-10,13.61,C50926,Australia,54.44
108887,S880,Streaming subscription,5,2024-08-10,10.14,C90749,Australia,50.7
108888,S640,Streaming subscription,3,2024-08-10,12.17,C48382,Australia,36.51
108889,S657,Streaming subscription,4,2024-08-10,19.24,C96857,Canada,76.96
108900,S428,Streaming subscription,5,2024-08-10,19.04,C38380,France,95.19999999999999
108891,S191,Streaming subscription,3,2024-08-10,15.99,C52104,Canada,47.97
108898,S308,Streaming subscription,2,2024-08-10,14.23,C82384,France,28.46
108897,S291,Streaming subscription,1,2024-08-10,22.1,C11624,France,22.1
108896,S445,Streaming subscription,3,2024-08-10,13.15,C60778,Canada,39.45
108890,S819,Streaming subscription,4,2024-08-10,16.16,C95337,Canada,64.64
108894,S397,Streaming subscription,4,2024-08-10,20.19,C91689,Canada,80.76
108893,S715,Streaming subscription,1,2024-08-10,13.94,C94696,Canada,13.94
108892,S819,Streaming subscription,3,2024-08-10,13.33,C50368,Canada,39.99
108895,S955,Streaming subscription,5,2024-08-10,20.64,C92550,Canada,103.2
108950,S778,Streaming subscription,2,2024-08-11,15.76,C74925,Germany,31.52
108943,S861,Streaming subscription,4,2024-08-11,21.43,C41647,France,85.72
108944,S153,Streaming subscription,1,2024-08-11,13.87,C50894,France,13.87
108945,S163,Streaming subscription,1,2024-08-11,16.89,C40747,Germany,16.89
108947,S904,Streaming subscription,3,2024-08-11,20.44,C65522,Germany,61.32000000000001
108948,S877,Streaming subscription,1,2024-08-11,21.29,C48490,Germany,21.29
108949,S377,Streaming subscription,2,2024-08-11,15.89,C72105,Germany,31.78
108951,S360,Streaming subscription,4,2024-08-11,19.31,C15017,Germany,77.24
108956,S445,Streaming subscription,4,2024-08-11,20.2,C57679,United Kingdom,80.8
108953,S115,Streaming subscription,5,2024-08-11,23.35,C17972,United Kingdom,116.75
108954,S630,Streaming subscription,2,2024-08-11,19.89,C36153,United Kingdom,39.78
108955,S898,Streaming subscription,2,2024-08-11,23.26,C40693,United Kingdom,46.52
108942,S153,Streaming subscription,1,2024-08-11,15.84,C63221,France,15.84
108957,S420,Streaming subscription,4,2024-08-11,24.56,C56205,United Kingdom,98.24
108958,S486,Streaming subscription,4,2024-08-11,25.2,C98074,United Kingdom,100.8
108959,S293,Streaming subscription,3,2024-08-11,25.72,C19861,United Kingdom,77.16
108960,S919,Streaming subscription,2,2024-08-11,25.94,C88288,United Kingdom,51.88
108952,S905,Streaming subscription,-1,2024-08-11,17.93,C17958,Germany,-17.93
108941,S636,Streaming subscription,3,2024-08-11,20.13,C13797,France,60.39
108946,S636,Streaming subscription,4,2024-08-11,16.77,C92719,Germany,67.08
108939,S956,Streaming subscription,3,2024-08-11,19.2,C46396,France,57.599999999999994
108940,S344,Streaming subscription,4,2024-08-11,13.33,C37588,France,53.32
108922,S162,Streaming subscription,5,2024-08-11,15.48,C92011,Australia,77.4
108923,S561,Streaming subscription,4,2024-08-11,19.86,C28883,Australia,79.44
108924,S395,Streaming subscription,2,2024-08-11,14.51,C54618,Australia,29.02
108925,S846,Streaming subscription,5,2024-08-11,9.3,C79115,Australia,46.5
108926,S582,Streaming subscription,4,2024-08-11,13.65,C39732,Australia,54.6
108927,S240,Streaming subscription,1,2024-08-11,14.05,C25950,Australia,14.05
108928,S621,Streaming subscription,1,2024-08-11,14.7,C15338,Australia,14.7
108929,S951,Streaming subscription,-2,2024-08-11,10.71,C96369,Canada,-21.42
108921,S483,Streaming subscription,4,2024-08-11,9.65,C58040,Australia,38.6
108931,S717,Streaming subscription,1,2024-08-11,17.14,C26665,Canada,17.14
108930,S243,Streaming subscription,4,2024-08-11,13.35,C72783,Canada,53.4
108937,S499,Streaming subscription,1,2024-08-11,21.09,C16175,France,21.09
108936,S369,Streaming subscription,1,2024-08-11,7.7,C39792,Canada,7.7
108935,S168,Streaming subscription,3,2024-08-11,7.75,C96724,Canada,23.25
108938,S281,Streaming subscription,1,2024-08-11,22.86,C39606,France,22.86
108934,S892,Streaming subscription,5,2024-08-11,14.2,C49685,Canada,71.0
108933,S673,Streaming subscription,2,2024-08-11,21.77,C21489,Canada,43.54
108932,S985,Streaming subscription,2,2024-08-11,10.54,C28066,Canada,21.08
108990,S236,Streaming subscription,2,2024-08-12,27.69,C91722,Germany,55.38
108984,S349,Streaming subscription,1,2024-08-12,25.67,C32039,France,25.67
108985,S902,Streaming subscription,5,2024-08-12,27.91,C15565,Germany,139.55
108986,S948,Streaming subscription,4,2024-08-12,18.72,C81475,Germany,74.88
108987,S511,Streaming subscription,5,2024-08-12,32.22,C73452,Germany,161.1
108988,S927,Streaming subscription,3,2024-08-12,20.16,C60821,Germany,60.480000000000004
108989,S226,Streaming subscription,4,2024-08-12,21.42,C66000,Germany,85.68
108983,S529,Streaming subscription,2,2024-08-12,18.11,C61572,France,36.22
108991,S110,Streaming subscription,4,2024-08-12,21.75,C32430,Germany,87.0
108995,S768,Streaming subscription,1,2024-08-12,28.06,C55145,United Kingdom,28.06
108993,S536,Streaming subscription,1,2024-08-12,26.14,C19024,United Kingdom,26.14
108994,S642,Streaming subscription,5,2024-08-12,27.23,C29819,United Kingdom,136.15
108996,S431,Streaming subscription,4,2024-08-12,25.3,C26231,United Kingdom,101.2
108997,S871,Streaming subscription,5,2024-08-12,28.36,C12230,United Kingdom,141.8
108998,S796,Streaming subscription,1,2024-08-12,21.06,C58109,United Kingdom,21.06
108999,S437,Streaming subscription,5,2024-08-12,35.26,C25631,United Kingdom,176.29999999999998
109000,S605,Streaming subscription,5,2024-08-12,30.36,C92386,United Kingdom,151.8
108982,S817,Streaming subscription,5,2024-08-12,21.06,C44129,France,105.3
108992,S627,Streaming subscription,3,2024-08-12,24.16,C33217,Germany,72.48
108981,S184,Streaming subscription,2,2024-08-12,16.11,C87547,France,32.22
108966,S210,Streaming subscription,2,2024-08-12,18.46,C17027,Australia,36.92
108979,S271,Streaming subscription,5,2024-08-12,16.48,C34129,France,82.4
108980,S496,Streaming subscription,3,2024-08-12,18.15,C72096,France,54.449999999999996
108961,S742,Streaming subscription,1,2024-08-12,23.72,C51738,Australia,23.72
108962,S712,Streaming subscription,5,2024-08-12,17.81,C95526,Australia,89.05
108963,S555,Streaming subscription,3,2024-08-12,20.88,C62730,Australia,62.64
108964,S757,Streaming subscription,2,2024-08-12,22.38,C62044,Australia,44.76
108965,S363,Streaming subscription,1,2024-08-12,21.53,C89352,Australia,21.53
108967,S320,Streaming subscription,5,2024-08-12,20.39,C78925,Australia,101.95
108968,S125,Streaming subscription,5,2024-08-12,24.38,C10091,Australia,121.89999999999999
108969,S645,Streaming subscription,3,2024-08-12,20.28,C67305,Canada,60.84
108971,S347,Streaming subscription,1,2024-08-12,14.54,C47731,Canada,14.54
108972,S303,Streaming subscription,-2,2024-08-12,13.55,C17763,Canada,-27.1
108973,S640,Streaming subscription,-1,2024-08-12,18.59,C40247,Canada,-18.59
108974,S830,Streaming subscription,1,2024-08-12,13.06,C71401,Canada,13.06
108975,S276,Streaming subscription,5,2024-08-12,10.89,C48471,Canada,54.45
108976,S651,Streaming subscription,4,2024-08-12,19.09,C45897,Canada,76.36
108977,S725,Streaming subscription,1,2024-08-12,20.5,C78052,France,20.5
108978,S898,Streaming subscription,5,2024-08-12,20.33,C66734,France,101.64999999999999
108970,S332,Streaming subscription,4,2024-08-12,12.38,C97117,Canada,49.52
109028,S613,Streaming subscription,3,2024-08-13,21.99,C98988,Germany,65.97
109029,S226,Streaming subscription,3,2024-08-13,21.72,C74044,Germany,65.16
109027,S391,Streaming subscription,5,2024-08-13,24.19,C29402,Germany,120.95
109023,S412,Streaming subscription,5,2024-08-13,22.59,C55064,France,112.95
109025,S382,Streaming subscription,5,2024-08-13,31.25,C33914,Germany,156.25
109024,S599,Streaming subscription,4,2024-08-13,25.49,C35791,France,101.96
109030,S654,Streaming subscription,4,2024-08-13,29.57,C72864,Germany,118.28
109026,S255,Streaming subscription,5,2024-08-13,31.53,C96168,Germany,157.65
109031,S786,Streaming subscription,5,2024-08-13,18.01,C53678,Germany,90.05000000000001
109040,S941,Streaming subscription,4,2024-08-13,29.35,C80921,United Kingdom,117.4
109033,S513,Streaming subscription,3,2024-08-13,30.15,C88095,United Kingdom,90.44999999999999
109034,S937,Streaming subscription,3,2024-08-13,28.2,C25541,United Kingdom,84.6
109035,S421,Streaming subscription,1,2024-08-13,28.66,C43168,United Kingdom,28.66
109036,S599,Streaming subscription,5,2024-08-13,30.97,C48384,United Kingdom,154.85
109037,S363,Streaming subscription,1,2024-08-13,29.02,C54226,United Kingdom,29.02
109038,S872,Streaming subscription,4,2024-08-13,28.94,C88502,United Kingdom,115.76
109039,S305,Streaming subscription,4,2024-08-13,25.98,C14431,United Kingdom,103.92
109022,S289,Streaming subscription,1,2024-08-13,20.93,C34116,France,20.93
109032,S781,Streaming subscription,2,2024-08-13,28.78,C22258,Germany,57.56
109021,S815,Streaming subscription,5,2024-08-13,24.86,C95126,France,124.3
109005,S503,Streaming subscription,4,2024-08-13,19.37,C22144,Australia,77.48
109019,S126,Streaming subscription,3,2024-08-13,22.47,C69548,France,67.41
109001,S595,Streaming subscription,4,2024-08-13,12.05,C86594,Australia,48.2
109002,S460,Streaming subscription,1,2024-08-13,21.0,C49947,Australia,21.0
109003,S283,Streaming subscription,3,2024-08-13,24.09,C41823,Australia,72.27
109004,S522,Streaming subscription,4,2024-08-13,21.34,C25019,Australia,85.36
109006,S332,Streaming subscription,5,2024-08-13,26.83,C65528,Australia,134.14999999999998
109007,S738,Streaming subscription,3,2024-08-13,19.41,C10531,Australia,58.230000000000004
109008,S497,Streaming subscription,1,2024-08-13,22.39,C94886,Australia,22.39
109009,S180,Streaming subscription,3,2024-08-13,15.43,C37860,Canada,46.29
109020,S696,Streaming subscription,4,2024-08-13,19.58,C51691,France,78.32
109011,S745,Streaming subscription,2,2024-08-13,16.18,C59996,Canada,32.36
109010,S767,Streaming subscription,2,2024-08-13,20.52,C32720,Canada,41.04
109017,S809,Streaming subscription,2,2024-08-13,23.83,C50516,France,47.66
109016,S378,Streaming subscription,5,2024-08-13,15.9,C56227,Canada,79.5
109015,S639,Streaming subscription,5,2024-08-13,14.1,C91487,Canada,70.5
109018,S240,Streaming subscription,3,2024-08-13,24.96,C30493,France,74.88
109014,S775,Streaming subscription,5,2024-08-13,14.82,C70192,Canada,74.1
109013,S232,Streaming subscription,2,2024-08-13,13.75,C48459,Canada,27.5
109012,S846,Streaming subscription,3,2024-08-13,18.09,C11015,Canada,54.269999999999996
109069,S842,Streaming subscription,1,2024-08-14,22.22,C16520,Germany,22.22
109063,S958,Streaming subscription,1,2024-08-14,22.72,C79975,France,22.72
109064,S371,Streaming subscription,5,2024-08-14,21.36,C34291,France,106.8
109065,S302,Streaming subscription,2,2024-08-14,15.61,C12122,Germany,31.22
109066,S413,Streaming subscription,3,2024-08-14,23.95,C29322,Germany,71.85
109067,S506,Streaming subscription,3,2024-08-14,25.43,C95346,Germany,76.28999999999999
109068,S466,Streaming subscription,4,2024-08-14,22.06,C49330,Germany,88.24
109062,S926,Streaming subscription,1,2024-08-14,18.04,C50238,France,18.04
109070,S408,Streaming subscription,3,2024-08-14,23.53,C13101,Germany,70.59
109074,S942,Streaming subscription,4,2024-08-14,27.42,C78642,United Kingdom,109.68
109072,S826,Streaming subscription,5,2024-08-14,25.22,C81229,Germany,126.1
109073,S451,Streaming subscription,1,2024-08-14,27.23,C75570,United Kingdom,27.23
109075,S955,Streaming subscription,2,2024-08-14,25.58,C53044,United Kingdom,51.16
109076,S316,Streaming subscription,2,2024-08-14,27.35,C70369,United Kingdom,54.7
109077,S241,Streaming subscription,5,2024-08-14,27.12,C42739,United Kingdom,135.6
109078,S128,Streaming subscription,4,2024-08-14,28.64,C28140,United Kingdom,114.56
109061,S967,Streaming subscription,4,2024-08-14,23.97,C33277,France,95.88
109080,S465,Streaming subscription,1,2024-08-14,24.16,C34946,United Kingdom,24.16
109071,S589,Streaming subscription,1,2024-08-14,20.2,C66302,Germany,20.2
109079,S615,Streaming subscription,4,2024-08-14,27.54,C97507,United Kingdom,110.16
109060,S236,Streaming subscription,5,2024-08-14,18.87,C86651,France,94.35000000000001
109058,S686,Streaming subscription,2,2024-08-14,19.92,C34909,France,39.84
109059,S528,Streaming subscription,5,2024-08-14,27.7,C94326,France,138.5
109041,S717,Streaming subscription,2,2024-08-14,13.49,C77508,Australia,26.98
109042,S444,Streaming subscription,4,2024-08-14,17.8,C50926,Australia,71.2
109043,S306,Streaming subscription,5,2024-08-14,19.89,C74185,Australia,99.45
109044,S835,Streaming subscription,3,2024-08-14,27.24,C29414,Australia,81.72
109046,S822,Streaming subscription,2,2024-08-14,18.67,C71599,Australia,37.34
109047,S574,Streaming subscription,3,2024-08-14,12.63,C21432,Australia,37.89
109048,S576,Streaming subscription,5,2024-08-14,22.43,C58283,Australia,112.15
109045,S213,Streaming subscription,1,2024-08-14,17.81,C48402,Australia,17.81
109050,S165,Streaming subscription,5,2024-08-14,15.29,C99309,Canada,76.44999999999999
109049,S235,Streaming subscription,3,2024-08-14,18.9,C75738,Canada,56.699999999999996
109056,S708,Streaming subscription,1,2024-08-14,19.73,C33886,Canada,19.73
109055,S949,Streaming subscription,1,2024-08-14,17.71,C32334,Canada,17.71
109054,S761,Streaming subscription,5,2024-08-14,19.88,C81901,Canada,99.39999999999999
109057,S395,Streaming subscription,2,2024-08-14,16.97,C50242,France,33.94
109052,S270,Streaming subscription,3,2024-08-14,13.21,C25053,Canada,39.63
109051,S724,Streaming subscription,2,2024-08-14,15.49,C40990,Canada,30.98
109053,S822,Streaming subscription,3,2024-08-14,14.77,C45043,Canada,44.31
109110,S700,Streaming subscription,5,2024-08-15,27.45,C60658,Germany,137.25
109103,S837,Streaming subscription,-1,2024-08-15,25.02,C63689,France,-25.02
109104,S707,Streaming subscription,3,2024-08-15,22.46,C28622,France,67.38
109106,S666,Streaming subscription,5,2024-08-15,20.48,C84969,Germany,102.4
109107,S435,Streaming subscription,2,2024-08-15,27.27,C96794,Germany,54.54
109108,S844,Streaming subscription,2,2024-08-15,21.43,C71192,Germany,42.86
109109,S270,Streaming subscription,4,2024-08-15,20.26,C54455,Germany,81.04
109111,S374,Streaming subscription,4,2024-08-15,28.07,C24435,Germany,112.28
109102,S742,Streaming subscription,2,2024-08-15,21.52,C82627,France,43.04
109113,S630,Streaming subscription,1,2024-08-15,25.69,C25016,United Kingdom,25.69
109114,S514,Streaming subscription,5,2024-08-15,25.9,C39760,United Kingdom,129.5
109115,S285,Streaming subscription,4,2024-08-15,24.0,C17422,United Kingdom,96.0
109116,S131,Streaming subscription,1,2024-08-15,28.48,C29641,United Kingdom,28.48
109117,S841,Streaming subscription,3,2024-08-15,27.86,C96118,United Kingdom,83.58
109118,S324,Streaming subscription,5,2024-08-15,27.89,C72978,United Kingdom,139.45
109119,S239,Streaming subscription,4,2024-08-15,30.57,C31855,United Kingdom,122.28
109120,S668,Streaming subscription,3,2024-08-15,22.38,C45322,United Kingdom,67.14
109112,S117,Streaming subscription,3,2024-08-15,24.55,C50808,Germany,73.65
109101,S607,Streaming subscription,3,2024-08-15,20.93,C83806,France,62.79
109105,S844,Streaming subscription,4,2024-08-15,24.89,C22463,Germany,99.56
109099,S966,Streaming subscription,5,2024-08-15,19.67,C75770,France,98.35000000000001
109082,S925,Streaming subscription,5,2024-08-15,20.78,C25909,Australia,103.9
109083,S409,Streaming subscription,1,2024-08-15,21.27,C24722,Australia,21.27
109084,S347,Streaming subscription,5,2024-08-15,15.66,C53453,Australia,78.3
109085,S562,Streaming subscription,5,2024-08-15,21.51,C70504,Australia,107.55000000000001
109086,S583,Streaming subscription,2,2024-08-15,25.86,C38064,Australia,51.72
109087,S698,Streaming subscription,5,2024-08-15,12.08,C31910,Australia,60.4
109088,S311,Streaming subscription,4,2024-08-15,21.35,C56621,Australia,85.4
109089,S159,Streaming subscription,5,2024-08-15,19.96,C15109,Canada,99.80000000000001
109090,S933,Streaming subscription,2,2024-08-15,12.33,C56188,Canada,24.66
109081,S308,Streaming subscription,3,2024-08-15,18.56,C86613,Australia,55.67999999999999
109092,S712,Streaming subscription,4,2024-08-15,19.16,C65072,Canada,76.64
109093,S175,Streaming subscription,2,2024-08-15,11.88,C50460,Canada,23.76
109094,S578,Streaming subscription,2,2024-08-15,14.57,C66327,Canada,29.14
109095,S547,Streaming subscription,2,2024-08-15,19.71,C43830,Canada,39.42
109100,S475,Streaming subscription,4,2024-08-15,17.65,C91063,France,70.6
109096,S137,Streaming subscription,4,2024-08-15,15.26,C44125,Canada,61.04
109097,S396,Streaming subscription,4,2024-08-15,21.89,C79950,France,87.56
109098,S611,Streaming subscription,4,2024-08-15,23.99,C27645,France,95.96
109091,S886,Streaming subscription,2,2024-08-15,12.34,C92350,Canada,24.68
109149,S599,Streaming subscription,5,2024-08-16,26.13,C27640,Germany,130.65
109148,S917,Streaming subscription,4,2024-08-16,19.5,C29251,Germany,78.0
109147,S411,Streaming subscription,5,2024-08-16,22.87,C49620,Germany,114.35000000000001
109143,S350,Streaming subscription,4,2024-08-16,17.12,C62003,France,68.48
109145,S830,Streaming subscription,1,2024-08-16,16.71,C10333,Germany,16.71
109144,S833,Streaming subscription,4,2024-08-16,21.37,C21011,France,85.48
109150,S447,Streaming subscription,2,2024-08-16,19.05,C36369,Germany,38.1
109146,S376,Streaming subscription,2,2024-08-16,22.67,C56761,Germany,45.34
109151,S125,Streaming subscription,3,2024-08-16,17.27,C25588,Germany,51.81
109155,S510,Streaming subscription,3,2024-08-16,28.59,C60666,United Kingdom,85.77
109153,S779,Streaming subscription,1,2024-08-16,28.8,C38667,United Kingdom,28.8
109154,S602,Streaming subscription,-1,2024-08-16,32.14,C79723,United Kingdom,-32.14
109156,S426,Streaming subscription,2,2024-08-16,22.88,C19094,United Kingdom,45.76
109157,S980,Streaming subscription,1,2024-08-16,28.31,C77466,United Kingdom,28.31
109158,S379,Streaming subscription,4,2024-08-16,25.28,C43888,United Kingdom,101.12
109159,S597,Streaming subscription,2,2024-08-16,24.49,C62292,United Kingdom,48.98
109160,S603,Streaming subscription,5,2024-08-16,25.31,C12714,United Kingdom,126.55
109142,S600,Streaming subscription,3,2024-08-16,22.91,C76371,France,68.73
109152,S845,Streaming subscription,4,2024-08-16,24.37,C79014,Germany,97.48
109141,S766,Streaming subscription,1,2024-08-16,17.54,C26374,France,17.54
109140,S264,Streaming subscription,3,2024-08-16,19.46,C63487,France,58.38
109139,S601,Streaming subscription,2,2024-08-16,20.79,C23298,France,41.58
109122,S818,Streaming subscription,4,2024-08-16,23.27,C20500,Australia,93.08
109123,S917,Streaming subscription,1,2024-08-16,16.73,C15934,Australia,16.73
109124,S140,Streaming subscription,2,2024-08-16,21.91,C75222,Australia,43.82
109125,S451,Streaming subscription,4,2024-08-16,21.45,C73086,Australia,85.8
109126,S563,Streaming subscription,3,2024-08-16,15.01,C73787,Australia,45.03
109127,S951,Streaming subscription,5,2024-08-16,23.89,C79615,Australia,119.45
109128,S528,Streaming subscription,2,2024-08-16,18.57,C41993,Australia,37.14
109129,S898,Streaming subscription,1,2024-08-16,20.44,C25453,Canada,20.44
109121,S652,Streaming subscription,2,2024-08-16,18.06,C55932,Australia,36.12
109131,S942,Streaming subscription,3,2024-08-16,11.47,C15388,Canada,34.410000000000004
109132,S574,Streaming subscription,2,2024-08-16,15.91,C11956,Canada,31.82
109133,S834,Streaming subscription,1,2024-08-16,15.93,C20140,Canada,15.93
109134,S815,Streaming subscription,1,2024-08-16,11.07,C47202,Canada,11.07
109135,S906,Streaming subscription,5,2024-08-16,11.22,C77106,Canada,56.1
109136,S755,Streaming subscription,1,2024-08-16,17.76,C56382,Canada,17.76
109137,S740,Streaming subscription,3,2024-08-16,24.76,C31418,France,74.28
109138,S214,Streaming subscription,3,2024-08-16,22.74,C54352,France,68.22
109130,S910,Streaming subscription,3,2024-08-16,12.98,C65526,Canada,38.94
109188,S219,Streaming subscription,1,2024-08-17,18.9,C54703,Germany,18.9
109187,S747,Streaming subscription,2,2024-08-17,14.5,C80728,Germany,29.0
109183,S128,Streaming subscription,5,2024-08-17,18.02,C20658,France,90.1
109185,S454,Streaming subscription,5,2024-08-17,18.85,C70478,Germany,94.25
109184,S441,Streaming subscription,5,2024-08-17,19.81,C21745,France,99.05
109189,S108,Streaming subscription,4,2024-08-17,15.5,C86549,Germany,62.0
109186,S767,Streaming subscription,4,2024-08-17,16.19,C21426,Germany,64.76
109190,S813,Streaming subscription,2,2024-08-17,25.54,C60969,Germany,51.08
109195,S935,Streaming subscription,5,2024-08-17,19.63,C85816,United Kingdom,98.14999999999999
109192,S672,Streaming subscription,4,2024-08-17,25.41,C65371,Germany,101.64
109193,S372,Streaming subscription,4,2024-08-17,16.02,C97306,United Kingdom,64.08
109194,S341,Streaming subscription,3,2024-08-17,22.6,C23909,United Kingdom,67.80000000000001
109196,S878,Streaming subscription,5,2024-08-17,17.71,C89232,United Kingdom,88.55000000000001
109197,S302,Streaming subscription,1,2024-08-17,26.04,C31815,United Kingdom,26.04
109198,S149,Streaming subscription,2,2024-08-17,22.61,C38321,United Kingdom,45.22
109199,S996,Streaming subscription,1,2024-08-17,27.07,C18559,United Kingdom,27.07
109182,S963,Streaming subscription,5,2024-08-17,18.27,C71176,France,91.35
109191,S554,Streaming subscription,4,2024-08-17,15.56,C97778,Germany,62.24
109181,S860,Streaming subscription,1,2024-08-17,15.71,C38488,France,15.71
109200,S707,Streaming subscription,5,2024-08-17,24.1,C57550,United Kingdom,120.5
109179,S847,Streaming subscription,5,2024-08-17,14.38,C82067,France,71.9
109161,S905,Streaming subscription,3,2024-08-17,18.72,C78515,Australia,56.16
109162,S938,Streaming subscription,3,2024-08-17,14.94,C29844,Australia,44.82
109163,S963,Streaming subscription,1,2024-08-17,18.39,C19349,Australia,18.39
109164,S695,Streaming subscription,3,2024-08-17,14.17,C16206,Australia,42.51
109165,S780,Streaming subscription,3,2024-08-17,19.91,C69117,Australia,59.730000000000004
109166,S432,Streaming subscription,3,2024-08-17,14.75,C98705,Australia,44.25
109167,S915,Streaming subscription,2,2024-08-17,18.17,C49282,Australia,36.34
109168,S227,Streaming subscription,-1,2024-08-17,10.88,C19822,Australia,-10.88
109169,S328,Streaming subscription,1,2024-08-17,10.62,C97046,Canada,10.62
109180,S589,Streaming subscription,1,2024-08-17,20.66,C51831,France,20.66
109171,S420,Streaming subscription,3,2024-08-17,13.31,C15869,Canada,39.93
109172,S980,Streaming subscription,2,2024-08-17,11.91,C14886,Canada,23.82
109173,S820,Streaming subscription,5,2024-08-17,13.45,C28719,Canada,67.25
109174,S137,Streaming subscription,1,2024-08-17,13.92,C68254,Canada,13.92
109175,S880,Streaming subscription,1,2024-08-17,11.07,C48255,Canada,11.07
109176,S737,Streaming subscription,1,2024-08-17,13.33,C15600,Canada,13.33
109177,S174,Streaming subscription,4,2024-08-17,16.5,C75774,France,66.0
109178,S576,Streaming subscription,4,2024-08-17,18.09,C94136,France,72.36
109170,S708,Streaming subscription,4,2024-08-17,10.11,C94510,Canada,40.44
109228,S836,Streaming subscription,4,2024-08-18,20.92,C87215,Germany,83.68
109227,S822,Streaming subscription,1,2024-08-18,13.4,C27793,Germany,13.4
109223,S444,Streaming subscription,3,2024-08-18,22.63,C49859,France,67.89
109225,S262,Streaming subscription,1,2024-08-18,25.32,C44921,Germany,25.32
109224,S984,Streaming subscription,3,2024-08-18,15.85,C47857,France,47.55
109229,S621,Streaming subscription,1,2024-08-18,21.4,C25495,Germany,21.4
109226,S481,Streaming subscription,5,2024-08-18,27.2,C89969,Germany,136.0
109230,S747,Streaming subscription,1,2024-08-18,20.91,C23173,Germany,20.91
109235,S717,Streaming subscription,4,2024-08-18,28.5,C85418,United Kingdom,114.0
109232,S283,Streaming subscription,5,2024-08-18,19.42,C68503,Germany,97.10000000000001
109233,S545,Streaming subscription,5,2024-08-18,24.53,C13669,United Kingdom,122.65
109234,S216,Streaming subscription,2,2024-08-18,25.87,C56317,United Kingdom,51.74
109236,S612,Streaming subscription,2,2024-08-18,25.31,C92807,United Kingdom,50.62
109237,S825,Streaming subscription,5,2024-08-18,32.26,C70640,United Kingdom,161.29999999999998
109238,S394,Streaming subscription,1,2024-08-18,27.54,C39758,United Kingdom,27.54
109239,S189,Streaming subscription,1,2024-08-18,24.34,C86745,United Kingdom,24.34
109222,S475,Streaming subscription,1,2024-08-18,18.23,C32122,France,18.23
109231,S156,Streaming subscription,1,2024-08-18,21.73,C89979,Germany,21.73
109221,S380,Streaming subscription,4,2024-08-18,15.17,C32458,France,60.68
109240,S915,Streaming subscription,2,2024-08-18,24.1,C20127,United Kingdom,48.2
109219,S750,Streaming subscription,4,2024-08-18,22.7,C95143,France,90.8
109201,S249,Streaming subscription,4,2024-08-18,13.23,C14239,Australia,52.92
109202,S296,Streaming subscription,4,2024-08-18,16.96,C50863,Australia,67.84
109203,S747,Streaming subscription,5,2024-08-18,13.72,C56465,Australia,68.60000000000001
109204,S927,Streaming subscription,5,2024-08-18,15.8,C24210,Australia,79.0
109205,S762,Streaming subscription,2,2024-08-18,13.29,C90131,Australia,26.58
109206,S439,Streaming subscription,1,2024-08-18,20.74,C13172,Australia,20.74
109207,S469,Streaming subscription,4,2024-08-18,14.51,C88489,Australia,58.04
109208,S315,Streaming subscription,2,2024-08-18,18.55,C78447,Australia,37.1
109209,S248,Streaming subscription,4,2024-08-18,15.08,C69870,Canada,60.32
109220,S478,Streaming subscription,1,2024-08-18,20.24,C51507,France,20.24
109211,S255,Streaming subscription,5,2024-08-18,14.19,C23923,Canada,70.95
109212,S131,Streaming subscription,5,2024-08-18,13.1,C26557,Canada,65.5
109213,S434,Streaming subscription,4,2024-08-18,13.94,C78774,Canada,55.76
109214,S245,Streaming subscription,1,2024-08-18,17.04,C21000,Canada,17.04
109215,S466,Streaming subscription,-2,2024-08-18,13.59,C34927,Canada,-27.18
109216,S786,Streaming subscription,3,2024-08-18,12.25,C97187,Canada,36.75
109217,S854,Streaming subscription,2,2024-08-18,15.14,C30671,France,30.28
109218,S375,Streaming subscription,2,2024-08-18,19.45,C32470,France,38.9
109210,S448,Streaming subscription,4,2024-08-18,13.47,C91656,Canada,53.88
109268,S107,Streaming subscription,3,2024-08-19,27.64,C79855,Germany,82.92
109267,S468,Streaming subscription,2,2024-08-19,24.76,C55145,Germany,49.52
109266,S397,Streaming subscription,2,2024-08-19,27.16,C30157,Germany,54.32
109262,S507,Streaming subscription,3,2024-08-19,23.37,C84512,France,70.11
109264,S686,Streaming subscription,5,2024-08-19,17.35,C44226,France,86.75
109263,S657,Streaming subscription,2,2024-08-19,23.32,C77984,France,46.64
109269,S563,Streaming subscription,4,2024-08-19,24.39,C11469,Germany,97.56
109265,S168,Streaming subscription,5,2024-08-19,28.08,C52329,Germany,140.39999999999998
109270,S753,Streaming subscription,4,2024-08-19,26.53,C90271,Germany,106.12
109274,S192,Streaming subscription,4,2024-08-19,28.36,C58268,United Kingdom,113.44
109272,S985,Streaming subscription,3,2024-08-19,22.68,C20369,Germany,68.03999999999999
109273,S115,Streaming subscription,3,2024-08-19,36.01,C42610,United Kingdom,108.03
109275,S727,Streaming subscription,3,2024-08-19,27.62,C44381,United Kingdom,82.86
109276,S908,Streaming subscription,3,2024-08-19,21.69,C49999,United Kingdom,65.07000000000001
109277,S372,Streaming subscription,4,2024-08-19,27.04,C62183,United Kingdom,108.16
109278,S701,Streaming subscription,1,2024-08-19,19.63,C48814,United Kingdom,19.63
109279,S295,Streaming subscription,5,2024-08-19,22.8,C27356,United Kingdom,114.0
109261,S852,Streaming subscription,5,2024-08-19,20.38,C77789,France,101.89999999999999
109271,S600,Streaming subscription,4,2024-08-19,26.87,C72679,Germany,107.48
109280,S398,Streaming subscription,3,2024-08-19,32.46,C32467,United Kingdom,97.38
109260,S123,Streaming subscription,3,2024-08-19,24.07,C85947,France,72.21000000000001
109258,S550,Streaming subscription,5,2024-08-19,24.87,C91264,France,124.35000000000001
109259,S300,Streaming subscription,2,2024-08-19,17.36,C44224,France,34.72
109241,S288,Streaming subscription,4,2024-08-19,22.65,C34095,Australia,90.6
109242,S917,Streaming subscription,2,2024-08-19,23.19,C67195,Australia,46.38
109243,S223,Streaming subscription,3,2024-08-19,22.73,C39615,Australia,68.19
109244,S714,Streaming subscription,4,2024-08-19,18.63,C23576,Australia,74.52
109246,S299,Streaming subscription,5,2024-08-19,21.61,C36888,Australia,108.05
109247,S440,Streaming subscription,3,2024-08-19,19.5,C28541,Australia,58.5
109248,S176,Streaming subscription,4,2024-08-19,16.37,C23567,Australia,65.48
109245,S579,Streaming subscription,3,2024-08-19,19.91,C94582,Australia,59.730000000000004
109250,S733,Streaming subscription,1,2024-08-19,19.36,C51184,Canada,19.36
109249,S454,Streaming subscription,3,2024-08-19,14.07,C37650,Canada,42.21
109256,S555,Streaming subscription,3,2024-08-19,19.84,C51606,Canada,59.519999999999996
109255,S430,Streaming subscription,3,2024-08-19,14.25,C12981,Canada,42.75
109254,S142,Streaming subscription,2,2024-08-19,22.39,C31327,Canada,44.78
109257,S660,Streaming subscription,3,2024-08-19,19.03,C52159,France,57.09
109252,S704,Streaming subscription,5,2024-08-19,15.97,C36259,Canada,79.85000000000001
109251,S739,Streaming subscription,5,2024-08-19,11.56,C56296,Canada,57.800000000000004
109253,S310,Streaming subscription,5,2024-08-19,18.71,C74215,Canada,93.55000000000001
109309,S262,Streaming subscription,5,2024-08-20,25.79,C42246,Germany,128.95
109303,S307,Streaming subscription,5,2024-08-20,18.18,C59733,France,90.9
109304,S228,Streaming subscription,1,2024-08-20,15.32,C65258,France,15.32
109305,S478,Streaming subscription,3,2024-08-20,21.0,C33264,Germany,63.0
109320,S537,Streaming subscription,1,2024-08-20,27.95,C46584,United Kingdom,27.95
109307,S630,Streaming subscription,4,2024-08-20,21.25,C27297,Germany,85.0
109308,S914,Streaming subscription,5,2024-08-20,27.13,C87716,Germany,135.65
109310,S109,Streaming subscription,3,2024-08-20,20.97,C74505,Germany,62.91
109302,S390,Streaming subscription,1,2024-08-20,18.64,C27669,France,18.64
109312,S107,Streaming subscription,1,2024-08-20,25.32,C72966,Germany,25.32
109313,S857,Streaming subscription,4,2024-08-20,30.89,C61034,United Kingdom,123.56
109314,S923,Streaming subscription,4,2024-08-20,32.83,C51538,United Kingdom,131.32
109315,S675,Streaming subscription,1,2024-08-20,29.21,C13620,United Kingdom,29.21
109316,S143,Streaming subscription,5,2024-08-20,40.0,C74646,United Kingdom,200.0
109317,S218,Streaming subscription,1,2024-08-20,32.84,C67044,United Kingdom,32.84
109318,S911,Streaming subscription,5,2024-08-20,29.93,C47991,United Kingdom,149.65
109319,S685,Streaming subscription,1,2024-08-20,24.72,C84730,United Kingdom,24.72
109311,S917,Streaming subscription,1,2024-08-20,22.25,C85448,Germany,22.25
109301,S994,Streaming subscription,1,2024-08-20,19.04,C74083,France,19.04
109306,S443,Streaming subscription,2,2024-08-20,30.35,C98228,Germany,60.7
109299,S639,Streaming subscription,4,2024-08-20,19.92,C11695,France,79.68
109281,S320,Streaming subscription,5,2024-08-20,18.04,C32050,Australia,90.19999999999999
109282,S859,Streaming subscription,3,2024-08-20,12.9,C76708,Australia,38.7
109283,S700,Streaming subscription,1,2024-08-20,14.68,C88247,Australia,14.68
109284,S733,Streaming subscription,2,2024-08-20,13.57,C49055,Australia,27.14
109285,S698,Streaming subscription,3,2024-08-20,16.39,C86983,Australia,49.17
109286,S676,Streaming subscription,2,2024-08-20,17.67,C75577,Australia,35.34
109287,S748,Streaming subscription,5,2024-08-20,24.87,C95451,Australia,124.35000000000001
109288,S756,Streaming subscription,3,2024-08-20,21.22,C39234,Australia,63.66
109289,S199,Streaming subscription,3,2024-08-20,16.06,C65613,Canada,48.17999999999999
109300,S483,Streaming subscription,1,2024-08-20,22.89,C17869,France,22.89
109291,S366,Streaming subscription,2,2024-08-20,17.02,C96698,Canada,34.04
109298,S363,Streaming subscription,4,2024-08-20,21.72,C38671,France,86.88
109297,S332,Streaming subscription,4,2024-08-20,20.75,C73650,France,83.0
109296,S762,Streaming subscription,3,2024-08-20,22.12,C24245,Canada,66.36
109290,S139,Streaming subscription,3,2024-08-20,14.24,C19666,Canada,42.72
109294,S978,Streaming subscription,4,2024-08-20,12.18,C12544,Canada,48.72
109293,S506,Streaming subscription,4,2024-08-20,15.5,C88824,Canada,62.0
109292,S730,Streaming subscription,5,2024-08-20,15.42,C87496,Canada,77.1
109295,S474,Streaming subscription,3,2024-08-20,10.95,C77878,Canada,32.849999999999994
109350,S757,Streaming subscription,2,2024-08-21,25.58,C14514,Germany,51.16
109343,S753,Streaming subscription,2,2024-08-21,19.15,C45508,France,38.3
109344,S604,Streaming subscription,3,2024-08-21,19.09,C77233,France,57.269999999999996
109345,S807,Streaming subscription,-2,2024-08-21,22.35,C20475,Germany,-44.7
109347,S368,Streaming subscription,1,2024-08-21,24.78,C17263,Germany,24.78
109348,S177,Streaming subscription,1,2024-08-21,28.42,C10150,Germany,28.42
109349,S949,Streaming subscription,5,2024-08-21,24.67,C57589,Germany,123.35000000000001
109351,S711,Streaming subscription,4,2024-08-21,24.15,C78844,Germany,96.6
109356,S565,Streaming subscription,3,2024-08-21,28.25,C20007,United Kingdom,84.75
109353,S986,Streaming subscription,5,2024-08-21,26.14,C26544,United Kingdom,130.7
109354,S496,Streaming subscription,5,2024-08-21,21.67,C30573,United Kingdom,108.35000000000001
109355,S694,Streaming subscription,3,2024-08-21,28.73,C41782,United Kingdom,86.19
109342,S174,Streaming subscription,5,2024-08-21,18.76,C27495,France,93.80000000000001
109357,S976,Streaming subscription,2,2024-08-21,26.15,C22383,United Kingdom,52.3
109358,S992,Streaming subscription,4,2024-08-21,27.02,C89614,United Kingdom,108.08
109359,S110,Streaming subscription,3,2024-08-21,27.71,C95956,United Kingdom,83.13
109360,S679,Streaming subscription,4,2024-08-21,33.28,C29576,United Kingdom,133.12
109352,S308,Streaming subscription,1,2024-08-21,25.51,C66315,Germany,25.51
109341,S413,Streaming subscription,1,2024-08-21,17.97,C84084,France,17.97
109346,S416,Streaming subscription,2,2024-08-21,24.58,C58330,Germany,49.16
109339,S411,Streaming subscription,4,2024-08-21,26.6,C83733,France,106.4
109340,S780,Streaming subscription,3,2024-08-21,24.33,C50218,France,72.99
109322,S464,Streaming subscription,3,2024-08-21,15.64,C17195,Australia,46.92
109323,S476,Streaming subscription,4,2024-08-21,19.9,C35864,Australia,79.6
109324,S528,Streaming subscription,5,2024-08-21,26.93,C12741,Australia,134.65
109325,S563,Streaming subscription,2,2024-08-21,16.73,C44908,Australia,33.46
109326,S219,Streaming subscription,-1,2024-08-21,21.87,C69361,Australia,-21.87
109327,S790,Streaming subscription,1,2024-08-21,20.91,C80172,Australia,20.91
109328,S127,Streaming subscription,2,2024-08-21,21.41,C68681,Australia,42.82
109329,S414,Streaming subscription,3,2024-08-21,18.11,C18751,Canada,54.33
109321,S993,Streaming subscription,2,2024-08-21,18.31,C88907,Australia,36.62
109331,S211,Streaming subscription,3,2024-08-21,7.76,C11652,Canada,23.28
109330,S268,Streaming subscription,2,2024-08-21,16.7,C12737,Canada,33.4
109337,S190,Streaming subscription,5,2024-08-21,22.87,C65272,France,114.35000000000001
109336,S461,Streaming subscription,1,2024-08-21,13.53,C77422,Canada,13.53
109335,S626,Streaming subscription,3,2024-08-21,8.61,C36421,Canada,25.83
109338,S596,Streaming subscription,3,2024-08-21,23.34,C76608,France,70.02
109334,S129,Streaming subscription,2,2024-08-21,7.16,C23011,Canada,14.32
109333,S351,Streaming subscription,2,2024-08-21,14.95,C98438,Canada,29.9
109332,S185,Streaming subscription,4,2024-08-21,23.55,C46094,Canada,94.2
109390,S534,Streaming subscription,4,2024-08-22,21.41,C43497,Germany,85.64
109384,S871,Streaming subscription,1,2024-08-22,30.76,C15989,France,30.76
109385,S173,Streaming subscription,3,2024-08-22,31.25,C80920,Germany,93.75
109386,S576,Streaming subscription,2,2024-08-22,18.88,C27777,Germany,37.76
109387,S165,Streaming subscription,4,2024-08-22,29.41,C49691,Germany,117.64
109388,S594,Streaming subscription,3,2024-08-22,24.29,C33677,Germany,72.87
109389,S524,Streaming subscription,3,2024-08-22,29.63,C35039,Germany,88.89
109383,S285,Streaming subscription,4,2024-08-22,20.21,C32380,France,80.84
109391,S163,Streaming subscription,3,2024-08-22,21.64,C70009,Germany,64.92
109395,S945,Streaming subscription,3,2024-08-22,29.4,C55606,United Kingdom,88.19999999999999
109393,S531,Streaming subscription,3,2024-08-22,33.22,C69764,United Kingdom,99.66
109394,S452,Streaming subscription,3,2024-08-22,29.69,C90195,United Kingdom,89.07000000000001
109396,S194,Streaming subscription,4,2024-08-22,35.92,C87409,United Kingdom,143.68
109397,S796,Streaming subscription,2,2024-08-22,31.44,C23310,United Kingdom,62.88
109398,S508,Streaming subscription,5,2024-08-22,37.19,C34964,United Kingdom,185.95
109399,S648,Streaming subscription,5,2024-08-22,33.25,C53805,United Kingdom,166.25
109400,S468,Streaming subscription,5,2024-08-22,28.24,C57240,United Kingdom,141.2
109382,S280,Streaming subscription,3,2024-08-22,25.02,C10438,France,75.06
109392,S100,Streaming subscription,1,2024-08-22,28.2,C46694,Germany,28.2
109381,S306,Streaming subscription,5,2024-08-22,21.56,C86972,France,107.8
109366,S166,Streaming subscription,1,2024-08-22,28.19,C55177,Australia,28.19
109379,S265,Streaming subscription,3,2024-08-22,21.27,C43936,France,63.81
109380,S820,Streaming subscription,3,2024-08-22,23.78,C10639,France,71.34
109361,S842,Streaming subscription,3,2024-08-22,17.6,C69297,Australia,52.800000000000004
109362,S976,Streaming subscription,1,2024-08-22,19.99,C37171,Australia,19.99
109363,S578,Streaming subscription,5,2024-08-22,20.0,C24843,Australia,100.0
109364,S739,Streaming subscription,5,2024-08-22,18.63,C23977,Australia,93.14999999999999
109365,S597,Streaming subscription,2,2024-08-22,15.61,C15589,Australia,31.22
109367,S245,Streaming subscription,1,2024-08-22,20.43,C55260,Australia,20.43
109368,S988,Streaming subscription,3,2024-08-22,25.02,C57179,Australia,75.06
109369,S389,Streaming subscription,4,2024-08-22,16.75,C71560,Canada,67.0
109371,S542,Streaming subscription,2,2024-08-22,17.16,C73305,Canada,34.32
109372,S226,Streaming subscription,3,2024-08-22,20.9,C64218,Canada,62.699999999999996
109373,S872,Streaming subscription,1,2024-08-22,21.43,C29383,Canada,21.43
109374,S110,Streaming subscription,2,2024-08-22,16.47,C46554,Canada,32.94
109375,S787,Streaming subscription,1,2024-08-22,11.67,C70866,Canada,11.67
109376,S576,Streaming subscription,1,2024-08-22,17.57,C52283,Canada,17.57
109377,S262,Streaming subscription,5,2024-08-22,15.97,C33728,France,79.85000000000001
109378,S923,Streaming subscription,3,2024-08-22,20.43,C43411,France,61.29
109370,S746,Streaming subscription,5,2024-08-22,16.0,C46471,Canada,80.0
109428,S128,Streaming subscription,3,2024-08-23,20.85,C13606,Germany,62.550000000000004
109429,S137,Streaming subscription,3,2024-08-23,29.17,C19168,Germany,87.51
109427,S318,Streaming subscription,5,2024-08-23,24.2,C23880,Germany,121.0
109423,S163,Streaming subscription,4,2024-08-23,14.26,C49636,France,57.04
109425,S826,Streaming subscription,3,2024-08-23,30.39,C19150,Germany,91.17
109424,S811,Streaming subscription,2,2024-08-23,25.15,C98479,France,50.3
109430,S237,Streaming subscription,2,2024-08-23,30.35,C50103,Germany,60.7
109426,S662,Streaming subscription,4,2024-08-23,25.41,C87711,Germany,101.64
109431,S162,Streaming subscription,4,2024-08-23,22.23,C50243,Germany,88.92
109440,S580,Streaming subscription,1,2024-08-23,29.91,C20846,United Kingdom,29.91
109433,S987,Streaming subscription,2,2024-08-23,27.44,C70553,United Kingdom,54.88
109434,S193,Streaming subscription,1,2024-08-23,30.57,C13520,United Kingdom,30.57
109435,S133,Streaming subscription,1,2024-08-23,31.95,C49360,United Kingdom,31.95
109436,S470,Streaming subscription,3,2024-08-23,26.74,C14328,United Kingdom,80.22
109437,S585,Streaming subscription,4,2024-08-23,24.57,C45841,United Kingdom,98.28
109438,S824,Streaming subscription,3,2024-08-23,32.81,C54392,United Kingdom,98.43
109439,S599,Streaming subscription,5,2024-08-23,30.55,C19657,United Kingdom,152.75
109422,S894,Streaming subscription,5,2024-08-23,22.58,C95134,France,112.89999999999999
109432,S839,Streaming subscription,1,2024-08-23,31.96,C96083,Germany,31.96
109421,S839,Streaming subscription,3,2024-08-23,19.53,C47637,France,58.59
109405,S780,Streaming subscription,3,2024-08-23,22.98,C93103,Australia,68.94
109419,S659,Streaming subscription,5,2024-08-23,15.41,C95897,France,77.05
109401,S358,Streaming subscription,4,2024-08-23,18.58,C86776,Australia,74.32
109402,S781,Streaming subscription,4,2024-08-23,22.39,C20525,Australia,89.56
109403,S960,Streaming subscription,2,2024-08-23,17.45,C73339,Australia,34.9
109404,S521,Streaming subscription,1,2024-08-23,25.5,C94335,Australia,25.5
109406,S493,Streaming subscription,3,2024-08-23,25.88,C29452,Australia,77.64
109407,S145,Streaming subscription,1,2024-08-23,20.88,C60031,Australia,20.88
109408,S633,Streaming subscription,1,2024-08-23,21.96,C78037,Australia,21.96
109409,S338,Streaming subscription,3,2024-08-23,17.16,C41726,Canada,51.480000000000004
109420,S825,Streaming subscription,3,2024-08-23,15.5,C39453,France,46.5
109411,S567,Streaming subscription,2,2024-08-23,17.34,C76755,Canada,34.68
109410,S817,Streaming subscription,4,2024-08-23,24.53,C79114,Canada,98.12
109417,S965,Streaming subscription,3,2024-08-23,24.22,C36791,France,72.66
109416,S579,Streaming subscription,1,2024-08-23,10.54,C30172,Canada,10.54
109415,S371,Streaming subscription,2,2024-08-23,15.8,C77231,Canada,31.6
109418,S156,Streaming subscription,5,2024-08-23,25.34,C19513,France,126.7
109414,S912,Streaming subscription,1,2024-08-23,19.8,C50358,Canada,19.8
109413,S283,Streaming subscription,1,2024-08-23,15.71,C94447,Canada,15.71
109412,S673,Streaming subscription,3,2024-08-23,16.78,C48201,Canada,50.34
109469,S274,Streaming subscription,4,2024-08-24,20.48,C44043,Germany,81.92
109463,S325,Streaming subscription,2,2024-08-24,17.0,C70523,France,34.0
109464,S713,Streaming subscription,3,2024-08-24,17.64,C82837,France,52.92
109465,S467,Streaming subscription,3,2024-08-24,26.07,C60083,Germany,78.21000000000001
109466,S245,Streaming subscription,4,2024-08-24,22.8,C32669,Germany,91.2
109467,S250,Streaming subscription,5,2024-08-24,21.2,C30012,Germany,106.0
109468,S313,Streaming subscription,2,2024-08-24,25.59,C95330,Germany,51.18
109462,S431,Streaming subscription,5,2024-08-24,19.41,C15922,France,97.05
109470,S490,Streaming subscription,2,2024-08-24,25.29,C28055,Germany,50.58
109474,S416,Streaming subscription,2,2024-08-24,31.28,C79437,United Kingdom,62.56
109472,S380,Streaming subscription,3,2024-08-24,21.39,C75641,Germany,64.17
109473,S732,Streaming subscription,2,2024-08-24,31.13,C83480,United Kingdom,62.26
109475,S406,Streaming subscription,1,2024-08-24,26.67,C42420,United Kingdom,26.67
109476,S674,Streaming subscription,4,2024-08-24,20.9,C24839,United Kingdom,83.6
109477,S389,Streaming subscription,1,2024-08-24,25.15,C36548,United Kingdom,25.15
109478,S385,Streaming subscription,3,2024-08-24,23.02,C62188,United Kingdom,69.06
109461,S126,Streaming subscription,4,2024-08-24,20.25,C65885,France,81.0
109480,S169,Streaming subscription,2,2024-08-24,24.84,C38448,United Kingdom,49.68
109471,S176,Streaming subscription,1,2024-08-24,21.13,C24905,Germany,21.13
109479,S669,Streaming subscription,3,2024-08-24,26.51,C44923,United Kingdom,79.53
109460,S953,Streaming subscription,3,2024-08-24,20.12,C56131,France,60.36
109458,S931,Streaming subscription,1,2024-08-24,20.8,C20813,France,20.8
109459,S509,Streaming subscription,2,2024-08-24,19.84,C41776,France,39.68
109441,S629,Streaming subscription,5,2024-08-24,15.01,C57873,Australia,75.05
109442,S215,Streaming subscription,5,2024-08-24,17.06,C37053,Australia,85.3
109443,S596,Streaming subscription,3,2024-08-24,15.63,C66662,Australia,46.89
109444,S661,Streaming subscription,1,2024-08-24,22.39,C86486,Australia,22.39
109446,S208,Streaming subscription,4,2024-08-24,19.01,C10524,Australia,76.04
109447,S743,Streaming subscription,1,2024-08-24,17.77,C99998,Australia,17.77
109448,S578,Streaming subscription,5,2024-08-24,15.37,C35607,Australia,76.85
109445,S194,Streaming subscription,2,2024-08-24,18.23,C29261,Australia,36.46
109450,S106,Streaming subscription,3,2024-08-24,12.89,C35956,Canada,38.67
109449,S605,Streaming subscription,5,2024-08-24,12.82,C26133,Canada,64.1
109456,S218,Streaming subscription,5,2024-08-24,15.81,C96775,Canada,79.05
109455,S423,Streaming subscription,3,2024-08-24,13.28,C72351,Canada,39.839999999999996
109454,S117,Streaming subscription,1,2024-08-24,18.28,C69170,Canada,18.28
109457,S637,Streaming subscription,3,2024-08-24,16.51,C43922,France,49.53
109452,S432,Streaming subscription,2,2024-08-24,11.55,C87354,Canada,23.1
109451,S549,Streaming subscription,4,2024-08-24,14.15,C46395,Canada,56.6
109453,S260,Streaming subscription,3,2024-08-24,13.06,C79728,Canada,39.18
109509,S521,Streaming subscription,2,2024-08-25,21.81,C49105,Germany,43.62
109503,S119,Streaming subscription,4,2024-08-25,20.64,C60946,France,82.56
109504,S942,Streaming subscription,1,2024-08-25,18.08,C91138,France,18.08
109505,S459,Streaming subscription,2,2024-08-25,25.08,C68851,Germany,50.16
109520,S719,Streaming subscription,2,2024-08-25,25.07,C85357,United Kingdom,50.14
109507,S682,Streaming subscription,3,2024-08-25,20.31,C75549,Germany,60.92999999999999
109508,S728,Streaming subscription,5,2024-08-25,15.52,C44225,Germany,77.6
109510,S175,Streaming subscription,2,2024-08-25,16.37,C47936,Germany,32.74
109502,S944,Streaming subscription,4,2024-08-25,17.42,C80560,France,69.68
109512,S100,Streaming subscription,2,2024-08-25,33.24,C23711,Germany,66.48
109513,S980,Streaming subscription,2,2024-08-25,24.62,C17778,United Kingdom,49.24
109514,S496,Streaming subscription,1,2024-08-25,19.56,C96487,United Kingdom,19.56
109515,S315,Streaming subscription,3,2024-08-25,23.89,C55899,United Kingdom,71.67
109516,S969,Streaming subscription,5,2024-08-25,26.15,C71424,United Kingdom,130.75
109517,S156,Streaming subscription,3,2024-08-25,25.2,C23507,United Kingdom,75.6
109518,S722,Streaming subscription,4,2024-08-25,23.13,C88871,United Kingdom,92.52
109519,S630,Streaming subscription,2,2024-08-25,31.22,C11303,United Kingdom,62.44
109511,S174,Streaming subscription,4,2024-08-25,20.15,C73441,Germany,80.6
109501,S925,Streaming subscription,2,2024-08-25,20.75,C79075,France,41.5
109506,S769,Streaming subscription,5,2024-08-25,21.25,C50620,Germany,106.25
109499,S454,Streaming subscription,1,2024-08-25,22.08,C45553,France,22.08
109481,S351,Streaming subscription,3,2024-08-25,13.58,C18644,Australia,40.74
109482,S682,Streaming subscription,5,2024-08-25,20.85,C13347,Australia,104.25
109483,S812,Streaming subscription,1,2024-08-25,24.37,C83261,Australia,24.37
109484,S992,Streaming subscription,3,2024-08-25,20.27,C95497,Australia,60.81
109485,S310,Streaming subscription,3,2024-08-25,17.0,C86012,Australia,51.0
109486,S359,Streaming subscription,3,2024-08-25,18.52,C55491,Australia,55.56
109487,S285,Streaming subscription,2,2024-08-25,13.3,C61436,Australia,26.6
109488,S454,Streaming subscription,4,2024-08-25,17.35,C87976,Australia,69.4
109489,S549,Streaming subscription,2,2024-08-25,17.77,C93776,Canada,35.54
109500,S591,Streaming subscription,1,2024-08-25,17.72,C48220,France,17.72
109491,S737,Streaming subscription,5,2024-08-25,14.3,C94739,Canada,71.5
109498,S569,Streaming subscription,4,2024-08-25,22.45,C44771,France,89.8
109497,S429,Streaming subscription,1,2024-08-25,18.86,C90723,France,18.86
109496,S644,Streaming subscription,5,2024-08-25,14.36,C25557,Canada,71.8
109490,S268,Streaming subscription,3,2024-08-25,15.61,C10334,Canada,46.83
109494,S627,Streaming subscription,5,2024-08-25,14.77,C25522,Canada,73.85
109493,S678,Streaming subscription,4,2024-08-25,10.0,C83852,Canada,40.0
109492,S276,Streaming subscription,-2,2024-08-25,15.38,C13708,Canada,-30.76
109495,S233,Streaming subscription,1,2024-08-25,15.44,C20984,Canada,15.44
109550,S777,Streaming subscription,3,2024-08-26,33.07,C61605,Germany,99.21000000000001
109543,S941,Streaming subscription,1,2024-08-26,28.08,C61147,France,28.08
109544,S373,Streaming subscription,5,2024-08-26,29.35,C79261,France,146.75
109546,S529,Streaming subscription,4,2024-08-26,21.44,C91974,Germany,85.76
109547,S215,Streaming subscription,1,2024-08-26,32.51,C19980,Germany,32.51
109548,S958,Streaming subscription,4,2024-08-26,24.12,C24502,Germany,96.48
109549,S649,Streaming subscription,4,2024-08-26,21.05,C33945,Germany,84.2
109551,S794,Streaming subscription,5,2024-08-26,31.83,C55469,Germany,159.14999999999998
109556,S206,Streaming subscription,1,2024-08-26,31.06,C37673,United Kingdom,31.06
109553,S139,Streaming subscription,5,2024-08-26,27.88,C28402,United Kingdom,139.4
109554,S418,Streaming subscription,-1,2024-08-26,36.92,C45225,United Kingdom,-36.92
109555,S966,Streaming subscription,4,2024-08-26,28.56,C97944,United Kingdom,114.24
109542,S755,Streaming subscription,2,2024-08-26,17.42,C76980,France,34.84
109557,S475,Streaming subscription,3,2024-08-26,25.11,C89018,United Kingdom,75.33
109558,S539,Streaming subscription,4,2024-08-26,32.3,C65157,United Kingdom,129.2
109559,S538,Streaming subscription,3,2024-08-26,27.19,C35932,United Kingdom,81.57000000000001
109560,S596,Streaming subscription,4,2024-08-26,25.48,C38952,United Kingdom,101.92
109552,S323,Streaming subscription,4,2024-08-26,31.45,C42064,Germany,125.8
109541,S455,Streaming subscription,2,2024-08-26,22.79,C93509,France,45.58
109545,S912,Streaming subscription,2,2024-08-26,26.91,C98312,Germany,53.82
109539,S414,Streaming subscription,4,2024-08-26,20.89,C69398,France,83.56
109540,S408,Streaming subscription,4,2024-08-26,17.51,C80063,France,70.04
109522,S167,Streaming subscription,5,2024-08-26,25.98,C27210,Australia,129.9
109523,S740,Streaming subscription,3,2024-08-26,17.16,C85410,Australia,51.480000000000004
109524,S633,Streaming subscription,3,2024-08-26,24.56,C88437,Australia,73.67999999999999
109525,S719,Streaming subscription,-1,2024-08-26,17.56,C34519,Australia,-17.56
109526,S759,Streaming subscription,4,2024-08-26,26.81,C81993,Australia,107.24
109527,S522,Streaming subscription,2,2024-08-26,15.16,C91258,Australia,30.32
109528,S936,Streaming subscription,4,2024-08-26,23.12,C26395,Australia,92.48
109529,S800,Streaming subscription,3,2024-08-26,20.69,C66787,Canada,62.07000000000001
109521,S630,Streaming subscription,4,2024-08-26,22.75,C89642,Australia,91.0
109531,S697,Streaming subscription,1,2024-08-26,16.17,C72159,Canada,16.17
109530,S391,Streaming subscription,4,2024-08-26,14.22,C88520,Canada,56.88
109537,S321,Streaming subscription,1,2024-08-26,26.81,C45150,France,26.81
109536,S248,Streaming subscription,2,2024-08-26,18.43,C59888,Canada,36.86
109538,S943,Streaming subscription,5,2024-08-26,24.15,C77881,France,120.75
109534,S289,Streaming subscription,4,2024-08-26,12.9,C90484,Canada,51.6
109533,S851,Streaming subscription,2,2024-08-26,10.48,C47078,Canada,20.96
109532,S341,Streaming subscription,2,2024-08-26,11.2,C20481,Canada,22.4
109535,S892,Streaming subscription,1,2024-08-26,19.94,C29495,Canada,19.94
109583,S118,Streaming subscription,-1,2024-08-27,20.87,C99743,France,-20.87
109589,S626,Streaming subscription,5,2024-08-27,25.55,C91324,Germany,127.75
109584,S620,Streaming subscription,2,2024-08-27,22.9,C71467,France,45.8
109585,S735,Streaming subscription,4,2024-08-27,24.26,C14352,Germany,97.04
109586,S629,Streaming subscription,1,2024-08-27,22.7,C13004,Germany,22.7
109587,S606,Streaming subscription,2,2024-08-27,30.94,C51872,Germany,61.88
109588,S780,Streaming subscription,4,2024-08-27,23.46,C58015,Germany,93.84
109590,S445,Streaming subscription,4,2024-08-27,26.72,C72939,Germany,106.88
109595,S785,Streaming subscription,4,2024-08-27,32.5,C17198,United Kingdom,130.0
109592,S997,Streaming subscription,3,2024-08-27,22.63,C64088,Germany,67.89
109593,S639,Streaming subscription,2,2024-08-27,30.87,C50933,United Kingdom,61.74
109594,S372,Streaming subscription,3,2024-08-27,28.58,C23419,United Kingdom,85.74
109596,S730,Streaming subscription,1,2024-08-27,29.94,C76017,United Kingdom,29.94
109597,S622,Streaming subscription,5,2024-08-27,27.57,C56919,United Kingdom,137.85
109598,S116,Streaming subscription,2,2024-08-27,28.0,C57254,United Kingdom,56.0
109599,S692,Streaming subscription,5,2024-08-27,33.78,C12662,United Kingdom,168.9
109582,S527,Streaming subscription,4,2024-08-27,21.77,C83865,France,87.08
109591,S551,Streaming subscription,5,2024-08-27,28.01,C60445,Germany,140.05
109581,S497,Streaming subscription,3,2024-08-27,20.73,C54750,France,62.19
109600,S903,Streaming subscription,1,2024-08-27,33.6,C14317,United Kingdom,33.6
109579,S433,Streaming subscription,1,2024-08-27,27.93,C41872,France,27.93
109561,S897,Streaming subscription,2,2024-08-27,24.09,C11080,Australia,48.18
109562,S974,Streaming subscription,4,2024-08-27,24.51,C83971,Australia,98.04
109563,S747,Streaming subscription,3,2024-08-27,17.49,C59599,Australia,52.47
109564,S906,Streaming subscription,4,2024-08-27,19.9,C68371,Australia,79.6
109565,S818,Streaming subscription,3,2024-08-27,16.1,C71411,Australia,48.300000000000004
109566,S684,Streaming subscription,5,2024-08-27,22.02,C80112,Australia,110.1
109567,S738,Streaming subscription,2,2024-08-27,26.03,C16235,Australia,52.06
109568,S510,Streaming subscription,4,2024-08-27,17.79,C65480,Australia,71.16
109569,S468,Streaming subscription,1,2024-08-27,14.02,C58730,Canada,14.02
109580,S136,Streaming subscription,3,2024-08-27,27.29,C32023,France,81.87
109571,S713,Streaming subscription,3,2024-08-27,20.71,C22834,Canada,62.13
109572,S297,Streaming subscription,2,2024-08-27,24.13,C71652,Canada,48.26
109573,S764,Streaming subscription,1,2024-08-27,19.22,C20462,Canada,19.22
109574,S418,Streaming subscription,2,2024-08-27,20.53,C41041,Canada,41.06
109575,S247,Streaming subscription,3,2024-08-27,12.89,C12935,Canada,38.67
109576,S972,Streaming subscription,5,2024-08-27,22.25,C17169,Canada,111.25
109577,S358,Streaming subscription,1,2024-08-27,16.59,C42848,France,16.59
109578,S233,Streaming subscription,2,2024-08-27,19.86,C52339,France,39.72
109570,S160,Streaming subscription,5,2024-08-27,14.79,C53220,Canada,73.94999999999999
109628,S119,Streaming subscription,5,2024-08-28,28.54,C35996,Germany,142.7
109627,S595,Streaming subscription,3,2024-08-28,22.44,C28023,Germany,67.32000000000001
109623,S453,Streaming subscription,5,2024-08-28,22.93,C16384,France,114.65
109625,S226,Streaming subscription,5,2024-08-28,28.81,C36929,Germany,144.04999999999998
109624,S446,Streaming subscription,5,2024-08-28,26.53,C13421,France,132.65
109629,S940,Streaming subscription,1,2024-08-28,23.7,C20277,Germany,23.7
109626,S613,Streaming subscription,1,2024-08-28,25.38,C31569,Germany,25.38
109630,S905,Streaming subscription,2,2024-08-28,29.87,C38059,Germany,59.74
109635,S805,Streaming subscription,3,2024-08-28,30.79,C68598,United Kingdom,92.37
109632,S916,Streaming subscription,5,2024-08-28,26.6,C10858,Germany,133.0
109633,S967,Streaming subscription,1,2024-08-28,28.23,C45800,United Kingdom,28.23
109634,S631,Streaming subscription,3,2024-08-28,30.34,C17934,United Kingdom,91.02
109636,S916,Streaming subscription,5,2024-08-28,36.13,C28492,United Kingdom,180.65
109637,S221,Streaming subscription,2,2024-08-28,26.58,C19501,United Kingdom,53.16
109638,S850,Streaming subscription,4,2024-08-28,30.8,C88926,United Kingdom,123.2
109639,S335,Streaming subscription,1,2024-08-28,30.49,C91907,United Kingdom,30.49
109622,S332,Streaming subscription,2,2024-08-28,23.69,C23871,France,47.38
109631,S970,Streaming subscription,3,2024-08-28,25.65,C18888,Germany,76.94999999999999
109621,S182,Streaming subscription,5,2024-08-28,24.47,C18429,France,122.35
109640,S490,Streaming subscription,5,2024-08-28,36.26,C50483,United Kingdom,181.29999999999998
109619,S322,Streaming subscription,2,2024-08-28,26.36,C21719,France,52.72
109620,S664,Streaming subscription,3,2024-08-28,20.6,C15076,France,61.800000000000004
109601,S557,Streaming subscription,2,2024-08-28,22.84,C35008,Australia,45.68
109602,S251,Streaming subscription,1,2024-08-28,14.19,C91114,Australia,14.19
109603,S658,Streaming subscription,-2,2024-08-28,17.16,C32468,Australia,-34.32
109604,S471,Streaming subscription,1,2024-08-28,25.49,C53661,Australia,25.49
109605,S745,Streaming subscription,5,2024-08-28,19.62,C63782,Australia,98.10000000000001
109607,S677,Streaming subscription,1,2024-08-28,24.09,C82794,Australia,24.09
109608,S730,Streaming subscription,3,2024-08-28,20.76,C43043,Australia,62.28
109609,S591,Streaming subscription,4,2024-08-28,17.57,C88123,Canada,70.28
109606,S692,Streaming subscription,4,2024-08-28,21.02,C59046,Australia,84.08
109611,S964,Streaming subscription,4,2024-08-28,12.62,C58215,Canada,50.48
109610,S864,Streaming subscription,3,2024-08-28,13.16,C70272,Canada,39.480000000000004
109617,S924,Streaming subscription,2,2024-08-28,24.78,C20308,France,49.56
109616,S484,Streaming subscription,1,2024-08-28,15.82,C73586,Canada,15.82
109615,S115,Streaming subscription,3,2024-08-28,14.46,C67886,Canada,43.38
109618,S492,Streaming subscription,4,2024-08-28,21.04,C68844,France,84.16
109613,S223,Streaming subscription,4,2024-08-28,19.46,C72984,Canada,77.84
109612,S613,Streaming subscription,5,2024-08-28,11.74,C59500,Canada,58.7
109614,S933,Streaming subscription,5,2024-08-28,17.6,C62772,Canada,88.0
109662,S575,Streaming subscription,2,2024-08-29,25.47,C12256,France,50.94
109663,S633,Streaming subscription,5,2024-08-29,18.77,C57780,France,93.85
109664,S687,Streaming subscription,1,2024-08-29,18.86,C53274,France,18.86
109665,S555,Streaming subscription,3,2024-08-29,29.63,C23111,Germany,88.89
109667,S902,Streaming subscription,3,2024-08-29,24.05,C32560,Germany,72.15
109668,S325,Streaming subscription,3,2024-08-29,22.07,C70221,Germany,66.21000000000001
109669,S592,Streaming subscription,2,2024-08-29,30.5,C49829,Germany,61.0
109670,S250,Streaming subscription,5,2024-08-29,21.97,C28457,Germany,109.85
109671,S243,Streaming subscription,1,2024-08-29,28.54,C68690,Germany,28.54
109673,S239,Streaming subscription,5,2024-08-29,30.81,C32294,United Kingdom,154.04999999999998
109661,S448,Streaming subscription,3,2024-08-29,27.52,C87599,France,82.56
109675,S113,Streaming subscription,1,2024-08-29,32.03,C21947,United Kingdom,32.03
109676,S687,Streaming subscription,2,2024-08-29,27.68,C31410,United Kingdom,55.36
109677,S927,Streaming subscription,5,2024-08-29,28.31,C90002,United Kingdom,141.54999999999998
109678,S709,Streaming subscription,3,2024-08-29,31.85,C94525,United Kingdom,95.55000000000001
109679,S551,Streaming subscription,-1,2024-08-29,27.78,C60284,United Kingdom,-27.78
109680,S766,Streaming subscription,1,2024-08-29,25.88,C77573,United Kingdom,25.88
109672,S905,Streaming subscription,1,2024-08-29,31.27,C82010,Germany,31.27
109674,S544,Streaming subscription,3,2024-08-29,30.67,C39559,United Kingdom,92.01
109666,S953,Streaming subscription,5,2024-08-29,26.69,C98450,Germany,133.45000000000002
109658,S850,Streaming subscription,2,2024-08-29,12.93,C92308,France,25.86
109659,S840,Streaming subscription,1,2024-08-29,22.45,C30880,France,22.45
109641,S698,Streaming subscription,4,2024-08-29,19.01,C60876,Australia,76.04
109642,S155,Streaming subscription,1,2024-08-29,20.9,C64535,Australia,20.9
109643,S175,Streaming subscription,1,2024-08-29,18.32,C21721,Australia,18.32
109644,S930,Streaming subscription,2,2024-08-29,20.85,C58982,Australia,41.7
109645,S714,Streaming subscription,5,2024-08-29,20.74,C40770,Australia,103.69999999999999
109646,S232,Streaming subscription,2,2024-08-29,22.48,C23644,Australia,44.96
109647,S982,Streaming subscription,1,2024-08-29,19.98,C30648,Australia,19.98
109648,S134,Streaming subscription,-1,2024-08-29,20.26,C45695,Australia,-20.26
109660,S251,Streaming subscription,3,2024-08-29,24.75,C86559,France,74.25
109650,S964,Streaming subscription,1,2024-08-29,18.75,C76089,Canada,18.75
109649,S539,Streaming subscription,5,2024-08-29,20.35,C99680,Canada,101.75
109656,S705,Streaming subscription,5,2024-08-29,16.03,C90016,Canada,80.15
109655,S270,Streaming subscription,1,2024-08-29,13.21,C82457,Canada,13.21
109657,S220,Streaming subscription,4,2024-08-29,25.47,C87409,France,101.88
109653,S570,Streaming subscription,5,2024-08-29,14.33,C91718,Canada,71.65
109652,S527,Streaming subscription,1,2024-08-29,20.88,C56221,Canada,20.88
109651,S594,Streaming subscription,1,2024-08-29,17.02,C39524,Canada,17.02
109654,S768,Streaming subscription,1,2024-08-29,28.14,C31073,Canada,28.14
109702,S189,Streaming subscription,3,2024-08-30,27.89,C61222,France,83.67
109709,S775,Streaming subscription,5,2024-08-30,22.16,C50493,Germany,110.8
109703,S740,Streaming subscription,1,2024-08-30,23.45,C60184,France,23.45
109704,S276,Streaming subscription,3,2024-08-30,28.91,C16452,France,86.73
109705,S100,Streaming subscription,5,2024-08-30,30.78,C47579,Germany,153.9
109706,S372,Streaming subscription,1,2024-08-30,26.97,C62540,Germany,26.97
109707,S401,Streaming subscription,4,2024-08-30,24.81,C83752,Germany,99.24
109708,S295,Streaming subscription,5,2024-08-30,26.02,C57133,Germany,130.1
109710,S363,Streaming subscription,1,2024-08-30,22.36,C95173,Germany,22.36
109714,S186,Streaming subscription,4,2024-08-30,33.26,C84907,United Kingdom,133.04
109712,S444,Streaming subscription,1,2024-08-30,23.25,C45984,Germany,23.25
109713,S857,Streaming subscription,1,2024-08-30,35.54,C80846,United Kingdom,35.54
109715,S780,Streaming subscription,4,2024-08-30,33.81,C96845,United Kingdom,135.24
109716,S393,Streaming subscription,2,2024-08-30,30.71,C89377,United Kingdom,61.42
109717,S542,Streaming subscription,5,2024-08-30,34.46,C32706,United Kingdom,172.3
109718,S843,Streaming subscription,3,2024-08-30,30.41,C95750,United Kingdom,91.23
109719,S861,Streaming subscription,5,2024-08-30,33.84,C73500,United Kingdom,169.20000000000002
109701,S364,Streaming subscription,5,2024-08-30,22.92,C76233,France,114.60000000000001
109711,S329,Streaming subscription,1,2024-08-30,27.74,C32641,Germany,27.74
109720,S809,Streaming subscription,5,2024-08-30,28.65,C23151,United Kingdom,143.25
109700,S103,Streaming subscription,5,2024-08-30,19.69,C25175,France,98.45
109698,S663,Streaming subscription,2,2024-08-30,21.45,C48533,France,42.9
109681,S875,Streaming subscription,4,2024-08-30,20.82,C45709,Australia,83.28
109682,S756,Streaming subscription,2,2024-08-30,20.12,C92626,Australia,40.24
109683,S401,Streaming subscription,1,2024-08-30,18.3,C52143,Australia,18.3
109684,S829,Streaming subscription,1,2024-08-30,20.15,C87618,Australia,20.15
109685,S723,Streaming subscription,2,2024-08-30,22.93,C38556,Australia,45.86
109686,S416,Streaming subscription,4,2024-08-30,22.47,C59834,Australia,89.88
109687,S987,Streaming subscription,2,2024-08-30,13.14,C23782,Australia,26.28
109688,S160,Streaming subscription,5,2024-08-30,25.98,C45233,Australia,129.9
109699,S587,Streaming subscription,1,2024-08-30,17.63,C17193,France,17.63
109690,S243,Streaming subscription,4,2024-08-30,12.35,C42982,Canada,49.4
109697,S914,Streaming subscription,4,2024-08-30,15.49,C11244,France,61.96
109696,S914,Streaming subscription,2,2024-08-30,13.56,C11846,Canada,27.12
109695,S893,Streaming subscription,2,2024-08-30,16.9,C63062,Canada,33.8
109689,S335,Streaming subscription,5,2024-08-30,14.76,C81637,Canada,73.8
109693,S166,Streaming subscription,2,2024-08-30,14.64,C58421,Canada,29.28
109692,S797,Streaming subscription,3,2024-08-30,14.37,C56799,Canada,43.11
109691,S299,Streaming subscription,4,2024-08-30,14.81,C47573,Canada,59.24
109694,S468,Streaming subscription,1,2024-08-30,18.24,C76412,Canada,18.24
109750,S263,Streaming subscription,5,2024-08-31,18.29,C78799,Germany,91.44999999999999
109743,S871,Streaming subscription,2,2024-08-31,17.44,C10657,France,34.88
109744,S323,Streaming subscription,5,2024-08-31,18.37,C30202,France,91.85000000000001
109745,S714,Streaming subscription,2,2024-08-31,28.22,C70183,Germany,56.44
109747,S763,Streaming subscription,5,2024-08-31,19.75,C26034,Germany,98.75
109748,S953,Streaming subscription,4,2024-08-31,21.07,C39453,Germany,84.28
109749,S887,Streaming subscription,3,2024-08-31,21.78,C59138,Germany,65.34
109751,S103,Streaming subscription,5,2024-08-31,26.88,C48870,Germany,134.4
109756,S639,Streaming subscription,-2,2024-08-31,30.34,C14622,United Kingdom,-60.68
109753,S249,Streaming subscription,2,2024-08-31,27.53,C56620,United Kingdom,55.06
109754,S448,Streaming subscription,1,2024-08-31,20.09,C20346,United Kingdom,20.09
109755,S402,Streaming subscription,3,2024-08-31,22.63,C87897,United Kingdom,67.89
109742,S859,Streaming subscription,2,2024-08-31,19.08,C18916,France,38.16
109757,S181,Streaming subscription,2,2024-08-31,27.01,C98938,United Kingdom,54.02
109758,S926,Streaming subscription,1,2024-08-31,24.02,C55510,United Kingdom,24.02
109759,S483,Streaming subscription,4,2024-08-31,23.43,C22058,United Kingdom,93.72
109760,S893,Streaming subscription,2,2024-08-31,19.81,C35765,United Kingdom,39.62
109752,S663,Streaming subscription,2,2024-08-31,26.19,C19582,Germany,52.38
109741,S922,Streaming subscription,1,2024-08-31,22.8,C70032,France,22.8
109746,S685,Streaming subscription,1,2024-08-31,24.15,C46628,Germany,24.15
109739,S175,Streaming subscription,3,2024-08-31,15.16,C39686,France,45.480000000000004
109740,S335,Streaming subscription,5,2024-08-31,19.6,C83106,France,98.0
109722,S637,Streaming subscription,3,2024-08-31,13.36,C86573,Australia,40.08
109723,S956,Streaming subscription,1,2024-08-31,21.09,C23322,Australia,21.09
109724,S303,Streaming subscription,4,2024-08-31,15.8,C41855,Australia,63.2
109725,S911,Streaming subscription,1,2024-08-31,13.18,C56725,Australia,13.18
109726,S634,Streaming subscription,3,2024-08-31,16.82,C24593,Australia,50.46
109727,S369,Streaming subscription,3,2024-08-31,21.76,C75893,Australia,65.28
109728,S127,Streaming subscription,4,2024-08-31,21.26,C82019,Australia,85.04
109729,S154,Streaming subscription,1,2024-08-31,13.11,C93234,Canada,13.11
109721,S540,Streaming subscription,2,2024-08-31,13.04,C56693,Australia,26.08
109731,S489,Streaming subscription,4,2024-08-31,20.82,C32545,Canada,83.28
109730,S814,Streaming subscription,2,2024-08-31,13.16,C36501,Canada,26.32
109737,S634,Streaming subscription,4,2024-08-31,14.85,C70885,France,59.4
109736,S670,Streaming subscription,4,2024-08-31,13.79,C92009,Canada,55.16
109735,S371,Streaming subscription,1,2024-08-31,23.56,C31628,Canada,23.56
109738,S381,Streaming subscription,3,2024-08-31,20.6,C88442,France,61.800000000000004
109734,S500,Streaming subscription,1,2024-08-31,15.31,C84823,Canada,15.31
109733,S600,Streaming subscription,5,2024-08-31,15.23,C30758,Canada,76.15
109732,S631,Streaming subscription,4,2024-08-31,16.84,C60730,Canada,67.36
109790,S177,Streaming subscription,1,2024-09-01,19.09,C91075,Germany,19.09
109784,S520,Streaming subscription,5,2024-09-01,23.23,C11789,France,116.15
109785,S911,Streaming subscription,1,2024-09-01,17.47,C96614,Germany,17.47
109786,S242,Streaming subscription,5,2024-09-01,20.44,C36098,Germany,102.2
109787,S556,Streaming subscription,2,2024-09-01,18.6,C17901,Germany,37.2
109788,S222,Streaming subscription,1,2024-09-01,23.41,C71050,Germany,23.41
109789,S631,Streaming subscription,4,2024-09-01,23.39,C98406,Germany,93.56
109783,S754,Streaming subscription,5,2024-09-01,24.17,C35474,France,120.85000000000001
109791,S221,Streaming subscription,1,2024-09-01,20.32,C38841,Germany,20.32
109795,S811,Streaming subscription,5,2024-09-01,25.3,C27221,United Kingdom,126.5
109793,S526,Streaming subscription,5,2024-09-01,21.55,C31558,United Kingdom,107.75
109794,S751,Streaming subscription,1,2024-09-01,19.44,C76615,United Kingdom,19.44
109796,S122,Streaming subscription,5,2024-09-01,23.96,C13424,United Kingdom,119.80000000000001
109797,S578,Streaming subscription,3,2024-09-01,33.66,C76570,United Kingdom,100.97999999999999
109798,S959,Streaming subscription,3,2024-09-01,28.32,C18802,United Kingdom,84.96000000000001
109799,S788,Streaming subscription,2,2024-09-01,26.6,C94369,United Kingdom,53.2
109800,S387,Streaming subscription,1,2024-09-01,25.45,C53786,United Kingdom,25.45
109782,S441,Streaming subscription,3,2024-09-01,18.8,C36367,France,56.400000000000006
109792,S524,Streaming subscription,1,2024-09-01,22.39,C24941,Germany,22.39
109781,S944,Streaming subscription,2,2024-09-01,19.3,C25693,France,38.6
109766,S177,Streaming subscription,3,2024-09-01,14.44,C91189,Australia,43.32
109779,S513,Streaming subscription,2,2024-09-01,18.07,C35525,France,36.14
109780,S924,Streaming subscription,4,2024-09-01,17.82,C18936,France,71.28
109761,S951,Streaming subscription,5,2024-09-01,18.5,C25549,Australia,92.5
109762,S507,Streaming subscription,5,2024-09-01,15.48,C12026,Australia,77.4
109763,S354,Streaming subscription,3,2024-09-01,15.51,C83807,Australia,46.53
109764,S153,Streaming subscription,5,2024-09-01,17.71,C89804,Australia,88.55000000000001
109765,S929,Streaming subscription,5,2024-09-01,14.27,C19671,Australia,71.35
109767,S982,Streaming subscription,2,2024-09-01,20.08,C11150,Australia,40.16
109768,S731,Streaming subscription,5,2024-09-01,15.64,C11342,Australia,78.2
109769,S553,Streaming subscription,4,2024-09-01,10.14,C68117,Canada,40.56
109771,S853,Streaming subscription,3,2024-09-01,16.85,C68881,Canada,50.550000000000004
109772,S509,Streaming subscription,-2,2024-09-01,20.21,C79243,Canada,-40.42
109773,S375,Streaming subscription,-2,2024-09-01,12.89,C29447,Canada,-25.78
109774,S429,Streaming subscription,5,2024-09-01,12.21,C74158,Canada,61.050000000000004
109775,S146,Streaming subscription,4,2024-09-01,16.08,C88929,Canada,64.32
109776,S678,Streaming subscription,5,2024-09-01,17.04,C31230,Canada,85.19999999999999
109777,S727,Streaming subscription,-2,2024-09-01,21.11,C45167,France,-42.22
109778,S597,Streaming subscription,1,2024-09-01,18.77,C31240,France,18.77
109770,S172,Streaming subscription,2,2024-09-01,13.52,C94926,Canada,27.04
109828,S396,Streaming subscription,4,2024-09-02,26.52,C52628,Germany,106.08
109829,S453,Streaming subscription,1,2024-09-02,29.1,C35053,Germany,29.1
109827,S544,Streaming subscription,3,2024-09-02,19.8,C80194,Germany,59.400000000000006
109823,S632,Streaming subscription,3,2024-09-02,18.97,C89011,France,56.91
109825,S291,Streaming subscription,3,2024-09-02,26.85,C49435,Germany,80.55000000000001
109824,S544,Streaming subscription,4,2024-09-02,21.48,C71830,France,85.92
109830,S385,Streaming subscription,4,2024-09-02,28.35,C61156,Germany,113.4
109826,S613,Streaming subscription,1,2024-09-02,24.67,C98664,Germany,24.67
109831,S200,Streaming subscription,3,2024-09-02,25.2,C12486,Germany,75.6
109840,S117,Streaming subscription,4,2024-09-02,33.49,C33357,United Kingdom,133.96
109833,S929,Streaming subscription,3,2024-09-02,24.37,C73032,United Kingdom,73.11
109834,S563,Streaming subscription,5,2024-09-02,37.0,C39761,United Kingdom,185.0
109835,S680,Streaming subscription,4,2024-09-02,30.32,C63894,United Kingdom,121.28
109836,S307,Streaming subscription,-2,2024-09-02,27.94,C73290,United Kingdom,-55.88
109837,S939,Streaming subscription,5,2024-09-02,21.96,C96740,United Kingdom,109.80000000000001
109838,S388,Streaming subscription,3,2024-09-02,30.66,C58683,United Kingdom,91.98
109839,S236,Streaming subscription,5,2024-09-02,33.83,C24780,United Kingdom,169.14999999999998
109822,S124,Streaming subscription,2,2024-09-02,16.95,C74298,France,33.9
109832,S570,Streaming subscription,1,2024-09-02,28.86,C80588,Germany,28.86
109821,S165,Streaming subscription,5,2024-09-02,23.24,C31439,France,116.19999999999999
109805,S343,Streaming subscription,1,2024-09-02,18.02,C80502,Australia,18.02
109819,S393,Streaming subscription,5,2024-09-02,23.52,C26387,France,117.6
109801,S342,Streaming subscription,3,2024-09-02,20.69,C91526,Australia,62.07000000000001
109802,S184,Streaming subscription,4,2024-09-02,12.05,C76367,Australia,48.2
109803,S254,Streaming subscription,4,2024-09-02,27.68,C46224,Australia,110.72
109804,S557,Streaming subscription,5,2024-09-02,20.68,C81164,Australia,103.4
109806,S476,Streaming subscription,2,2024-09-02,20.1,C58392,Australia,40.2
109807,S311,Streaming subscription,4,2024-09-02,17.86,C10886,Australia,71.44
109808,S642,Streaming subscription,1,2024-09-02,19.23,C62641,Australia,19.23
109809,S306,Streaming subscription,1,2024-09-02,18.61,C22184,Canada,18.61
109820,S710,Streaming subscription,1,2024-09-02,18.94,C29381,France,18.94
109811,S863,Streaming subscription,4,2024-09-02,11.29,C35041,Canada,45.16
109810,S547,Streaming subscription,1,2024-09-02,16.44,C26827,Canada,16.44
109817,S688,Streaming subscription,5,2024-09-02,19.37,C81843,France,96.85000000000001
109816,S418,Streaming subscription,4,2024-09-02,14.54,C15142,Canada,58.16
109815,S135,Streaming subscription,2,2024-09-02,15.65,C10417,Canada,31.3
109818,S190,Streaming subscription,2,2024-09-02,20.82,C13568,France,41.64
109814,S981,Streaming subscription,3,2024-09-02,11.96,C58847,Canada,35.88
109813,S425,Streaming subscription,4,2024-09-02,16.49,C12804,Canada,65.96
109812,S163,Streaming subscription,4,2024-09-02,13.8,C24791,Canada,55.2
109869,S831,Streaming subscription,3,2024-09-03,29.59,C47066,Germany,88.77
109863,S401,Streaming subscription,3,2024-09-03,15.03,C47021,France,45.089999999999996
109864,S715,Streaming subscription,5,2024-09-03,17.8,C41464,France,89.0
109865,S164,Streaming subscription,3,2024-09-03,29.63,C83734,Germany,88.89
109866,S184,Streaming subscription,3,2024-09-03,26.08,C47288,Germany,78.24
109867,S329,Streaming subscription,4,2024-09-03,21.34,C42045,Germany,85.36
109868,S372,Streaming subscription,4,2024-09-03,23.6,C40290,Germany,94.4
109862,S710,Streaming subscription,4,2024-09-03,20.43,C75430,France,81.72
109870,S507,Streaming subscription,1,2024-09-03,17.97,C15705,Germany,17.97
109874,S204,Streaming subscription,2,2024-09-03,29.66,C24149,United Kingdom,59.32
109872,S818,Streaming subscription,1,2024-09-03,28.23,C70973,Germany,28.23
109873,S305,Streaming subscription,2,2024-09-03,22.49,C81001,United Kingdom,44.98
109875,S192,Streaming subscription,2,2024-09-03,28.02,C15997,United Kingdom,56.04
109876,S756,Streaming subscription,3,2024-09-03,29.92,C82789,United Kingdom,89.76
109877,S704,Streaming subscription,4,2024-09-03,27.34,C79787,United Kingdom,109.36
109878,S450,Streaming subscription,3,2024-09-03,34.52,C21118,United Kingdom,103.56
109861,S963,Streaming subscription,5,2024-09-03,22.63,C90311,France,113.14999999999999
109880,S800,Streaming subscription,5,2024-09-03,27.47,C95780,United Kingdom,137.35
109871,S613,Streaming subscription,2,2024-09-03,24.1,C57001,Germany,48.2
109879,S234,Streaming subscription,4,2024-09-03,31.76,C37228,United Kingdom,127.04
109860,S828,Streaming subscription,-2,2024-09-03,20.09,C47047,France,-40.18
109858,S689,Streaming subscription,1,2024-09-03,16.36,C13414,France,16.36
109859,S183,Streaming subscription,4,2024-09-03,22.85,C52792,France,91.4
109841,S518,Streaming subscription,4,2024-09-03,14.88,C93063,Australia,59.52
109842,S192,Streaming subscription,1,2024-09-03,21.06,C12482,Australia,21.06
109843,S754,Streaming subscription,4,2024-09-03,20.41,C45247,Australia,81.64
109844,S410,Streaming subscription,5,2024-09-03,18.87,C52923,Australia,94.35000000000001
109846,S419,Streaming subscription,2,2024-09-03,17.0,C20014,Australia,34.0
109847,S355,Streaming subscription,5,2024-09-03,18.9,C92302,Australia,94.5
109848,S317,Streaming subscription,3,2024-09-03,19.72,C29915,Australia,59.16
109845,S128,Streaming subscription,1,2024-09-03,19.87,C86907,Australia,19.87
109850,S408,Streaming subscription,1,2024-09-03,13.16,C29440,Canada,13.16
109849,S751,Streaming subscription,2,2024-09-03,14.05,C23242,Canada,28.1
109856,S525,Streaming subscription,3,2024-09-03,20.26,C64932,Canada,60.78
109855,S889,Streaming subscription,2,2024-09-03,19.11,C66873,Canada,38.22
109854,S331,Streaming subscription,4,2024-09-03,15.98,C78825,Canada,63.92
109857,S326,Streaming subscription,5,2024-09-03,25.74,C10411,France,128.7
109852,S643,Streaming subscription,3,2024-09-03,26.87,C14993,Canada,80.61
109851,S213,Streaming subscription,5,2024-09-03,14.7,C24657,Canada,73.5
109853,S970,Streaming subscription,3,2024-09-03,21.02,C28840,Canada,63.06
109909,S835,Streaming subscription,2,2024-09-04,23.06,C55543,Germany,46.12
109903,S154,Streaming subscription,4,2024-09-04,16.45,C79531,France,65.8
109904,S882,Streaming subscription,1,2024-09-04,17.19,C96710,France,17.19
109920,S491,Streaming subscription,5,2024-09-04,28.39,C93494,United Kingdom,141.95
109906,S920,Streaming subscription,5,2024-09-04,20.27,C49644,Germany,101.35
109907,S469,Streaming subscription,1,2024-09-04,26.33,C66856,Germany,26.33
109908,S779,Streaming subscription,5,2024-09-04,26.08,C39479,Germany,130.39999999999998
109910,S498,Streaming subscription,2,2024-09-04,33.29,C82713,Germany,66.58
109902,S191,Streaming subscription,5,2024-09-04,23.07,C85637,France,115.35
109912,S765,Streaming subscription,5,2024-09-04,26.99,C11927,Germany,134.95
109913,S307,Streaming subscription,1,2024-09-04,30.8,C41546,United Kingdom,30.8
109914,S213,Streaming subscription,2,2024-09-04,29.65,C92258,United Kingdom,59.3
109915,S928,Streaming subscription,2,2024-09-04,25.73,C72845,United Kingdom,51.46
109916,S385,Streaming subscription,4,2024-09-04,28.6,C30581,United Kingdom,114.4
109917,S957,Streaming subscription,4,2024-09-04,30.32,C48293,United Kingdom,121.28
109918,S368,Streaming subscription,5,2024-09-04,33.86,C32783,United Kingdom,169.3
109919,S665,Streaming subscription,2,2024-09-04,31.51,C32271,United Kingdom,63.02
109911,S501,Streaming subscription,1,2024-09-04,28.07,C41308,Germany,28.07
109901,S698,Streaming subscription,4,2024-09-04,19.42,C34818,France,77.68
109905,S982,Streaming subscription,3,2024-09-04,32.46,C83056,Germany,97.38
109899,S895,Streaming subscription,1,2024-09-04,18.44,C47189,France,18.44
109881,S798,Streaming subscription,3,2024-09-04,17.72,C24091,Australia,53.16
109882,S624,Streaming subscription,3,2024-09-04,16.92,C11321,Australia,50.760000000000005
109883,S451,Streaming subscription,4,2024-09-04,25.34,C18812,Australia,101.36
109884,S670,Streaming subscription,2,2024-09-04,19.92,C67398,Australia,39.84
109885,S505,Streaming subscription,3,2024-09-04,17.19,C52875,Australia,51.57000000000001
109886,S380,Streaming subscription,3,2024-09-04,18.12,C53284,Australia,54.36
109887,S653,Streaming subscription,3,2024-09-04,24.7,C87076,Australia,74.1
109888,S264,Streaming subscription,3,2024-09-04,19.84,C56605,Australia,59.519999999999996
109889,S638,Streaming subscription,5,2024-09-04,21.73,C27636,Canada,108.65
109900,S872,Streaming subscription,3,2024-09-04,25.35,C31154,France,76.05000000000001
109891,S948,Streaming subscription,3,2024-09-04,12.82,C52703,Canada,38.46
109898,S346,Streaming subscription,5,2024-09-04,23.55,C37408,France,117.75
109897,S856,Streaming subscription,3,2024-09-04,21.11,C51225,France,63.33
109896,S631,Streaming subscription,1,2024-09-04,14.09,C53885,Canada,14.09
109890,S969,Streaming subscription,4,2024-09-04,13.62,C44719,Canada,54.48
109894,S899,Streaming subscription,1,2024-09-04,11.52,C36955,Canada,11.52
109893,S143,Streaming subscription,2,2024-09-04,11.18,C31779,Canada,22.36
109892,S210,Streaming subscription,5,2024-09-04,20.2,C13965,Canada,101.0
109895,S215,Streaming subscription,1,2024-09-04,18.32,C68350,Canada,18.32
109950,S307,Streaming subscription,4,2024-09-05,27.95,C38810,Germany,111.8
109943,S299,Streaming subscription,5,2024-09-05,14.33,C35173,France,71.65
109944,S532,Streaming subscription,1,2024-09-05,19.49,C81435,France,19.49
109946,S260,Streaming subscription,2,2024-09-05,18.24,C83976,Germany,36.48
109947,S820,Streaming subscription,2,2024-09-05,26.38,C81744,Germany,52.76
109948,S621,Streaming subscription,4,2024-09-05,19.8,C32957,Germany,79.2
109949,S929,Streaming subscription,4,2024-09-05,31.72,C15613,Germany,126.88
109951,S370,Streaming subscription,2,2024-09-05,25.67,C44644,Germany,51.34
109956,S581,Streaming subscription,1,2024-09-05,26.63,C34063,United Kingdom,26.63
109953,S213,Streaming subscription,2,2024-09-05,33.26,C67747,United Kingdom,66.52
109954,S832,Streaming subscription,4,2024-09-05,30.62,C87460,United Kingdom,122.48
109955,S790,Streaming subscription,2,2024-09-05,28.14,C21570,United Kingdom,56.28
109942,S539,Streaming subscription,3,2024-09-05,21.73,C97256,France,65.19
109957,S749,Streaming subscription,2,2024-09-05,26.81,C43479,United Kingdom,53.62
109958,S767,Streaming subscription,1,2024-09-05,25.05,C91900,United Kingdom,25.05
109959,S260,Streaming subscription,-1,2024-09-05,24.36,C65035,United Kingdom,-24.36
109960,S658,Streaming subscription,1,2024-09-05,32.97,C68109,United Kingdom,32.97
109952,S688,Streaming subscription,2,2024-09-05,27.7,C86085,Germany,55.4
109941,S591,Streaming subscription,1,2024-09-05,19.07,C35531,France,19.07
109945,S671,Streaming subscription,4,2024-09-05,24.8,C79676,Germany,99.2
109939,S281,Streaming subscription,4,2024-09-05,21.29,C29422,France,85.16
109940,S559,Streaming subscription,-2,2024-09-05,15.41,C88682,France,-30.82
109922,S232,Streaming subscription,4,2024-09-05,26.89,C70244,Australia,107.56
109923,S646,Streaming subscription,5,2024-09-05,21.13,C23945,Australia,105.64999999999999
109924,S652,Streaming subscription,1,2024-09-05,22.45,C41891,Australia,22.45
109925,S298,Streaming subscription,3,2024-09-05,23.44,C76985,Australia,70.32000000000001
109926,S336,Streaming subscription,1,2024-09-05,21.21,C22452,Australia,21.21
109927,S260,Streaming subscription,1,2024-09-05,22.23,C21377,Australia,22.23
109928,S342,Streaming subscription,3,2024-09-05,19.67,C61018,Australia,59.010000000000005
109929,S533,Streaming subscription,4,2024-09-05,16.39,C50666,Canada,65.56
109921,S325,Streaming subscription,4,2024-09-05,17.2,C39488,Australia,68.8
109931,S905,Streaming subscription,5,2024-09-05,13.54,C80858,Canada,67.69999999999999
109930,S170,Streaming subscription,2,2024-09-05,11.22,C61334,Canada,22.44
109937,S311,Streaming subscription,4,2024-09-05,16.34,C62213,France,65.36
109936,S638,Streaming subscription,2,2024-09-05,15.96,C42895,Canada,31.92
109938,S911,Streaming subscription,3,2024-09-05,19.32,C62861,France,57.96
109934,S537,Streaming subscription,3,2024-09-05,22.22,C34834,Canada,66.66
109933,S228,Streaming subscription,4,2024-09-05,9.39,C63303,Canada,37.56
109932,S190,Streaming subscription,1,2024-09-05,13.79,C40073,Canada,13.79
109935,S736,Streaming subscription,5,2024-09-05,24.95,C27084,Canada,124.75
109983,S292,Streaming subscription,3,2024-09-06,16.4,C21064,France,49.199999999999996
109989,S535,Streaming subscription,2,2024-09-06,28.26,C62349,Germany,56.52
109984,S138,Streaming subscription,4,2024-09-06,17.06,C32054,France,68.24
109985,S808,Streaming subscription,4,2024-09-06,23.42,C96839,Germany,93.68
109986,S252,Streaming subscription,2,2024-09-06,28.94,C27478,Germany,57.88
109987,S720,Streaming subscription,1,2024-09-06,27.3,C78335,Germany,27.3
109988,S137,Streaming subscription,2,2024-09-06,24.79,C89738,Germany,49.58
109990,S504,Streaming subscription,3,2024-09-06,24.57,C57828,Germany,73.71000000000001
109995,S694,Streaming subscription,3,2024-09-06,29.66,C61927,United Kingdom,88.98
109992,S158,Streaming subscription,3,2024-09-06,27.85,C23760,Germany,83.55000000000001
109993,S304,Streaming subscription,4,2024-09-06,20.89,C25970,United Kingdom,83.56
109994,S972,Streaming subscription,1,2024-09-06,25.03,C47053,United Kingdom,25.03
109996,S430,Streaming subscription,1,2024-09-06,26.32,C33783,United Kingdom,26.32
109997,S554,Streaming subscription,1,2024-09-06,31.84,C43518,United Kingdom,31.84
109998,S130,Streaming subscription,2,2024-09-06,27.06,C30681,United Kingdom,54.12
109999,S274,Streaming subscription,3,2024-09-06,25.81,C84743,United Kingdom,77.42999999999999
109982,S318,Streaming subscription,5,2024-09-06,25.95,C64336,France,129.75
109991,S258,Streaming subscription,3,2024-09-06,26.02,C20508,Germany,78.06
109981,S193,Streaming subscription,4,2024-09-06,24.8,C22434,France,99.2
110000,S537,Streaming subscription,2,2024-09-06,33.08,C16156,United Kingdom,66.16
109979,S270,Streaming subscription,4,2024-09-06,23.99,C49405,France,95.96
109961,S468,Streaming subscription,1,2024-09-06,18.69,C39758,Australia,18.69
109962,S916,Streaming subscription,4,2024-09-06,22.94,C50906,Australia,91.76
109963,S307,Streaming subscription,-2,2024-09-06,18.94,C76633,Australia,-37.88
109964,S612,Streaming subscription,1,2024-09-06,21.76,C97765,Australia,21.76
109965,S729,Streaming subscription,5,2024-09-06,17.34,C39194,Australia,86.7
109966,S955,Streaming subscription,2,2024-09-06,20.82,C39424,Australia,41.64
109967,S196,Streaming subscription,3,2024-09-06,21.49,C18809,Australia,64.47
109968,S634,Streaming subscription,4,2024-09-06,21.88,C70731,Australia,87.52
109969,S310,Streaming subscription,2,2024-09-06,12.41,C94868,Canada,24.82
109980,S185,Streaming subscription,4,2024-09-06,19.31,C99305,France,77.24
109971,S365,Streaming subscription,5,2024-09-06,16.11,C33009,Canada,80.55
109972,S227,Streaming subscription,3,2024-09-06,15.32,C17303,Canada,45.96
109973,S632,Streaming subscription,3,2024-09-06,16.03,C90452,Canada,48.09
109974,S382,Streaming subscription,1,2024-09-06,19.58,C15470,Canada,19.58
109975,S619,Streaming subscription,1,2024-09-06,16.04,C21087,Canada,16.04
109976,S213,Streaming subscription,2,2024-09-06,11.49,C46299,Canada,22.98
109977,S196,Streaming subscription,4,2024-09-06,20.84,C96925,France,83.36
109978,S826,Streaming subscription,3,2024-09-06,24.97,C95017,France,74.91
109970,S721,Streaming subscription,4,2024-09-06,13.55,C14104,Canada,54.2
110028,S222,Streaming subscription,1,2024-09-07,15.57,C12117,Germany,15.57
110027,S492,Streaming subscription,2,2024-09-07,23.4,C65337,Germany,46.8
110023,S363,Streaming subscription,-2,2024-09-07,17.72,C32786,France,-35.44
110025,S325,Streaming subscription,4,2024-09-07,22.93,C91884,Germany,91.72
110024,S854,Streaming subscription,5,2024-09-07,18.02,C89787,France,90.1
110029,S119,Streaming subscription,2,2024-09-07,16.97,C39038,Germany,33.94
110026,S362,Streaming subscription,1,2024-09-07,22.74,C18958,Germany,22.74
110030,S161,Streaming subscription,3,2024-09-07,18.19,C13484,Germany,54.57000000000001
110035,S352,Streaming subscription,1,2024-09-07,23.02,C21490,United Kingdom,23.02
110032,S503,Streaming subscription,4,2024-09-07,21.57,C34418,Germany,86.28
110033,S871,Streaming subscription,4,2024-09-07,23.89,C99450,United Kingdom,95.56
110034,S424,Streaming subscription,3,2024-09-07,25.46,C37099,United Kingdom,76.38
110036,S617,Streaming subscription,4,2024-09-07,18.71,C81173,United Kingdom,74.84
110037,S103,Streaming subscription,3,2024-09-07,25.14,C27076,United Kingdom,75.42
110038,S329,Streaming subscription,2,2024-09-07,23.86,C38147,United Kingdom,47.72
110039,S938,Streaming subscription,3,2024-09-07,22.21,C27636,United Kingdom,66.63
110022,S721,Streaming subscription,4,2024-09-07,18.11,C93888,France,72.44
110031,S161,Streaming subscription,4,2024-09-07,19.06,C42360,Germany,76.24
110021,S638,Streaming subscription,1,2024-09-07,15.67,C41378,France,15.67
110040,S830,Streaming subscription,3,2024-09-07,27.98,C32635,United Kingdom,83.94
110019,S926,Streaming subscription,2,2024-09-07,19.03,C81330,France,38.06
110020,S827,Streaming subscription,2,2024-09-07,21.93,C66432,France,43.86
110001,S473,Streaming subscription,3,2024-09-07,11.94,C66700,Australia,35.82
110002,S693,Streaming subscription,5,2024-09-07,14.8,C70652,Australia,74.0
110003,S592,Streaming subscription,4,2024-09-07,18.29,C57016,Australia,73.16
110004,S451,Streaming subscription,5,2024-09-07,14.55,C11913,Australia,72.75
110006,S810,Streaming subscription,5,2024-09-07,11.47,C50927,Australia,57.35
110007,S383,Streaming subscription,4,2024-09-07,16.25,C94935,Australia,65.0
110008,S405,Streaming subscription,1,2024-09-07,15.71,C81865,Australia,15.71
110009,S932,Streaming subscription,2,2024-09-07,19.75,C53280,Canada,39.5
110005,S470,Streaming subscription,1,2024-09-07,19.5,C61170,Australia,19.5
110011,S488,Streaming subscription,2,2024-09-07,14.64,C67586,Canada,29.28
110010,S361,Streaming subscription,2,2024-09-07,10.08,C59840,Canada,20.16
110017,S456,Streaming subscription,4,2024-09-07,16.49,C83232,France,65.96
110016,S210,Streaming subscription,5,2024-09-07,8.95,C43016,Canada,44.75
110015,S467,Streaming subscription,2,2024-09-07,15.25,C86602,Canada,30.5
110018,S959,Streaming subscription,4,2024-09-07,17.02,C18198,France,68.08
110013,S597,Streaming subscription,4,2024-09-07,13.44,C76157,Canada,53.76
110012,S942,Streaming subscription,5,2024-09-07,17.17,C93607,Canada,85.85000000000001
110014,S605,Streaming subscription,1,2024-09-07,14.53,C10002,Canada,14.53
110080,S966,Streaming subscription,2,2024-09-08,21.68,C48549,United Kingdom,43.36
110062,S210,Streaming subscription,3,2024-09-08,18.14,C72970,France,54.42
110063,S389,Streaming subscription,2,2024-09-08,15.62,C48218,France,31.24
110064,S795,Streaming subscription,4,2024-09-08,13.93,C84482,France,55.72
110066,S219,Streaming subscription,2,2024-09-08,20.11,C95770,Germany,40.22
110067,S730,Streaming subscription,4,2024-09-08,23.8,C64942,Germany,95.2
110068,S192,Streaming subscription,1,2024-09-08,24.63,C51356,Germany,24.63
110069,S909,Streaming subscription,3,2024-09-08,23.99,C11001,Germany,71.97
110071,S429,Streaming subscription,3,2024-09-08,23.13,C31437,Germany,69.39
110072,S437,Streaming subscription,2,2024-09-08,18.37,C22683,Germany,36.74
110073,S485,Streaming subscription,2,2024-09-08,25.63,C51553,United Kingdom,51.26
110061,S303,Streaming subscription,4,2024-09-08,19.05,C56003,France,76.2
110075,S643,Streaming subscription,2,2024-09-08,29.85,C35923,United Kingdom,59.7
110076,S657,Streaming subscription,5,2024-09-08,25.09,C19702,United Kingdom,125.45
110077,S893,Streaming subscription,2,2024-09-08,18.37,C22270,United Kingdom,36.74
110078,S512,Streaming subscription,1,2024-09-08,24.37,C10382,United Kingdom,24.37
110079,S927,Streaming subscription,1,2024-09-08,16.36,C46658,United Kingdom,16.36
110070,S852,Streaming subscription,1,2024-09-08,14.61,C67546,Germany,14.61
110074,S914,Streaming subscription,5,2024-09-08,22.67,C74255,United Kingdom,113.35000000000001
110065,S368,Streaming subscription,5,2024-09-08,17.16,C39651,Germany,85.8
110058,S869,Streaming subscription,4,2024-09-08,21.38,C90986,France,85.52
110059,S886,Streaming subscription,4,2024-09-08,20.16,C18080,France,80.64
110041,S622,Streaming subscription,2,2024-09-08,15.64,C53056,Australia,31.28
110042,S652,Streaming subscription,4,2024-09-08,17.58,C64967,Australia,70.32
110043,S572,Streaming subscription,5,2024-09-08,13.16,C28035,Australia,65.8
110044,S957,Streaming subscription,-1,2024-09-08,19.27,C31388,Australia,-19.27
110045,S714,Streaming subscription,2,2024-09-08,17.71,C31555,Australia,35.42
110046,S339,Streaming subscription,4,2024-09-08,10.53,C18696,Australia,42.12
110047,S877,Streaming subscription,3,2024-09-08,17.92,C64645,Australia,53.760000000000005
110048,S339,Streaming subscription,3,2024-09-08,16.56,C56150,Australia,49.67999999999999
110060,S807,Streaming subscription,2,2024-09-08,12.14,C21270,France,24.28
110050,S691,Streaming subscription,4,2024-09-08,12.25,C61780,Canada,49.0
110049,S185,Streaming subscription,5,2024-09-08,17.43,C30022,Canada,87.15
110056,S642,Streaming subscription,5,2024-09-08,11.88,C82913,Canada,59.400000000000006
110055,S926,Streaming subscription,4,2024-09-08,15.3,C63865,Canada,61.2
110057,S197,Streaming subscription,5,2024-09-08,8.73,C95383,France,43.650000000000006
110053,S231,Streaming subscription,3,2024-09-08,22.9,C92563,Canada,68.69999999999999
110052,S672,Streaming subscription,3,2024-09-08,11.83,C56539,Canada,35.49
110051,S657,Streaming subscription,1,2024-09-08,12.3,C31028,Canada,12.3
110054,S966,Streaming subscription,5,2024-09-08,14.19,C34903,Canada,70.95
110103,S464,Streaming subscription,5,2024-09-09,23.29,C28063,France,116.44999999999999
110109,S573,Streaming subscription,1,2024-09-09,20.11,C35389,Germany,20.11
110104,S425,Streaming subscription,4,2024-09-09,27.69,C87023,France,110.76
110105,S427,Streaming subscription,5,2024-09-09,17.27,C13737,Germany,86.35
110106,S678,Streaming subscription,4,2024-09-09,26.88,C90592,Germany,107.52
110107,S701,Streaming subscription,1,2024-09-09,21.64,C78914,Germany,21.64
110108,S651,Streaming subscription,4,2024-09-09,25.67,C40073,Germany,102.68
110110,S707,Streaming subscription,4,2024-09-09,26.82,C85122,Germany,107.28
110115,S205,Streaming subscription,1,2024-09-09,24.83,C10607,United Kingdom,24.83
110112,S241,Streaming subscription,5,2024-09-09,20.74,C58108,Germany,103.69999999999999
110113,S536,Streaming subscription,5,2024-09-09,23.24,C90473,United Kingdom,116.19999999999999
110114,S436,Streaming subscription,1,2024-09-09,28.31,C46430,United Kingdom,28.31
110116,S755,Streaming subscription,4,2024-09-09,30.5,C97440,United Kingdom,122.0
110117,S209,Streaming subscription,2,2024-09-09,25.18,C46550,United Kingdom,50.36
110118,S431,Streaming subscription,5,2024-09-09,27.92,C84507,United Kingdom,139.60000000000002
110119,S650,Streaming subscription,3,2024-09-09,26.71,C41904,United Kingdom,80.13
110102,S699,Streaming subscription,2,2024-09-09,22.63,C29845,France,45.26
110111,S923,Streaming subscription,5,2024-09-09,22.72,C10530,Germany,113.6
110120,S747,Streaming subscription,5,2024-09-09,28.49,C94830,United Kingdom,142.45
110101,S379,Streaming subscription,2,2024-09-09,14.1,C41885,France,28.2
110099,S133,Streaming subscription,4,2024-09-09,21.04,C60919,France,84.16
110081,S946,Streaming subscription,3,2024-09-09,18.04,C16916,Australia,54.12
110082,S927,Streaming subscription,1,2024-09-09,20.52,C69284,Australia,20.52
110083,S904,Streaming subscription,5,2024-09-09,17.71,C79523,Australia,88.55000000000001
110084,S505,Streaming subscription,5,2024-09-09,19.06,C90099,Australia,95.3
110085,S774,Streaming subscription,2,2024-09-09,15.81,C11216,Australia,31.62
110086,S110,Streaming subscription,4,2024-09-09,23.62,C61810,Australia,94.48
110087,S123,Streaming subscription,4,2024-09-09,22.69,C22734,Australia,90.76
110088,S736,Streaming subscription,3,2024-09-09,24.34,C40088,Australia,73.02
110089,S539,Streaming subscription,2,2024-09-09,16.91,C43639,Canada,33.82
110100,S235,Streaming subscription,1,2024-09-09,24.39,C72575,France,24.39
110091,S319,Streaming subscription,1,2024-09-09,10.66,C56577,Canada,10.66
110098,S833,Streaming subscription,1,2024-09-09,19.92,C87764,France,19.92
110097,S932,Streaming subscription,3,2024-09-09,21.93,C88953,France,65.78999999999999
110096,S542,Streaming subscription,3,2024-09-09,16.56,C10185,Canada,49.67999999999999
110090,S861,Streaming subscription,2,2024-09-09,15.32,C24854,Canada,30.64
110094,S839,Streaming subscription,3,2024-09-09,13.17,C16859,Canada,39.51
110093,S609,Streaming subscription,4,2024-09-09,22.05,C45436,Canada,88.2
110092,S925,Streaming subscription,1,2024-09-09,17.38,C91863,Canada,17.38
110095,S512,Streaming subscription,3,2024-09-09,13.14,C89834,Canada,39.42
110150,S547,Streaming subscription,2,2024-09-10,22.97,C81631,Germany,45.94
110143,S991,Streaming subscription,1,2024-09-10,24.55,C52198,France,24.55
110144,S916,Streaming subscription,5,2024-09-10,18.6,C25821,France,93.0
110146,S944,Streaming subscription,1,2024-09-10,15.86,C20218,Germany,15.86
110147,S218,Streaming subscription,1,2024-09-10,19.91,C69314,Germany,19.91
110148,S348,Streaming subscription,4,2024-09-10,21.87,C49894,Germany,87.48
110149,S857,Streaming subscription,2,2024-09-10,16.74,C76162,Germany,33.48
110151,S354,Streaming subscription,1,2024-09-10,27.5,C87083,Germany,27.5
110156,S204,Streaming subscription,5,2024-09-10,31.64,C61673,United Kingdom,158.2
110153,S769,Streaming subscription,1,2024-09-10,22.77,C65977,United Kingdom,22.77
110154,S483,Streaming subscription,4,2024-09-10,23.02,C31059,United Kingdom,92.08
110155,S813,Streaming subscription,4,2024-09-10,25.95,C50446,United Kingdom,103.8
110142,S241,Streaming subscription,5,2024-09-10,18.29,C55120,France,91.44999999999999
110157,S464,Streaming subscription,-2,2024-09-10,26.87,C27112,United Kingdom,-53.74
110158,S361,Streaming subscription,5,2024-09-10,24.97,C94045,United Kingdom,124.85
110159,S164,Streaming subscription,4,2024-09-10,33.11,C20092,United Kingdom,132.44
110160,S986,Streaming subscription,4,2024-09-10,28.17,C72215,United Kingdom,112.68
110152,S318,Streaming subscription,1,2024-09-10,27.92,C41395,Germany,27.92
110141,S401,Streaming subscription,3,2024-09-10,24.18,C72773,France,72.53999999999999
110145,S265,Streaming subscription,-2,2024-09-10,24.61,C50372,Germany,-49.22
110139,S858,Streaming subscription,2,2024-09-10,23.07,C58365,France,46.14
110140,S336,Streaming subscription,4,2024-09-10,19.0,C90945,France,76.0
110122,S509,Streaming subscription,4,2024-09-10,15.14,C66190,Australia,60.56
110123,S262,Streaming subscription,4,2024-09-10,18.44,C99112,Australia,73.76
110124,S240,Streaming subscription,1,2024-09-10,23.59,C55037,Australia,23.59
110125,S935,Streaming subscription,2,2024-09-10,21.37,C74700,Australia,42.74
110126,S956,Streaming subscription,5,2024-09-10,19.46,C51309,Australia,97.30000000000001
110127,S106,Streaming subscription,3,2024-09-10,15.35,C79692,Australia,46.05
110128,S269,Streaming subscription,3,2024-09-10,17.77,C39228,Australia,53.31
110129,S494,Streaming subscription,4,2024-09-10,13.1,C84258,Canada,52.4
110121,S507,Streaming subscription,2,2024-09-10,15.76,C55291,Australia,31.52
110131,S264,Streaming subscription,2,2024-09-10,18.51,C37793,Canada,37.02
110130,S829,Streaming subscription,5,2024-09-10,11.07,C47600,Canada,55.35
110137,S414,Streaming subscription,1,2024-09-10,14.98,C88635,France,14.98
110136,S214,Streaming subscription,5,2024-09-10,13.35,C86178,Canada,66.75
110138,S438,Streaming subscription,5,2024-09-10,20.76,C90813,France,103.80000000000001
110134,S184,Streaming subscription,2,2024-09-10,14.88,C94960,Canada,29.76
110133,S779,Streaming subscription,1,2024-09-10,18.9,C22697,Canada,18.9
110132,S341,Streaming subscription,2,2024-09-10,11.11,C42428,Canada,22.22
110135,S110,Streaming subscription,3,2024-09-10,19.19,C15614,Canada,57.57000000000001
110183,S686,Streaming subscription,2,2024-09-11,15.97,C52342,France,31.94
110189,S106,Streaming subscription,2,2024-09-11,27.15,C59979,Germany,54.3
110184,S527,Streaming subscription,2,2024-09-11,15.46,C32104,France,30.92
110185,S233,Streaming subscription,3,2024-09-11,23.04,C47850,Germany,69.12
110186,S391,Streaming subscription,3,2024-09-11,32.22,C73848,Germany,96.66
110187,S260,Streaming subscription,1,2024-09-11,30.58,C57954,Germany,30.58
110188,S451,Streaming subscription,4,2024-09-11,18.51,C81852,Germany,74.04
110190,S671,Streaming subscription,3,2024-09-11,29.0,C41473,Germany,87.0
110195,S435,Streaming subscription,3,2024-09-11,30.39,C35044,United Kingdom,91.17
110192,S940,Streaming subscription,2,2024-09-11,23.93,C71927,Germany,47.86
110193,S702,Streaming subscription,5,2024-09-11,23.31,C16440,United Kingdom,116.55
110194,S657,Streaming subscription,5,2024-09-11,19.86,C14509,United Kingdom,99.3
110196,S445,Streaming subscription,1,2024-09-11,31.87,C74882,United Kingdom,31.87
110197,S955,Streaming subscription,3,2024-09-11,30.22,C56616,United Kingdom,90.66
110198,S322,Streaming subscription,1,2024-09-11,29.94,C42025,United Kingdom,29.94
110199,S983,Streaming subscription,1,2024-09-11,32.52,C45934,United Kingdom,32.52
110182,S842,Streaming subscription,2,2024-09-11,19.33,C95517,France,38.66
110191,S499,Streaming subscription,3,2024-09-11,20.55,C37391,Germany,61.650000000000006
110181,S547,Streaming subscription,1,2024-09-11,17.41,C47061,France,17.41
110200,S561,Streaming subscription,4,2024-09-11,26.84,C51073,United Kingdom,107.36
110179,S936,Streaming subscription,1,2024-09-11,22.12,C17739,France,22.12
110161,S641,Streaming subscription,2,2024-09-11,20.02,C18701,Australia,40.04
110162,S343,Streaming subscription,4,2024-09-11,23.9,C67426,Australia,95.6
110163,S211,Streaming subscription,2,2024-09-11,20.63,C67507,Australia,41.26
110164,S627,Streaming subscription,4,2024-09-11,18.77,C96118,Australia,75.08
110165,S198,Streaming subscription,3,2024-09-11,18.84,C12326,Australia,56.519999999999996
110166,S451,Streaming subscription,2,2024-09-11,21.81,C71931,Australia,43.62
110167,S949,Streaming subscription,4,2024-09-11,18.35,C85296,Australia,73.4
110168,S593,Streaming subscription,5,2024-09-11,17.35,C28427,Australia,86.75
110169,S717,Streaming subscription,3,2024-09-11,18.78,C63225,Canada,56.34
110180,S963,Streaming subscription,4,2024-09-11,14.9,C29648,France,59.6
110171,S719,Streaming subscription,4,2024-09-11,18.71,C88133,Canada,74.84
110172,S910,Streaming subscription,3,2024-09-11,10.25,C95457,Canada,30.75
110173,S481,Streaming subscription,2,2024-09-11,18.57,C93194,Canada,37.14
110174,S300,Streaming subscription,5,2024-09-11,11.59,C55347,Canada,57.95
110175,S534,Streaming subscription,3,2024-09-11,14.26,C62426,Canada,42.78
110176,S927,Streaming subscription,4,2024-09-11,13.02,C18454,Canada,52.08
110177,S260,Streaming subscription,1,2024-09-11,25.45,C12954,France,25.45
110178,S329,Streaming subscription,5,2024-09-11,15.35,C15776,France,76.75
110170,S503,Streaming subscription,-1,2024-09-11,12.48,C79358,Canada,-12.48
110228,S129,Streaming subscription,1,2024-09-12,21.19,C89127,Germany,21.19
110227,S336,Streaming subscription,1,2024-09-12,23.44,C12901,Germany,23.44
110223,S168,Streaming subscription,5,2024-09-12,17.9,C53710,France,89.5
110225,S725,Streaming subscription,3,2024-09-12,15.88,C99898,Germany,47.64
110224,S213,Streaming subscription,3,2024-09-12,17.09,C67612,France,51.269999999999996
110229,S113,Streaming subscription,5,2024-09-12,23.51,C77991,Germany,117.55000000000001
110226,S894,Streaming subscription,2,2024-09-12,18.25,C61049,Germany,36.5
110230,S146,Streaming subscription,1,2024-09-12,29.39,C89499,Germany,29.39
110235,S396,Streaming subscription,4,2024-09-12,29.66,C95081,United Kingdom,118.64
110232,S413,Streaming subscription,5,2024-09-12,24.99,C33849,Germany,124.94999999999999
110233,S837,Streaming subscription,5,2024-09-12,29.75,C65531,United Kingdom,148.75
110234,S283,Streaming subscription,3,2024-09-12,23.58,C71111,United Kingdom,70.74
110236,S916,Streaming subscription,2,2024-09-12,23.07,C85827,United Kingdom,46.14
110237,S561,Streaming subscription,5,2024-09-12,24.14,C32814,United Kingdom,120.7
110238,S819,Streaming subscription,3,2024-09-12,16.72,C70504,United Kingdom,50.16
110239,S185,Streaming subscription,2,2024-09-12,29.63,C16071,United Kingdom,59.26
110222,S678,Streaming subscription,5,2024-09-12,14.64,C17301,France,73.2
110231,S653,Streaming subscription,2,2024-09-12,24.27,C19481,Germany,48.54
110221,S893,Streaming subscription,2,2024-09-12,23.4,C89948,France,46.8
110240,S934,Streaming subscription,1,2024-09-12,31.35,C38194,United Kingdom,31.35
110219,S360,Streaming subscription,1,2024-09-12,17.8,C53788,France,17.8
110220,S872,Streaming subscription,5,2024-09-12,21.14,C52274,France,105.7
110201,S311,Streaming subscription,2,2024-09-12,22.22,C74283,Australia,44.44
110202,S225,Streaming subscription,1,2024-09-12,21.16,C85028,Australia,21.16
110203,S231,Streaming subscription,1,2024-09-12,20.28,C67182,Australia,20.28
110204,S195,Streaming subscription,2,2024-09-12,17.9,C50209,Australia,35.8
110205,S130,Streaming subscription,2,2024-09-12,23.76,C11226,Australia,47.52
110207,S670,Streaming subscription,2,2024-09-12,18.56,C51040,Australia,37.12
110208,S874,Streaming subscription,3,2024-09-12,19.31,C58657,Australia,57.92999999999999
110209,S245,Streaming subscription,2,2024-09-12,18.62,C48055,Canada,37.24
110206,S558,Streaming subscription,2,2024-09-12,24.37,C45794,Australia,48.74
110211,S361,Streaming subscription,5,2024-09-12,15.28,C58173,Canada,76.39999999999999
110210,S356,Streaming subscription,4,2024-09-12,16.18,C45357,Canada,64.72
110217,S961,Streaming subscription,1,2024-09-12,14.47,C68932,France,14.47
110216,S724,Streaming subscription,1,2024-09-12,13.15,C36987,Canada,13.15
110215,S289,Streaming subscription,2,2024-09-12,12.02,C12282,Canada,24.04
110218,S419,Streaming subscription,3,2024-09-12,29.9,C29889,France,89.69999999999999
110213,S744,Streaming subscription,4,2024-09-12,14.94,C94451,Canada,59.76
110212,S753,Streaming subscription,3,2024-09-12,20.36,C22487,Canada,61.08
110214,S505,Streaming subscription,1,2024-09-12,17.98,C99429,Canada,17.98
110262,S611,Streaming subscription,3,2024-09-13,15.14,C48125,France,45.42
110263,S488,Streaming subscription,2,2024-09-13,15.18,C30024,France,30.36
110264,S991,Streaming subscription,1,2024-09-13,18.8,C34520,France,18.8
110265,S791,Streaming subscription,2,2024-09-13,23.85,C64892,Germany,47.7
110267,S762,Streaming subscription,1,2024-09-13,27.01,C22209,Germany,27.01
110268,S437,Streaming subscription,2,2024-09-13,20.76,C39252,Germany,41.52
110269,S984,Streaming subscription,5,2024-09-13,16.73,C79150,Germany,83.65
110270,S872,Streaming subscription,2,2024-09-13,25.7,C78549,Germany,51.4
110271,S592,Streaming subscription,1,2024-09-13,20.64,C17996,Germany,20.64
110273,S440,Streaming subscription,3,2024-09-13,27.07,C38457,United Kingdom,81.21000000000001
110261,S484,Streaming subscription,2,2024-09-13,20.99,C76665,France,41.98
110275,S100,Streaming subscription,1,2024-09-13,32.95,C23375,United Kingdom,32.95
110276,S890,Streaming subscription,1,2024-09-13,22.04,C38414,United Kingdom,22.04
110277,S502,Streaming subscription,2,2024-09-13,32.89,C55824,United Kingdom,65.78
110278,S514,Streaming subscription,-2,2024-09-13,23.27,C82063,United Kingdom,-46.54
110279,S899,Streaming subscription,4,2024-09-13,25.44,C81932,United Kingdom,101.76
110280,S878,Streaming subscription,3,2024-09-13,32.59,C12360,United Kingdom,97.77000000000001
110272,S785,Streaming subscription,3,2024-09-13,26.24,C77487,Germany,78.72
110274,S772,Streaming subscription,2,2024-09-13,31.1,C99382,United Kingdom,62.2
110266,S780,Streaming subscription,5,2024-09-13,22.55,C12868,Germany,112.75
110258,S615,Streaming subscription,2,2024-09-13,23.52,C53588,France,47.04
110259,S612,Streaming subscription,2,2024-09-13,23.02,C23679,France,46.04
110241,S853,Streaming subscription,4,2024-09-13,15.13,C56400,Australia,60.52
110242,S626,Streaming subscription,3,2024-09-13,19.7,C68299,Australia,59.099999999999994
110243,S555,Streaming subscription,2,2024-09-13,20.61,C46123,Australia,41.22
110244,S353,Streaming subscription,5,2024-09-13,20.83,C98771,Australia,104.14999999999999
110245,S622,Streaming subscription,3,2024-09-13,11.49,C94039,Australia,34.47
110246,S891,Streaming subscription,5,2024-09-13,15.97,C38176,Australia,79.85000000000001
110247,S349,Streaming subscription,1,2024-09-13,18.82,C30389,Australia,18.82
110248,S517,Streaming subscription,1,2024-09-13,14.08,C20444,Australia,14.08
110260,S757,Streaming subscription,4,2024-09-13,21.31,C53592,France,85.24
110250,S945,Streaming subscription,2,2024-09-13,17.35,C36009,Canada,34.7
110249,S439,Streaming subscription,1,2024-09-13,22.07,C62373,Canada,22.07
110256,S428,Streaming subscription,3,2024-09-13,20.11,C26700,Canada,60.33
110255,S712,Streaming subscription,1,2024-09-13,19.3,C79577,Canada,19.3
110257,S157,Streaming subscription,5,2024-09-13,18.12,C29025,France,90.60000000000001
110253,S928,Streaming subscription,2,2024-09-13,19.34,C30808,Canada,38.68
110252,S112,Streaming subscription,1,2024-09-13,14.82,C73350,Canada,14.82
110251,S856,Streaming subscription,5,2024-09-13,22.83,C21416,Canada,114.14999999999999
110254,S777,Streaming subscription,3,2024-09-13,16.35,C71242,Canada,49.050000000000004
110302,S505,Streaming subscription,4,2024-09-14,24.03,C12029,France,96.12
110309,S823,Streaming subscription,2,2024-09-14,18.63,C60399,Germany,37.26
110303,S387,Streaming subscription,5,2024-09-14,17.33,C96801,France,86.64999999999999
110304,S194,Streaming subscription,2,2024-09-14,17.41,C69775,France,34.82
110305,S763,Streaming subscription,2,2024-09-14,19.61,C84510,Germany,39.22
110306,S105,Streaming subscription,1,2024-09-14,20.17,C85116,Germany,20.17
110307,S573,Streaming subscription,4,2024-09-14,16.58,C79200,Germany,66.32
110308,S728,Streaming subscription,2,2024-09-14,22.48,C55587,Germany,44.96
110310,S158,Streaming subscription,5,2024-09-14,14.68,C61466,Germany,73.4
110314,S692,Streaming subscription,5,2024-09-14,21.72,C16613,United Kingdom,108.6
110312,S753,Streaming subscription,4,2024-09-14,16.18,C26318,Germany,64.72
110313,S238,Streaming subscription,3,2024-09-14,22.1,C63747,United Kingdom,66.30000000000001
110315,S167,Streaming subscription,5,2024-09-14,19.56,C20185,United Kingdom,97.8
110316,S127,Streaming subscription,3,2024-09-14,19.28,C91079,United Kingdom,57.84
110317,S982,Streaming subscription,4,2024-09-14,29.48,C30241,United Kingdom,117.92
110318,S735,Streaming subscription,4,2024-09-14,19.34,C31412,United Kingdom,77.36
110319,S423,Streaming subscription,3,2024-09-14,22.69,C35844,United Kingdom,68.07000000000001
110301,S212,Streaming subscription,5,2024-09-14,20.77,C72750,France,103.85
110311,S157,Streaming subscription,1,2024-09-14,24.76,C39497,Germany,24.76
110320,S526,Streaming subscription,1,2024-09-14,24.7,C53049,United Kingdom,24.7
110300,S126,Streaming subscription,2,2024-09-14,19.03,C84493,France,38.06
110298,S200,Streaming subscription,5,2024-09-14,20.68,C92127,France,103.4
110281,S480,Streaming subscription,4,2024-09-14,18.56,C17866,Australia,74.24
110282,S925,Streaming subscription,4,2024-09-14,22.57,C97463,Australia,90.28
110283,S930,Streaming subscription,1,2024-09-14,18.9,C39490,Australia,18.9
110284,S419,Streaming subscription,2,2024-09-14,7.16,C98459,Australia,14.32
110285,S616,Streaming subscription,1,2024-09-14,12.22,C94462,Australia,12.22
110286,S299,Streaming subscription,4,2024-09-14,26.15,C94733,Australia,104.6
110287,S641,Streaming subscription,2,2024-09-14,10.05,C71471,Australia,20.1
110288,S793,Streaming subscription,1,2024-09-14,16.05,C84998,Australia,16.05
110299,S195,Streaming subscription,3,2024-09-14,21.89,C40336,France,65.67
110290,S265,Streaming subscription,5,2024-09-14,13.83,C66274,Canada,69.15
110291,S730,Streaming subscription,1,2024-09-14,14.92,C55016,Canada,14.92
110292,S962,Streaming subscription,3,2024-09-14,13.72,C41028,Canada,41.160000000000004
110293,S221,Streaming subscription,2,2024-09-14,8.59,C86629,Canada,17.18
110294,S932,Streaming subscription,1,2024-09-14,13.07,C18076,Canada,13.07
110295,S937,Streaming subscription,1,2024-09-14,11.77,C81486,Canada,11.77
110296,S216,Streaming subscription,5,2024-09-14,11.86,C44604,Canada,59.3
110297,S649,Streaming subscription,3,2024-09-14,20.16,C14046,France,60.480000000000004
110289,S668,Streaming subscription,1,2024-09-14,10.9,C14592,Canada,10.9
110349,S387,Streaming subscription,5,2024-09-15,22.51,C59541,Germany,112.55000000000001
110348,S218,Streaming subscription,3,2024-09-15,27.56,C91523,Germany,82.67999999999999
110344,S345,Streaming subscription,3,2024-09-15,17.93,C21094,France,53.79
110346,S645,Streaming subscription,1,2024-09-15,19.15,C68816,Germany,19.15
110345,S137,Streaming subscription,2,2024-09-15,24.35,C60412,Germany,48.7
110350,S157,Streaming subscription,1,2024-09-15,25.07,C92336,Germany,25.07
110347,S851,Streaming subscription,3,2024-09-15,23.86,C75698,Germany,71.58
110351,S201,Streaming subscription,1,2024-09-15,21.39,C97579,Germany,21.39
110356,S586,Streaming subscription,4,2024-09-15,25.76,C22805,United Kingdom,103.04
110353,S490,Streaming subscription,3,2024-09-15,19.36,C72765,United Kingdom,58.08
110354,S350,Streaming subscription,2,2024-09-15,22.87,C71388,United Kingdom,45.74
110355,S351,Streaming subscription,5,2024-09-15,27.79,C96765,United Kingdom,138.95
110357,S644,Streaming subscription,3,2024-09-15,26.38,C94998,United Kingdom,79.14
110358,S620,Streaming subscription,2,2024-09-15,20.57,C65701,United Kingdom,41.14
110359,S183,Streaming subscription,1,2024-09-15,22.18,C92492,United Kingdom,22.18
110360,S855,Streaming subscription,5,2024-09-15,27.66,C44065,United Kingdom,138.3
110343,S309,Streaming subscription,3,2024-09-15,24.01,C36412,France,72.03
110352,S539,Streaming subscription,5,2024-09-15,17.6,C96006,Germany,88.0
110342,S156,Streaming subscription,1,2024-09-15,24.09,C80459,France,24.09
110341,S310,Streaming subscription,4,2024-09-15,21.58,C81107,France,86.32
110321,S570,Streaming subscription,1,2024-09-15,14.08,C72923,Australia,14.08
110340,S574,Streaming subscription,2,2024-09-15,18.59,C46836,France,37.18
110322,S710,Streaming subscription,1,2024-09-15,18.43,C99793,Australia,18.43
110323,S143,Streaming subscription,2,2024-09-15,18.94,C56631,Australia,37.88
110324,S240,Streaming subscription,5,2024-09-15,14.13,C58173,Australia,70.65
110325,S367,Streaming subscription,3,2024-09-15,18.01,C36119,Australia,54.03
110327,S971,Streaming subscription,5,2024-09-15,18.47,C19110,Australia,92.35
110328,S475,Streaming subscription,3,2024-09-15,19.64,C97016,Australia,58.92
110329,S293,Streaming subscription,2,2024-09-15,15.67,C57998,Canada,31.34
110330,S498,Streaming subscription,3,2024-09-15,20.01,C25500,Canada,60.03
110326,S747,Streaming subscription,3,2024-09-15,19.66,C69291,Australia,58.980000000000004
110332,S901,Streaming subscription,2,2024-09-15,10.44,C43094,Canada,20.88
110331,S685,Streaming subscription,4,2024-09-15,16.86,C24019,Canada,67.44
110338,S825,Streaming subscription,1,2024-09-15,18.73,C40945,France,18.73
110337,S209,Streaming subscription,1,2024-09-15,9.06,C44443,France,9.06
110336,S311,Streaming subscription,5,2024-09-15,12.58,C46970,Canada,62.9
110339,S522,Streaming subscription,-2,2024-09-15,22.13,C50124,France,-44.26
110334,S799,Streaming subscription,3,2024-09-15,16.94,C50606,Canada,50.82000000000001
110333,S748,Streaming subscription,1,2024-09-15,5.0,C73870,Canada,5.0
110335,S794,Streaming subscription,1,2024-09-15,15.54,C61212,Canada,15.54
110390,S332,Streaming subscription,4,2024-09-16,25.59,C24912,Germany,102.36
110383,S210,Streaming subscription,4,2024-09-16,15.63,C17060,France,62.52
110384,S813,Streaming subscription,4,2024-09-16,21.35,C29732,France,85.4
110385,S716,Streaming subscription,3,2024-09-16,29.32,C47874,Germany,87.96000000000001
110386,S849,Streaming subscription,4,2024-09-16,22.73,C30088,Germany,90.92
110387,S435,Streaming subscription,2,2024-09-16,20.66,C92598,Germany,41.32
110388,S895,Streaming subscription,1,2024-09-16,17.57,C98989,Germany,17.57
110389,S723,Streaming subscription,3,2024-09-16,24.16,C14851,Germany,72.48
110391,S175,Streaming subscription,1,2024-09-16,23.23,C77770,Germany,23.23
110382,S962,Streaming subscription,3,2024-09-16,24.3,C34820,France,72.9
110393,S566,Streaming subscription,5,2024-09-16,26.51,C97137,United Kingdom,132.55
110394,S163,Streaming subscription,3,2024-09-16,29.19,C48705,United Kingdom,87.57000000000001
110395,S202,Streaming subscription,1,2024-09-16,25.99,C55422,United Kingdom,25.99
110396,S965,Streaming subscription,3,2024-09-16,20.9,C83271,United Kingdom,62.699999999999996
110397,S435,Streaming subscription,3,2024-09-16,31.02,C49708,United Kingdom,93.06
110398,S183,Streaming subscription,3,2024-09-16,28.98,C16731,United Kingdom,86.94
110399,S190,Streaming subscription,2,2024-09-16,31.63,C23373,United Kingdom,63.26
110400,S653,Streaming subscription,4,2024-09-16,35.04,C83879,United Kingdom,140.16
110392,S880,Streaming subscription,3,2024-09-16,26.03,C63508,Germany,78.09
110381,S349,Streaming subscription,5,2024-09-16,14.58,C84843,France,72.9
110361,S138,Streaming subscription,4,2024-09-16,15.21,C77773,Australia,60.84
110379,S539,Streaming subscription,1,2024-09-16,19.18,C31191,France,19.18
110380,S620,Streaming subscription,-2,2024-09-16,23.3,C22423,France,-46.6
110362,S491,Streaming subscription,3,2024-09-16,21.01,C85825,Australia,63.03
110363,S457,Streaming subscription,5,2024-09-16,23.33,C95264,Australia,116.64999999999999
110364,S429,Streaming subscription,3,2024-09-16,23.88,C55018,Australia,71.64
110365,S334,Streaming subscription,2,2024-09-16,16.56,C48710,Australia,33.12
110367,S943,Streaming subscription,3,2024-09-16,23.88,C28059,Australia,71.64
110368,S426,Streaming subscription,4,2024-09-16,20.2,C23653,Australia,80.8
110369,S518,Streaming subscription,3,2024-09-16,16.69,C34647,Canada,50.07000000000001
110366,S389,Streaming subscription,4,2024-09-16,19.46,C70154,Australia,77.84
110371,S934,Streaming subscription,2,2024-09-16,21.68,C41536,Canada,43.36
110372,S887,Streaming subscription,1,2024-09-16,14.52,C20252,Canada,14.52
110373,S585,Streaming subscription,2,2024-09-16,14.83,C33214,Canada,29.66
110374,S562,Streaming subscription,3,2024-09-16,17.07,C81464,Canada,51.21
110375,S141,Streaming subscription,2,2024-09-16,21.05,C95637,Canada,42.1
110376,S441,Streaming subscription,5,2024-09-16,14.57,C11892,Canada,72.85
110377,S463,Streaming subscription,3,2024-09-16,18.5,C95114,France,55.5
110370,S892,Streaming subscription,5,2024-09-16,12.87,C88740,Canada,64.35
110378,S396,Streaming subscription,2,2024-09-16,17.46,C94394,France,34.92
110429,S976,Streaming subscription,4,2024-09-17,23.17,C34227,Germany,92.68
110428,S630,Streaming subscription,1,2024-09-17,25.03,C10545,Germany,25.03
110427,S407,Streaming subscription,4,2024-09-17,22.85,C36323,Germany,91.4
110423,S201,Streaming subscription,2,2024-09-17,22.25,C45976,France,44.5
110425,S145,Streaming subscription,2,2024-09-17,23.84,C15549,Germany,47.68
110424,S246,Streaming subscription,1,2024-09-17,24.32,C30150,France,24.32
110430,S632,Streaming subscription,5,2024-09-17,31.37,C22559,Germany,156.85
110426,S920,Streaming subscription,1,2024-09-17,24.53,C47707,Germany,24.53
110431,S674,Streaming subscription,4,2024-09-17,23.11,C69048,Germany,92.44
110440,S526,Streaming subscription,4,2024-09-17,30.31,C50618,United Kingdom,121.24
110433,S408,Streaming subscription,1,2024-09-17,28.23,C13340,United Kingdom,28.23
110434,S126,Streaming subscription,5,2024-09-17,24.54,C24075,United Kingdom,122.69999999999999
110435,S899,Streaming subscription,5,2024-09-17,24.17,C46056,United Kingdom,120.85000000000001
110436,S428,Streaming subscription,3,2024-09-17,29.2,C36942,United Kingdom,87.6
110437,S171,Streaming subscription,4,2024-09-17,35.45,C35762,United Kingdom,141.8
110438,S659,Streaming subscription,3,2024-09-17,25.34,C47726,United Kingdom,76.02
110439,S497,Streaming subscription,5,2024-09-17,29.98,C90402,United Kingdom,149.9
110422,S303,Streaming subscription,4,2024-09-17,20.91,C77738,France,83.64
110432,S850,Streaming subscription,1,2024-09-17,24.56,C68905,Germany,24.56
110421,S401,Streaming subscription,4,2024-09-17,19.17,C77243,France,76.68
110401,S270,Streaming subscription,2,2024-09-17,17.64,C65518,Australia,35.28
110419,S439,Streaming subscription,4,2024-09-17,21.26,C59489,France,85.04
110402,S432,Streaming subscription,2,2024-09-17,22.75,C85355,Australia,45.5
110403,S706,Streaming subscription,3,2024-09-17,20.05,C49588,Australia,60.150000000000006
110404,S858,Streaming subscription,4,2024-09-17,24.74,C72112,Australia,98.96
110405,S934,Streaming subscription,4,2024-09-17,17.77,C22520,Australia,71.08
110406,S450,Streaming subscription,5,2024-09-17,17.29,C55266,Australia,86.44999999999999
110407,S833,Streaming subscription,3,2024-09-17,19.29,C50533,Australia,57.87
110408,S846,Streaming subscription,3,2024-09-17,18.23,C58558,Australia,54.69
110409,S471,Streaming subscription,5,2024-09-17,9.45,C38747,Canada,47.25
110420,S543,Streaming subscription,2,2024-09-17,22.68,C79500,France,45.36
110411,S645,Streaming subscription,3,2024-09-17,17.94,C82052,Canada,53.82000000000001
110412,S819,Streaming subscription,3,2024-09-17,14.11,C21743,Canada,42.33
110413,S915,Streaming subscription,4,2024-09-17,16.51,C22329,Canada,66.04
110414,S130,Streaming subscription,5,2024-09-17,16.56,C25904,Canada,82.8
110415,S938,Streaming subscription,2,2024-09-17,17.11,C67090,Canada,34.22
110416,S126,Streaming subscription,4,2024-09-17,10.58,C85338,Canada,42.32
110417,S135,Streaming subscription,2,2024-09-17,19.29,C40430,France,38.58
110418,S930,Streaming subscription,1,2024-09-17,22.64,C11608,France,22.64
110410,S918,Streaming subscription,2,2024-09-17,13.62,C89228,Canada,27.24
110468,S297,Streaming subscription,2,2024-09-18,17.69,C26887,Germany,35.38
110467,S820,Streaming subscription,3,2024-09-18,29.7,C94475,Germany,89.1
110463,S396,Streaming subscription,3,2024-09-18,29.46,C20211,France,88.38
110465,S473,Streaming subscription,3,2024-09-18,27.78,C18629,Germany,83.34
110464,S155,Streaming subscription,3,2024-09-18,29.38,C32206,France,88.14
110469,S838,Streaming subscription,2,2024-09-18,22.93,C61497,Germany,45.86
110466,S331,Streaming subscription,4,2024-09-18,25.52,C83320,Germany,102.08
110470,S801,Streaming subscription,3,2024-09-18,19.4,C96608,Germany,58.199999999999996
110475,S424,Streaming subscription,2,2024-09-18,29.01,C52555,United Kingdom,58.02
110472,S693,Streaming subscription,3,2024-09-18,27.7,C10767,Germany,83.1
110473,S263,Streaming subscription,5,2024-09-18,34.46,C66392,United Kingdom,172.3
110474,S567,Streaming subscription,5,2024-09-18,29.31,C64662,United Kingdom,146.54999999999998
110476,S505,Streaming subscription,4,2024-09-18,32.51,C10311,United Kingdom,130.04
110477,S573,Streaming subscription,2,2024-09-18,28.2,C80987,United Kingdom,56.4
110478,S754,Streaming subscription,5,2024-09-18,25.86,C10141,United Kingdom,129.3
110479,S982,Streaming subscription,2,2024-09-18,29.37,C50121,United Kingdom,58.74
110462,S593,Streaming subscription,4,2024-09-18,23.07,C58437,France,92.28
110471,S988,Streaming subscription,-1,2024-09-18,29.49,C85295,Germany,-29.49
110480,S739,Streaming subscription,5,2024-09-18,39.38,C36464,United Kingdom,196.9
110461,S222,Streaming subscription,4,2024-09-18,24.1,C94924,France,96.4
110459,S498,Streaming subscription,2,2024-09-18,19.08,C90043,France,38.16
110460,S700,Streaming subscription,4,2024-09-18,18.84,C77128,France,75.36
110441,S914,Streaming subscription,4,2024-09-18,20.68,C69090,Australia,82.72
110442,S476,Streaming subscription,1,2024-09-18,15.95,C90502,Australia,15.95
110443,S897,Streaming subscription,5,2024-09-18,16.08,C69923,Australia,80.39999999999999
110444,S916,Streaming subscription,5,2024-09-18,15.52,C29100,Australia,77.6
110446,S369,Streaming subscription,3,2024-09-18,14.69,C36242,Australia,44.07
110447,S595,Streaming subscription,4,2024-09-18,20.28,C14512,Australia,81.12
110448,S842,Streaming subscription,1,2024-09-18,18.95,C27413,Australia,18.95
110449,S901,Streaming subscription,3,2024-09-18,18.66,C97357,Canada,55.980000000000004
110445,S948,Streaming subscription,2,2024-09-18,13.64,C90670,Australia,27.28
110451,S223,Streaming subscription,1,2024-09-18,15.16,C45308,Canada,15.16
110450,S608,Streaming subscription,3,2024-09-18,16.08,C76719,Canada,48.239999999999995
110457,S995,Streaming subscription,2,2024-09-18,28.88,C39346,France,57.76
110456,S284,Streaming subscription,-2,2024-09-18,10.48,C63603,Canada,-20.96
110455,S571,Streaming subscription,4,2024-09-18,21.73,C83396,Canada,86.92
110458,S127,Streaming subscription,4,2024-09-18,22.58,C53788,France,90.32
110453,S239,Streaming subscription,2,2024-09-18,20.25,C50085,Canada,40.5
110452,S833,Streaming subscription,3,2024-09-18,19.78,C57442,Canada,59.34
110454,S371,Streaming subscription,3,2024-09-18,21.1,C73121,Canada,63.300000000000004
110510,S625,Streaming subscription,3,2024-09-19,21.96,C68123,Germany,65.88
110503,S567,Streaming subscription,1,2024-09-19,22.88,C72289,France,22.88
110504,S474,Streaming subscription,5,2024-09-19,30.43,C37310,France,152.15
110505,S160,Streaming subscription,5,2024-09-19,25.07,C54562,Germany,125.35
110506,S890,Streaming subscription,4,2024-09-19,28.28,C27726,Germany,113.12
110507,S377,Streaming subscription,4,2024-09-19,18.91,C25310,Germany,75.64
110508,S914,Streaming subscription,4,2024-09-19,25.85,C41728,Germany,103.4
110509,S347,Streaming subscription,4,2024-09-19,26.77,C39953,Germany,107.08
110511,S372,Streaming subscription,2,2024-09-19,26.04,C90638,Germany,52.08
110502,S167,Streaming subscription,-2,2024-09-19,23.81,C79953,France,-47.62
110513,S780,Streaming subscription,1,2024-09-19,20.32,C33949,United Kingdom,20.32
110514,S460,Streaming subscription,1,2024-09-19,25.27,C72528,United Kingdom,25.27
110515,S388,Streaming subscription,2,2024-09-19,23.5,C37528,United Kingdom,47.0
110516,S724,Streaming subscription,2,2024-09-19,32.82,C30427,United Kingdom,65.64
110517,S742,Streaming subscription,5,2024-09-19,26.61,C38852,United Kingdom,133.05
110518,S808,Streaming subscription,2,2024-09-19,30.11,C46876,United Kingdom,60.22
110519,S512,Streaming subscription,5,2024-09-19,32.11,C28394,United Kingdom,160.55
110520,S550,Streaming subscription,5,2024-09-19,28.01,C84838,United Kingdom,140.05
110512,S810,Streaming subscription,3,2024-09-19,25.06,C46330,Germany,75.17999999999999
110501,S144,Streaming subscription,2,2024-09-19,24.87,C76554,France,49.74
110500,S414,Streaming subscription,4,2024-09-19,20.41,C67737,France,81.64
110499,S917,Streaming subscription,4,2024-09-19,22.24,C53884,France,88.96
110481,S607,Streaming subscription,5,2024-09-19,23.25,C87891,Australia,116.25
110482,S188,Streaming subscription,4,2024-09-19,18.76,C72321,Australia,75.04
110483,S628,Streaming subscription,2,2024-09-19,20.61,C24447,Australia,41.22
110484,S854,Streaming subscription,4,2024-09-19,26.84,C28887,Australia,107.36
110485,S857,Streaming subscription,5,2024-09-19,21.99,C87687,Australia,109.94999999999999
110487,S450,Streaming subscription,3,2024-09-19,12.88,C43761,Australia,38.64
110488,S396,Streaming subscription,1,2024-09-19,24.01,C69823,Australia,24.01
110489,S492,Streaming subscription,5,2024-09-19,19.05,C75640,Canada,95.25
110486,S424,Streaming subscription,5,2024-09-19,16.72,C66772,Australia,83.6
110491,S489,Streaming subscription,2,2024-09-19,14.81,C13743,Canada,29.62
110490,S145,Streaming subscription,1,2024-09-19,18.5,C61355,Canada,18.5
110497,S838,Streaming subscription,1,2024-09-19,26.39,C65912,France,26.39
110496,S459,Streaming subscription,4,2024-09-19,26.16,C80535,Canada,104.64
110495,S239,Streaming subscription,2,2024-09-19,12.55,C14048,Canada,25.1
110498,S713,Streaming subscription,4,2024-09-19,23.38,C20559,France,93.52
110493,S333,Streaming subscription,5,2024-09-19,18.49,C90067,Canada,92.44999999999999
110492,S417,Streaming subscription,4,2024-09-19,19.31,C30393,Canada,77.24
110494,S162,Streaming subscription,3,2024-09-19,19.77,C44484,Canada,59.31
110550,S692,Streaming subscription,1,2024-09-20,25.47,C34491,Germany,25.47
110543,S249,Streaming subscription,5,2024-09-20,24.25,C70872,France,121.25
110544,S859,Streaming subscription,3,2024-09-20,23.76,C70060,France,71.28
110545,S278,Streaming subscription,5,2024-09-20,21.92,C80998,Germany,109.60000000000001
110546,S618,Streaming subscription,2,2024-09-20,25.28,C74358,Germany,50.56
110547,S352,Streaming subscription,4,2024-09-20,21.37,C89224,Germany,85.48
110548,S108,Streaming subscription,1,2024-09-20,22.3,C13133,Germany,22.3
110549,S327,Streaming subscription,5,2024-09-20,18.91,C21487,Germany,94.55
110551,S281,Streaming subscription,3,2024-09-20,27.47,C90954,Germany,82.41
110560,S989,Streaming subscription,1,2024-09-20,22.64,C16026,United Kingdom,22.64
110553,S953,Streaming subscription,4,2024-09-20,28.62,C92041,United Kingdom,114.48
110554,S885,Streaming subscription,1,2024-09-20,31.12,C25906,United Kingdom,31.12
110555,S565,Streaming subscription,4,2024-09-20,33.37,C22586,United Kingdom,133.48
110556,S636,Streaming subscription,3,2024-09-20,21.78,C16426,United Kingdom,65.34
110557,S525,Streaming subscription,5,2024-09-20,34.09,C15291,United Kingdom,170.45000000000002
110558,S280,Streaming subscription,4,2024-09-20,20.26,C15293,United Kingdom,81.04
110559,S485,Streaming subscription,1,2024-09-20,27.25,C63812,United Kingdom,27.25
110542,S760,Streaming subscription,5,2024-09-20,17.14,C81360,France,85.7
110552,S748,Streaming subscription,3,2024-09-20,23.96,C75147,Germany,71.88
110541,S633,Streaming subscription,2,2024-09-20,21.8,C85847,France,43.6
110540,S579,Streaming subscription,1,2024-09-20,22.58,C70824,France,22.58
110539,S786,Streaming subscription,2,2024-09-20,17.07,C25160,France,34.14
110522,S640,Streaming subscription,4,2024-09-20,20.26,C92186,Australia,81.04
110523,S471,Streaming subscription,5,2024-09-20,22.42,C30955,Australia,112.10000000000001
110524,S635,Streaming subscription,3,2024-09-20,23.04,C48540,Australia,69.12
110525,S919,Streaming subscription,1,2024-09-20,18.82,C43211,Australia,18.82
110526,S700,Streaming subscription,4,2024-09-20,18.94,C40015,Australia,75.76
110527,S850,Streaming subscription,2,2024-09-20,18.25,C83510,Australia,36.5
110528,S840,Streaming subscription,2,2024-09-20,15.5,C66290,Australia,31.0
110529,S950,Streaming subscription,2,2024-09-20,22.73,C35676,Canada,45.46
110521,S286,Streaming subscription,2,2024-09-20,21.23,C57738,Australia,42.46
110531,S429,Streaming subscription,3,2024-09-20,16.49,C69599,Canada,49.47
110532,S491,Streaming subscription,1,2024-09-20,7.87,C16932,Canada,7.87
110533,S637,Streaming subscription,1,2024-09-20,16.03,C36056,Canada,16.03
110534,S193,Streaming subscription,2,2024-09-20,18.15,C99151,Canada,36.3
110535,S708,Streaming subscription,4,2024-09-20,18.22,C69108,Canada,72.88
110536,S310,Streaming subscription,5,2024-09-20,16.19,C32214,Canada,80.95
110537,S544,Streaming subscription,1,2024-09-20,19.43,C27852,France,19.43
110538,S404,Streaming subscription,5,2024-09-20,20.46,C16871,France,102.30000000000001
110530,S278,Streaming subscription,1,2024-09-20,15.83,C71298,Canada,15.83
110588,S970,Streaming subscription,-2,2024-09-21,20.33,C68030,Germany,-40.66
110587,S562,Streaming subscription,1,2024-09-21,21.81,C61683,Germany,21.81
110583,S722,Streaming subscription,5,2024-09-21,15.99,C28011,France,79.95
110585,S242,Streaming subscription,5,2024-09-21,27.19,C21606,Germany,135.95000000000002
110584,S933,Streaming subscription,2,2024-09-21,19.79,C51548,France,39.58
110589,S794,Streaming subscription,5,2024-09-21,28.15,C63805,Germany,140.75
110586,S497,Streaming subscription,5,2024-09-21,20.93,C78381,Germany,104.65
110590,S975,Streaming subscription,5,2024-09-21,22.37,C86526,Germany,111.85000000000001
110595,S619,Streaming subscription,4,2024-09-21,28.28,C84219,United Kingdom,113.12
110592,S749,Streaming subscription,3,2024-09-21,21.68,C47971,Germany,65.03999999999999
110593,S158,Streaming subscription,3,2024-09-21,29.8,C46006,United Kingdom,89.4
110594,S610,Streaming subscription,3,2024-09-21,24.44,C10202,United Kingdom,73.32000000000001
110596,S907,Streaming subscription,2,2024-09-21,18.42,C81068,United Kingdom,36.84
110597,S373,Streaming subscription,4,2024-09-21,18.07,C58543,United Kingdom,72.28
110598,S917,Streaming subscription,5,2024-09-21,25.25,C75427,United Kingdom,126.25
110599,S383,Streaming subscription,3,2024-09-21,21.57,C30199,United Kingdom,64.71000000000001
110582,S521,Streaming subscription,4,2024-09-21,16.77,C34906,France,67.08
110591,S593,Streaming subscription,1,2024-09-21,20.8,C81973,Germany,20.8
110581,S357,Streaming subscription,2,2024-09-21,13.54,C77107,France,27.08
110600,S751,Streaming subscription,3,2024-09-21,32.63,C74297,United Kingdom,97.89000000000001
110579,S417,Streaming subscription,5,2024-09-21,19.16,C78238,France,95.8
110561,S932,Streaming subscription,2,2024-09-21,15.2,C80044,Australia,30.4
110562,S640,Streaming subscription,2,2024-09-21,19.51,C18806,Australia,39.02
110563,S980,Streaming subscription,5,2024-09-21,21.81,C73885,Australia,109.05
110564,S533,Streaming subscription,1,2024-09-21,15.19,C47048,Australia,15.19
110565,S511,Streaming subscription,1,2024-09-21,22.53,C91160,Australia,22.53
110566,S768,Streaming subscription,2,2024-09-21,13.06,C92342,Australia,26.12
110567,S291,Streaming subscription,4,2024-09-21,15.21,C57046,Australia,60.84
110568,S626,Streaming subscription,4,2024-09-21,17.12,C76875,Australia,68.48
110569,S465,Streaming subscription,2,2024-09-21,10.9,C29458,Canada,21.8
110580,S694,Streaming subscription,1,2024-09-21,14.19,C66033,France,14.19
110571,S711,Streaming subscription,5,2024-09-21,16.83,C50767,Canada,84.14999999999999
110572,S413,Streaming subscription,2,2024-09-21,13.5,C67680,Canada,27.0
110573,S538,Streaming subscription,1,2024-09-21,13.49,C67117,Canada,13.49
110574,S423,Streaming subscription,5,2024-09-21,10.51,C24996,Canada,52.55
110575,S486,Streaming subscription,3,2024-09-21,18.3,C82944,Canada,54.900000000000006
110576,S187,Streaming subscription,4,2024-09-21,12.96,C62446,Canada,51.84
110577,S217,Streaming subscription,2,2024-09-21,23.04,C53805,France,46.08
110578,S209,Streaming subscription,2,2024-09-21,19.3,C87954,France,38.6
110570,S877,Streaming subscription,1,2024-09-21,12.06,C29407,Canada,12.06
110628,S922,Streaming subscription,5,2024-09-22,17.04,C36807,Germany,85.19999999999999
110627,S935,Streaming subscription,4,2024-09-22,22.62,C48889,Germany,90.48
110623,S757,Streaming subscription,3,2024-09-22,21.74,C88703,France,65.22
110625,S819,Streaming subscription,3,2024-09-22,20.19,C42654,Germany,60.57000000000001
110624,S246,Streaming subscription,3,2024-09-22,13.36,C13533,France,40.08
110629,S371,Streaming subscription,4,2024-09-22,23.75,C94122,Germany,95.0
110626,S966,Streaming subscription,4,2024-09-22,26.46,C66317,Germany,105.84
110630,S151,Streaming subscription,3,2024-09-22,15.56,C51660,Germany,46.68
110635,S708,Streaming subscription,3,2024-09-22,24.1,C11429,United Kingdom,72.30000000000001
110632,S994,Streaming subscription,4,2024-09-22,18.74,C45551,Germany,74.96
110633,S563,Streaming subscription,2,2024-09-22,22.63,C11805,United Kingdom,45.26
110634,S736,Streaming subscription,-1,2024-09-22,26.79,C37131,United Kingdom,-26.79
110636,S994,Streaming subscription,1,2024-09-22,22.86,C21355,United Kingdom,22.86
110637,S524,Streaming subscription,3,2024-09-22,25.32,C13142,United Kingdom,75.96000000000001
110638,S916,Streaming subscription,4,2024-09-22,24.28,C93796,United Kingdom,97.12
110639,S807,Streaming subscription,3,2024-09-22,32.55,C77486,United Kingdom,97.64999999999999
110622,S864,Streaming subscription,2,2024-09-22,19.52,C89971,France,39.04
110631,S822,Streaming subscription,3,2024-09-22,23.2,C94361,Germany,69.6
110621,S808,Streaming subscription,4,2024-09-22,17.8,C18418,France,71.2
110640,S826,Streaming subscription,1,2024-09-22,24.64,C99190,United Kingdom,24.64
110619,S830,Streaming subscription,2,2024-09-22,15.0,C96573,France,30.0
110601,S905,Streaming subscription,2,2024-09-22,16.15,C73334,Australia,32.3
110602,S734,Streaming subscription,4,2024-09-22,19.85,C76433,Australia,79.4
110603,S200,Streaming subscription,3,2024-09-22,16.85,C15648,Australia,50.550000000000004
110604,S729,Streaming subscription,2,2024-09-22,15.87,C34200,Australia,31.74
110605,S647,Streaming subscription,5,2024-09-22,14.38,C63744,Australia,71.9
110606,S899,Streaming subscription,3,2024-09-22,21.72,C41482,Australia,65.16
110607,S278,Streaming subscription,2,2024-09-22,14.87,C58438,Australia,29.74
110608,S823,Streaming subscription,-1,2024-09-22,12.47,C18226,Australia,-12.47
110609,S510,Streaming subscription,4,2024-09-22,15.82,C71286,Canada,63.28
110620,S644,Streaming subscription,3,2024-09-22,16.21,C44126,France,48.63
110611,S575,Streaming subscription,1,2024-09-22,16.22,C41768,Canada,16.22
110612,S681,Streaming subscription,1,2024-09-22,11.46,C78149,Canada,11.46
110613,S987,Streaming subscription,5,2024-09-22,11.38,C11231,Canada,56.900000000000006
110614,S565,Streaming subscription,2,2024-09-22,18.68,C46022,Canada,37.36
110615,S559,Streaming subscription,2,2024-09-22,14.97,C39250,Canada,29.94
110616,S560,Streaming subscription,4,2024-09-22,13.76,C55185,Canada,55.04
110617,S179,Streaming subscription,4,2024-09-22,13.19,C87675,France,52.76
110618,S871,Streaming subscription,2,2024-09-22,18.2,C76598,France,36.4
110610,S144,Streaming subscription,1,2024-09-22,15.24,C77446,Canada,15.24
110668,S255,Streaming subscription,2,2024-09-23,21.61,C19348,Germany,43.22
110667,S156,Streaming subscription,4,2024-09-23,24.84,C81526,Germany,99.36
110666,S124,Streaming subscription,2,2024-09-23,21.01,C80666,Germany,42.02
110662,S984,Streaming subscription,2,2024-09-23,19.85,C15583,France,39.7
110664,S911,Streaming subscription,5,2024-09-23,23.61,C14509,France,118.05
110663,S450,Streaming subscription,1,2024-09-23,20.97,C10560,France,20.97
110669,S825,Streaming subscription,3,2024-09-23,28.49,C17080,Germany,85.47
110665,S595,Streaming subscription,2,2024-09-23,24.1,C40572,Germany,48.2
110670,S660,Streaming subscription,5,2024-09-23,20.45,C40241,Germany,102.25
110674,S113,Streaming subscription,3,2024-09-23,33.94,C86973,United Kingdom,101.82
110672,S112,Streaming subscription,4,2024-09-23,23.97,C79024,Germany,95.88
110673,S318,Streaming subscription,2,2024-09-23,27.33,C21152,United Kingdom,54.66
110675,S844,Streaming subscription,2,2024-09-23,26.49,C69002,United Kingdom,52.98
110676,S750,Streaming subscription,4,2024-09-23,29.94,C35175,United Kingdom,119.76
110677,S751,Streaming subscription,3,2024-09-23,38.91,C90429,United Kingdom,116.72999999999999
110678,S668,Streaming subscription,2,2024-09-23,27.04,C11397,United Kingdom,54.08
110679,S202,Streaming subscription,4,2024-09-23,28.86,C36878,United Kingdom,115.44
110661,S105,Streaming subscription,1,2024-09-23,23.01,C91224,France,23.01
110671,S558,Streaming subscription,4,2024-09-23,23.21,C50382,Germany,92.84
110680,S963,Streaming subscription,4,2024-09-23,30.69,C12889,United Kingdom,122.76
110660,S122,Streaming subscription,2,2024-09-23,16.02,C64710,France,32.04
110658,S838,Streaming subscription,1,2024-09-23,20.78,C71180,France,20.78
110659,S370,Streaming subscription,3,2024-09-23,18.34,C52560,France,55.019999999999996
110641,S955,Streaming subscription,5,2024-09-23,16.99,C29665,Australia,84.94999999999999
110642,S178,Streaming subscription,4,2024-09-23,17.3,C39254,Australia,69.2
110643,S458,Streaming subscription,1,2024-09-23,16.31,C50103,Australia,16.31
110644,S912,Streaming subscription,4,2024-09-23,17.99,C29725,Australia,71.96
110646,S169,Streaming subscription,3,2024-09-23,14.27,C55541,Australia,42.81
110647,S557,Streaming subscription,3,2024-09-23,24.15,C19810,Australia,72.44999999999999
110648,S258,Streaming subscription,4,2024-09-23,18.4,C41326,Australia,73.6
110645,S710,Streaming subscription,4,2024-09-23,25.46,C13223,Australia,101.84
110650,S730,Streaming subscription,3,2024-09-23,16.81,C40511,Canada,50.42999999999999
110649,S488,Streaming subscription,5,2024-09-23,21.89,C96349,Canada,109.45
110656,S864,Streaming subscription,5,2024-09-23,11.65,C57311,Canada,58.25
110655,S268,Streaming subscription,-2,2024-09-23,18.42,C91016,Canada,-36.84
110654,S330,Streaming subscription,3,2024-09-23,18.29,C81914,Canada,54.87
110657,S169,Streaming subscription,5,2024-09-23,23.92,C65304,France,119.60000000000001
110652,S495,Streaming subscription,4,2024-09-23,23.26,C76000,Canada,93.04
110651,S686,Streaming subscription,-2,2024-09-23,18.55,C17814,Canada,-37.1
110653,S663,Streaming subscription,1,2024-09-23,22.55,C81688,Canada,22.55
110710,S520,Streaming subscription,4,2024-09-24,23.27,C30028,Germany,93.08
110704,S365,Streaming subscription,3,2024-09-24,26.26,C35780,France,78.78
110705,S925,Streaming subscription,3,2024-09-24,28.42,C62559,Germany,85.26
110706,S492,Streaming subscription,5,2024-09-24,27.25,C84078,Germany,136.25
110707,S316,Streaming subscription,3,2024-09-24,27.97,C29989,Germany,83.91
110708,S787,Streaming subscription,3,2024-09-24,22.99,C32841,Germany,68.97
110709,S187,Streaming subscription,2,2024-09-24,28.87,C28996,Germany,57.74
110711,S260,Streaming subscription,1,2024-09-24,29.53,C44814,Germany,29.53
110703,S857,Streaming subscription,2,2024-09-24,25.87,C70108,France,51.74
110713,S234,Streaming subscription,2,2024-09-24,28.29,C11844,United Kingdom,56.58
110714,S876,Streaming subscription,2,2024-09-24,35.17,C72380,United Kingdom,70.34
110715,S189,Streaming subscription,1,2024-09-24,38.39,C15383,United Kingdom,38.39
110716,S972,Streaming subscription,3,2024-09-24,32.91,C92994,United Kingdom,98.72999999999999
110717,S436,Streaming subscription,3,2024-09-24,22.8,C96896,United Kingdom,68.4
110718,S618,Streaming subscription,1,2024-09-24,24.59,C81859,United Kingdom,24.59
110719,S304,Streaming subscription,1,2024-09-24,28.26,C54297,United Kingdom,28.26
110720,S839,Streaming subscription,3,2024-09-24,32.75,C99629,United Kingdom,98.25
110712,S938,Streaming subscription,2,2024-09-24,23.97,C68494,Germany,47.94
110702,S177,Streaming subscription,2,2024-09-24,21.94,C58102,France,43.88
110701,S167,Streaming subscription,5,2024-09-24,31.82,C37800,France,159.1
110681,S761,Streaming subscription,3,2024-09-24,20.19,C80342,Australia,60.57000000000001
110700,S534,Streaming subscription,2,2024-09-24,22.52,C76369,France,45.04
110682,S445,Streaming subscription,2,2024-09-24,27.23,C37500,Australia,54.46
110683,S250,Streaming subscription,1,2024-09-24,21.9,C35181,Australia,21.9
110684,S501,Streaming subscription,2,2024-09-24,21.13,C15639,Australia,42.26
110685,S678,Streaming subscription,5,2024-09-24,14.92,C41029,Australia,74.6
110687,S172,Streaming subscription,4,2024-09-24,22.08,C35123,Australia,88.32
110688,S964,Streaming subscription,3,2024-09-24,23.0,C37880,Australia,69.0
110689,S728,Streaming subscription,3,2024-09-24,20.16,C72832,Canada,60.480000000000004
110690,S681,Streaming subscription,1,2024-09-24,11.3,C41259,Canada,11.3
110686,S113,Streaming subscription,4,2024-09-24,24.76,C48725,Australia,99.04
110692,S727,Streaming subscription,4,2024-09-24,17.8,C63542,Canada,71.2
110693,S660,Streaming subscription,4,2024-09-24,15.7,C73329,Canada,62.8
110694,S333,Streaming subscription,3,2024-09-24,17.26,C55921,Canada,51.78
110695,S444,Streaming subscription,3,2024-09-24,17.73,C59652,Canada,53.19
110696,S126,Streaming subscription,3,2024-09-24,11.56,C74248,Canada,34.68
110697,S574,Streaming subscription,2,2024-09-24,23.52,C85418,France,47.04
110698,S637,Streaming subscription,1,2024-09-24,21.5,C56350,France,21.5
110691,S655,Streaming subscription,5,2024-09-24,14.86,C17753,Canada,74.3
110699,S161,Streaming subscription,1,2024-09-24,20.21,C78223,France,20.21
110750,S570,Streaming subscription,3,2024-09-25,28.33,C31575,Germany,84.99
110749,S138,Streaming subscription,3,2024-09-25,26.03,C61262,Germany,78.09
110748,S615,Streaming subscription,3,2024-09-25,22.01,C40415,Germany,66.03
110744,S913,Streaming subscription,2,2024-09-25,24.05,C12224,France,48.1
110746,S988,Streaming subscription,2,2024-09-25,24.33,C45466,Germany,48.66
110745,S757,Streaming subscription,3,2024-09-25,26.86,C80108,Germany,80.58
110751,S559,Streaming subscription,2,2024-09-25,22.35,C69650,Germany,44.7
110747,S913,Streaming subscription,1,2024-09-25,21.04,C69630,Germany,21.04
110752,S280,Streaming subscription,4,2024-09-25,24.98,C56093,Germany,99.92
110740,S427,Streaming subscription,2,2024-09-25,27.95,C56682,France,55.9
110754,S873,Streaming subscription,2,2024-09-25,39.3,C34343,United Kingdom,78.6
110755,S850,Streaming subscription,5,2024-09-25,29.65,C50434,United Kingdom,148.25
110756,S831,Streaming subscription,1,2024-09-25,35.08,C33599,United Kingdom,35.08
110757,S561,Streaming subscription,3,2024-09-25,35.4,C89048,United Kingdom,106.19999999999999
110758,S114,Streaming subscription,2,2024-09-25,22.75,C53986,United Kingdom,45.5
110759,S481,Streaming subscription,1,2024-09-25,21.91,C56921,United Kingdom,21.91
110760,S197,Streaming subscription,2,2024-09-25,30.47,C52427,United Kingdom,60.94
110743,S886,Streaming subscription,4,2024-09-25,19.01,C44035,France,76.04
110753,S244,Streaming subscription,1,2024-09-25,23.35,C93816,United Kingdom,23.35
110742,S622,Streaming subscription,2,2024-09-25,18.93,C13995,France,37.86
110734,S349,Streaming subscription,5,2024-09-25,18.42,C26019,Canada,92.10000000000001
110727,S193,Streaming subscription,3,2024-09-25,23.31,C91000,Australia,69.92999999999999
110721,S699,Streaming subscription,3,2024-09-25,19.28,C93630,Australia,57.84
110722,S367,Streaming subscription,2,2024-09-25,17.99,C12391,Australia,35.98
110723,S966,Streaming subscription,4,2024-09-25,19.74,C58040,Australia,78.96
110724,S955,Streaming subscription,4,2024-09-25,25.36,C22314,Australia,101.44
110725,S357,Streaming subscription,3,2024-09-25,17.75,C19051,Australia,53.25
110726,S567,Streaming subscription,1,2024-09-25,25.98,C98200,Australia,25.98
110741,S709,Streaming subscription,3,2024-09-25,17.53,C22360,France,52.59
110728,S759,Streaming subscription,4,2024-09-25,21.17,C85940,Australia,84.68
110729,S540,Streaming subscription,4,2024-09-25,10.82,C88468,Canada,43.28
110730,S146,Streaming subscription,1,2024-09-25,10.12,C59729,Canada,10.12
110731,S170,Streaming subscription,2,2024-09-25,18.82,C71766,Canada,37.64
110732,S819,Streaming subscription,5,2024-09-25,21.58,C95659,Canada,107.89999999999999
110733,S435,Streaming subscription,4,2024-09-25,22.25,C79777,Canada,89.0
110735,S272,Streaming subscription,1,2024-09-25,16.61,C44619,Canada,16.61
110736,S388,Streaming subscription,2,2024-09-25,16.95,C91866,Canada,33.9
110737,S779,Streaming subscription,-1,2024-09-25,22.87,C98786,France,-22.87
110738,S469,Streaming subscription,1,2024-09-25,19.59,C21161,France,19.59
110739,S192,Streaming subscription,2,2024-09-25,27.69,C41879,France,55.38
110788,S749,Streaming subscription,5,2024-09-26,27.27,C66912,Germany,136.35
110787,S834,Streaming subscription,-1,2024-09-26,30.72,C40122,Germany,-30.72
110786,S220,Streaming subscription,4,2024-09-26,23.47,C16003,Germany,93.88
110783,S576,Streaming subscription,1,2024-09-26,20.75,C22494,France,20.75
110784,S758,Streaming subscription,2,2024-09-26,19.09,C63662,France,38.18
110789,S428,Streaming subscription,3,2024-09-26,25.6,C45730,Germany,76.80000000000001
110785,S456,Streaming subscription,2,2024-09-26,22.11,C46472,Germany,44.22
110790,S846,Streaming subscription,5,2024-09-26,28.59,C69221,Germany,142.95
110800,S856,Streaming subscription,1,2024-09-26,17.73,C16922,United Kingdom,17.73
110792,S600,Streaming subscription,4,2024-09-26,22.84,C88192,Germany,91.36
110793,S765,Streaming subscription,3,2024-09-26,26.26,C84905,United Kingdom,78.78
110794,S867,Streaming subscription,2,2024-09-26,33.81,C74119,United Kingdom,67.62
110796,S795,Streaming subscription,4,2024-09-26,29.44,C29334,United Kingdom,117.76
110797,S801,Streaming subscription,2,2024-09-26,33.02,C63454,United Kingdom,66.04
110798,S580,Streaming subscription,5,2024-09-26,30.04,C29341,United Kingdom,150.2
110799,S424,Streaming subscription,4,2024-09-26,25.93,C95336,United Kingdom,103.72
110782,S950,Streaming subscription,4,2024-09-26,19.13,C79000,France,76.52
110791,S340,Streaming subscription,1,2024-09-26,26.36,C82780,Germany,26.36
110781,S355,Streaming subscription,2,2024-09-26,21.81,C42173,France,43.62
110795,S299,Streaming subscription,1,2024-09-26,21.29,C51484,United Kingdom,21.29
110779,S828,Streaming subscription,1,2024-09-26,20.69,C90650,France,20.69
110780,S474,Streaming subscription,2,2024-09-26,22.37,C19261,France,44.74
110762,S464,Streaming subscription,3,2024-09-26,26.15,C76210,Australia,78.44999999999999
110763,S162,Streaming subscription,4,2024-09-26,23.15,C68682,Australia,92.6
110764,S253,Streaming subscription,2,2024-09-26,20.47,C39519,Australia,40.94
110765,S366,Streaming subscription,5,2024-09-26,24.19,C25623,Australia,120.95
110766,S913,Streaming subscription,3,2024-09-26,24.73,C78901,Australia,74.19
110767,S187,Streaming subscription,2,2024-09-26,17.03,C23829,Australia,34.06
110768,S594,Streaming subscription,3,2024-09-26,22.02,C28765,Australia,66.06
110769,S715,Streaming subscription,4,2024-09-26,12.55,C86740,Canada,50.2
110761,S216,Streaming subscription,2,2024-09-26,17.77,C83107,Australia,35.54
110771,S360,Streaming subscription,2,2024-09-26,13.01,C76264,Canada,26.02
110770,S864,Streaming subscription,3,2024-09-26,17.45,C37974,Canada,52.349999999999994
110777,S362,Streaming subscription,3,2024-09-26,23.76,C33777,France,71.28
110776,S956,Streaming subscription,2,2024-09-26,20.26,C49302,Canada,40.52
110775,S202,Streaming subscription,4,2024-09-26,22.62,C59509,Canada,90.48
110778,S637,Streaming subscription,2,2024-09-26,21.21,C40884,France,42.42
110773,S839,Streaming subscription,2,2024-09-26,10.73,C38283,Canada,21.46
110772,S164,Streaming subscription,3,2024-09-26,20.8,C31628,Canada,62.400000000000006
110774,S862,Streaming subscription,3,2024-09-26,17.36,C87188,Canada,52.08
110840,S337,Streaming subscription,1,2024-09-27,33.06,C46727,United Kingdom,33.06
110823,S604,Streaming subscription,1,2024-09-27,21.21,C32774,France,21.21
110824,S743,Streaming subscription,3,2024-09-27,23.12,C97843,France,69.36
110825,S387,Streaming subscription,2,2024-09-27,25.38,C45990,Germany,50.76
110826,S798,Streaming subscription,-2,2024-09-27,25.72,C24977,Germany,-51.44
110827,S800,Streaming subscription,1,2024-09-27,26.31,C24553,Germany,26.31
110828,S556,Streaming subscription,2,2024-09-27,25.94,C47882,Germany,51.88
110829,S224,Streaming subscription,3,2024-09-27,27.44,C75564,Germany,82.32000000000001
110830,S145,Streaming subscription,2,2024-09-27,23.81,C58061,Germany,47.62
110832,S809,Streaming subscription,-1,2024-09-27,20.18,C84424,Germany,-20.18
110833,S583,Streaming subscription,3,2024-09-27,27.57,C56855,United Kingdom,82.71000000000001
110834,S970,Streaming subscription,1,2024-09-27,25.98,C90284,United Kingdom,25.98
110836,S389,Streaming subscription,3,2024-09-27,31.49,C23269,United Kingdom,94.47
110837,S828,Streaming subscription,1,2024-09-27,26.29,C20528,United Kingdom,26.29
110838,S309,Streaming subscription,1,2024-09-27,28.94,C35594,United Kingdom,28.94
110839,S389,Streaming subscription,-2,2024-09-27,32.96,C62907,United Kingdom,-65.92
110822,S385,Streaming subscription,1,2024-09-27,24.79,C50213,France,24.79
110831,S503,Streaming subscription,5,2024-09-27,27.95,C36016,Germany,139.75
110821,S656,Streaming subscription,4,2024-09-27,22.2,C27822,France,88.8
110835,S730,Streaming subscription,4,2024-09-27,32.0,C84842,United Kingdom,128.0
110819,S553,Streaming subscription,1,2024-09-27,25.57,C19369,France,25.57
110820,S790,Streaming subscription,2,2024-09-27,17.37,C55730,France,34.74
110801,S124,Streaming subscription,2,2024-09-27,22.63,C27823,Australia,45.26
110802,S547,Streaming subscription,4,2024-09-27,27.78,C79232,Australia,111.12
110803,S914,Streaming subscription,5,2024-09-27,19.91,C82638,Australia,99.55
110804,S447,Streaming subscription,1,2024-09-27,17.3,C28110,Australia,17.3
110805,S244,Streaming subscription,5,2024-09-27,20.45,C62274,Australia,102.25
110807,S633,Streaming subscription,5,2024-09-27,21.05,C50396,Australia,105.25
110808,S740,Streaming subscription,3,2024-09-27,24.42,C66973,Australia,73.26
110809,S941,Streaming subscription,2,2024-09-27,20.89,C67422,Canada,41.78
110806,S754,Streaming subscription,5,2024-09-27,23.08,C16133,Australia,115.39999999999999
110811,S542,Streaming subscription,3,2024-09-27,19.26,C82627,Canada,57.78
110812,S697,Streaming subscription,1,2024-09-27,16.1,C80200,Canada,16.1
110813,S326,Streaming subscription,2,2024-09-27,16.22,C29524,Canada,32.44
110814,S894,Streaming subscription,1,2024-09-27,18.03,C81209,Canada,18.03
110815,S391,Streaming subscription,1,2024-09-27,11.16,C62141,Canada,11.16
110816,S269,Streaming subscription,1,2024-09-27,25.06,C86455,Canada,25.06
110817,S235,Streaming subscription,2,2024-09-27,24.3,C50608,France,48.6
110810,S997,Streaming subscription,3,2024-09-27,21.29,C61315,Canada,63.87
110818,S966,Streaming subscription,2,2024-09-27,18.41,C91660,France,36.82
110868,S816,Streaming subscription,5,2024-09-28,25.3,C61941,Germany,126.5
110867,S670,Streaming subscription,2,2024-09-28,23.16,C86006,Germany,46.32
110866,S273,Streaming subscription,5,2024-09-28,19.77,C99058,Germany,98.85
110863,S328,Streaming subscription,4,2024-09-28,20.69,C75107,France,82.76
110864,S183,Streaming subscription,1,2024-09-28,17.39,C59342,France,17.39
110869,S629,Streaming subscription,5,2024-09-28,17.15,C79948,Germany,85.75
110865,S768,Streaming subscription,4,2024-09-28,18.79,C47787,Germany,75.16
110870,S702,Streaming subscription,4,2024-09-28,24.73,C34095,Germany,98.92
110880,S802,Streaming subscription,3,2024-09-28,29.15,C42745,United Kingdom,87.44999999999999
110872,S829,Streaming subscription,3,2024-09-28,18.26,C48854,Germany,54.78
110873,S493,Streaming subscription,4,2024-09-28,34.06,C61823,United Kingdom,136.24
110874,S345,Streaming subscription,5,2024-09-28,24.58,C23703,United Kingdom,122.89999999999999
110875,S945,Streaming subscription,5,2024-09-28,24.54,C95720,United Kingdom,122.69999999999999
110876,S841,Streaming subscription,2,2024-09-28,27.25,C11837,United Kingdom,54.5
110877,S564,Streaming subscription,5,2024-09-28,26.14,C28279,United Kingdom,130.7
110878,S209,Streaming subscription,5,2024-09-28,32.05,C16258,United Kingdom,160.25
110879,S879,Streaming subscription,4,2024-09-28,19.8,C18549,United Kingdom,79.2
110862,S457,Streaming subscription,2,2024-09-28,20.37,C44663,France,40.74
110871,S596,Streaming subscription,-2,2024-09-28,20.43,C18341,Germany,-40.86
110861,S535,Streaming subscription,2,2024-09-28,21.83,C37648,France,43.66
110855,S919,Streaming subscription,4,2024-09-28,17.54,C20540,Canada,70.16
110859,S619,Streaming subscription,4,2024-09-28,21.22,C32752,France,84.88
110841,S267,Streaming subscription,4,2024-09-28,23.1,C79546,Australia,92.4
110842,S676,Streaming subscription,2,2024-09-28,15.78,C17296,Australia,31.56
110843,S660,Streaming subscription,3,2024-09-28,13.16,C43717,Australia,39.480000000000004
110844,S988,Streaming subscription,4,2024-09-28,21.15,C14648,Australia,84.6
110860,S523,Streaming subscription,4,2024-09-28,20.74,C76028,France,82.96
110846,S102,Streaming subscription,3,2024-09-28,25.35,C14996,Australia,76.05000000000001
110847,S506,Streaming subscription,5,2024-09-28,20.94,C95569,Australia,104.7
110848,S160,Streaming subscription,3,2024-09-28,18.72,C16028,Australia,56.16
110845,S240,Streaming subscription,3,2024-09-28,19.74,C67338,Australia,59.22
110850,S677,Streaming subscription,1,2024-09-28,8.5,C64598,Canada,8.5
110851,S117,Streaming subscription,1,2024-09-28,19.31,C77632,Canada,19.31
110852,S664,Streaming subscription,1,2024-09-28,6.11,C53258,Canada,6.11
110853,S821,Streaming subscription,4,2024-09-28,15.66,C21197,Canada,62.64
110854,S518,Streaming subscription,3,2024-09-28,15.7,C72607,Canada,47.099999999999994
110856,S408,Streaming subscription,5,2024-09-28,11.84,C98636,Canada,59.2
110857,S464,Streaming subscription,2,2024-09-28,18.41,C29110,France,36.82
110858,S175,Streaming subscription,5,2024-09-28,19.46,C10621,France,97.30000000000001
110849,S658,Streaming subscription,3,2024-09-28,14.36,C10377,Canada,43.08
110909,S827,Streaming subscription,1,2024-09-29,21.47,C72374,Germany,21.47
110908,S553,Streaming subscription,2,2024-09-29,19.84,C75496,Germany,39.68
110907,S666,Streaming subscription,1,2024-09-29,25.94,C46203,Germany,25.94
110910,S587,Streaming subscription,4,2024-09-29,20.86,C69396,Germany,83.44
110905,S264,Streaming subscription,2,2024-09-29,24.11,C41069,Germany,48.22
110904,S787,Streaming subscription,5,2024-09-29,18.46,C80161,France,92.30000000000001
110903,S472,Streaming subscription,3,2024-09-29,16.14,C32158,France,48.42
110906,S660,Streaming subscription,5,2024-09-29,21.25,C34929,Germany,106.25
110911,S271,Streaming subscription,-2,2024-09-29,21.08,C31326,Germany,-42.16
110902,S395,Streaming subscription,5,2024-09-29,19.19,C51195,France,95.95
110913,S240,Streaming subscription,3,2024-09-29,28.52,C80867,United Kingdom,85.56
110914,S952,Streaming subscription,4,2024-09-29,26.32,C23840,United Kingdom,105.28
110915,S551,Streaming subscription,-2,2024-09-29,23.89,C88990,United Kingdom,-47.78
110916,S125,Streaming subscription,4,2024-09-29,30.51,C30964,United Kingdom,122.04
110917,S207,Streaming subscription,2,2024-09-29,29.4,C11272,United Kingdom,58.8
110918,S469,Streaming subscription,5,2024-09-29,21.04,C49165,United Kingdom,105.19999999999999
110919,S820,Streaming subscription,4,2024-09-29,30.91,C25524,United Kingdom,123.64
110920,S814,Streaming subscription,2,2024-09-29,22.54,C92392,United Kingdom,45.08
110912,S847,Streaming subscription,3,2024-09-29,21.94,C81380,Germany,65.82000000000001
110901,S439,Streaming subscription,1,2024-09-29,21.16,C10161,France,21.16
110900,S438,Streaming subscription,5,2024-09-29,21.27,C75685,France,106.35
110899,S827,Streaming subscription,4,2024-09-29,17.92,C85730,France,71.68
110882,S876,Streaming subscription,2,2024-09-29,12.46,C77635,Australia,24.92
110883,S852,Streaming subscription,2,2024-09-29,23.47,C18299,Australia,46.94
110884,S821,Streaming subscription,1,2024-09-29,16.41,C15076,Australia,16.41
110885,S953,Streaming subscription,5,2024-09-29,16.25,C21118,Australia,81.25
110886,S273,Streaming subscription,5,2024-09-29,14.9,C18188,Australia,74.5
110887,S460,Streaming subscription,2,2024-09-29,19.67,C84523,Australia,39.34
110888,S898,Streaming subscription,2,2024-09-29,14.37,C99836,Australia,28.74
110889,S203,Streaming subscription,3,2024-09-29,18.35,C76201,Canada,55.050000000000004
110881,S526,Streaming subscription,2,2024-09-29,22.4,C77636,Australia,44.8
110891,S998,Streaming subscription,5,2024-09-29,18.3,C45728,Canada,91.5
110892,S487,Streaming subscription,2,2024-09-29,15.09,C74830,Canada,30.18
110893,S236,Streaming subscription,2,2024-09-29,15.87,C44466,Canada,31.74
110894,S892,Streaming subscription,4,2024-09-29,11.49,C56862,Canada,45.96
110895,S385,Streaming subscription,5,2024-09-29,13.06,C29271,Canada,65.3
110896,S880,Streaming subscription,1,2024-09-29,10.29,C20010,Canada,10.29
110897,S299,Streaming subscription,5,2024-09-29,20.26,C93652,France,101.30000000000001
110898,S306,Streaming subscription,1,2024-09-29,18.99,C42053,France,18.99
110890,S248,Streaming subscription,4,2024-09-29,7.88,C19119,Canada,31.52
110949,S591,Streaming subscription,2,2024-09-30,26.51,C25268,Germany,53.02
110948,S499,Streaming subscription,2,2024-09-30,26.25,C49499,Germany,52.5
110944,S420,Streaming subscription,1,2024-09-30,22.83,C37530,France,22.83
110946,S629,Streaming subscription,5,2024-09-30,20.46,C68933,Germany,102.30000000000001
110945,S970,Streaming subscription,5,2024-09-30,28.62,C54710,Germany,143.1
110950,S118,Streaming subscription,4,2024-09-30,21.47,C79956,Germany,85.88
110947,S887,Streaming subscription,5,2024-09-30,25.55,C98936,Germany,127.75
110951,S762,Streaming subscription,4,2024-09-30,23.92,C33819,Germany,95.68
110956,S201,Streaming subscription,2,2024-09-30,29.83,C44007,United Kingdom,59.66
110953,S938,Streaming subscription,3,2024-09-30,33.38,C90703,United Kingdom,100.14000000000001
110954,S210,Streaming subscription,5,2024-09-30,32.33,C60682,United Kingdom,161.64999999999998
110955,S168,Streaming subscription,5,2024-09-30,30.64,C96570,United Kingdom,153.2
110957,S986,Streaming subscription,2,2024-09-30,25.28,C91438,United Kingdom,50.56
110958,S214,Streaming subscription,4,2024-09-30,27.75,C46970,United Kingdom,111.0
110959,S282,Streaming subscription,3,2024-09-30,27.74,C54655,United Kingdom,83.22
110960,S969,Streaming subscription,4,2024-09-30,30.35,C25586,United Kingdom,121.4
110943,S823,Streaming subscription,1,2024-09-30,20.27,C16759,France,20.27
110952,S143,Streaming subscription,4,2024-09-30,25.63,C52330,Germany,102.52
110942,S370,Streaming subscription,5,2024-09-30,26.0,C91976,France,130.0
110941,S232,Streaming subscription,1,2024-09-30,19.85,C11955,France,19.85
110921,S336,Streaming subscription,3,2024-09-30,21.03,C24861,Australia,63.09
110940,S379,Streaming subscription,2,2024-09-30,30.25,C35839,France,60.5
110922,S435,Streaming subscription,3,2024-09-30,19.45,C63589,Australia,58.349999999999994
110923,S278,Streaming subscription,1,2024-09-30,21.22,C67059,Australia,21.22
110924,S897,Streaming subscription,5,2024-09-30,24.01,C10504,Australia,120.05000000000001
110925,S240,Streaming subscription,2,2024-09-30,28.91,C47790,Australia,57.82
110927,S156,Streaming subscription,4,2024-09-30,13.72,C20386,Australia,54.88
110928,S888,Streaming subscription,3,2024-09-30,18.98,C32648,Australia,56.94
110929,S843,Streaming subscription,4,2024-09-30,18.26,C61249,Canada,73.04
110930,S954,Streaming subscription,5,2024-09-30,16.12,C26026,Canada,80.60000000000001
110926,S243,Streaming subscription,1,2024-09-30,27.06,C78268,Australia,27.06
110932,S216,Streaming subscription,5,2024-09-30,19.95,C72947,Canada,99.75
110931,S965,Streaming subscription,3,2024-09-30,18.42,C37854,Canada,55.260000000000005
110938,S174,Streaming subscription,1,2024-09-30,23.63,C90215,France,23.63
110937,S577,Streaming subscription,4,2024-09-30,17.57,C55993,France,70.28
110936,S997,Streaming subscription,4,2024-09-30,19.07,C81096,Canada,76.28
110939,S856,Streaming subscription,4,2024-09-30,22.4,C76009,France,89.6
110934,S623,Streaming subscription,4,2024-09-30,18.42,C41626,Canada,73.68
110933,S732,Streaming subscription,-1,2024-09-30,18.91,C61580,Canada,-18.91
110935,S260,Streaming subscription,5,2024-09-30,15.37,C23126,Canada,76.85
110990,S546,Streaming subscription,3,2024-10-01,32.57,C26595,Germany,97.71000000000001
110983,S997,Streaming subscription,5,2024-10-01,18.23,C37535,France,91.15
110984,S174,Streaming subscription,1,2024-10-01,18.6,C39955,France,18.6
110985,S359,Streaming subscription,5,2024-10-01,25.27,C68602,Germany,126.35
110986,S656,Streaming subscription,2,2024-10-01,27.44,C46114,Germany,54.88
110987,S509,Streaming subscription,1,2024-10-01,25.11,C79984,Germany,25.11
110988,S202,Streaming subscription,2,2024-10-01,25.04,C21365,Germany,50.08
110989,S282,Streaming subscription,4,2024-10-01,24.44,C54574,Germany,97.76
110991,S623,Streaming subscription,1,2024-10-01,24.75,C49516,Germany,24.75
110982,S395,Streaming subscription,3,2024-10-01,28.35,C67839,France,85.05000000000001
110993,S164,Streaming subscription,4,2024-10-01,28.72,C11193,United Kingdom,114.88
110994,S322,Streaming subscription,5,2024-10-01,27.77,C32933,United Kingdom,138.85
110995,S408,Streaming subscription,1,2024-10-01,31.9,C51434,United Kingdom,31.9
110996,S104,Streaming subscription,2,2024-10-01,26.78,C92554,United Kingdom,53.56
110997,S450,Streaming subscription,2,2024-10-01,28.26,C79112,United Kingdom,56.52
110998,S502,Streaming subscription,2,2024-10-01,31.07,C86883,United Kingdom,62.14
110999,S415,Streaming subscription,5,2024-10-01,25.29,C71128,United Kingdom,126.44999999999999
111000,S466,Streaming subscription,3,2024-10-01,34.72,C25195,United Kingdom,104.16
110992,S618,Streaming subscription,5,2024-10-01,26.51,C86620,Germany,132.55
110981,S645,Streaming subscription,4,2024-10-01,21.14,C39183,France,84.56
110961,S182,Streaming subscription,4,2024-10-01,15.44,C27040,Australia,61.76
110979,S349,Streaming subscription,1,2024-10-01,19.12,C92965,France,19.12
110980,S804,Streaming subscription,5,2024-10-01,15.74,C42262,France,78.7
110962,S270,Streaming subscription,5,2024-10-01,24.57,C55761,Australia,122.85
110963,S173,Streaming subscription,5,2024-10-01,11.37,C99818,Australia,56.849999999999994
110964,S142,Streaming subscription,1,2024-10-01,21.33,C87432,Australia,21.33
110965,S590,Streaming subscription,5,2024-10-01,19.65,C97551,Australia,98.25
110967,S898,Streaming subscription,5,2024-10-01,17.13,C20213,Australia,85.64999999999999
110968,S425,Streaming subscription,1,2024-10-01,21.56,C13005,Australia,21.56
110969,S863,Streaming subscription,2,2024-10-01,15.62,C71004,Canada,31.24
110966,S947,Streaming subscription,1,2024-10-01,23.72,C52607,Australia,23.72
110971,S307,Streaming subscription,5,2024-10-01,16.42,C71536,Canada,82.10000000000001
110972,S540,Streaming subscription,5,2024-10-01,22.74,C53106,Canada,113.69999999999999
110973,S758,Streaming subscription,1,2024-10-01,16.65,C97244,Canada,16.65
110974,S486,Streaming subscription,2,2024-10-01,20.27,C90459,Canada,40.54
110975,S437,Streaming subscription,3,2024-10-01,13.66,C94788,Canada,40.980000000000004
110976,S857,Streaming subscription,3,2024-10-01,20.21,C81502,Canada,60.63
110977,S444,Streaming subscription,5,2024-10-01,13.79,C34567,France,68.94999999999999
110970,S208,Streaming subscription,4,2024-10-01,19.72,C53817,Canada,78.88
110978,S843,Streaming subscription,5,2024-10-01,22.16,C63365,France,110.8
111029,S264,Streaming subscription,2,2024-10-02,27.5,C17580,Germany,55.0
111028,S207,Streaming subscription,3,2024-10-02,21.32,C33848,Germany,63.96
111027,S683,Streaming subscription,4,2024-10-02,24.84,C56677,Germany,99.36
111023,S349,Streaming subscription,1,2024-10-02,25.76,C14619,France,25.76
111025,S600,Streaming subscription,2,2024-10-02,22.0,C38667,Germany,44.0
111024,S563,Streaming subscription,5,2024-10-02,25.65,C40987,France,128.25
111030,S807,Streaming subscription,1,2024-10-02,29.35,C12196,Germany,29.35
111026,S533,Streaming subscription,3,2024-10-02,32.26,C79980,Germany,96.78
111031,S128,Streaming subscription,2,2024-10-02,30.36,C35832,Germany,60.72
111040,S158,Streaming subscription,1,2024-10-02,29.42,C15868,United Kingdom,29.42
111033,S538,Streaming subscription,3,2024-10-02,31.45,C72806,United Kingdom,94.35
111034,S891,Streaming subscription,4,2024-10-02,25.8,C82905,United Kingdom,103.2
111035,S897,Streaming subscription,5,2024-10-02,29.63,C53472,United Kingdom,148.15
111036,S167,Streaming subscription,5,2024-10-02,27.77,C47857,United Kingdom,138.85
111037,S279,Streaming subscription,2,2024-10-02,30.99,C54803,United Kingdom,61.98
111038,S931,Streaming subscription,2,2024-10-02,32.38,C42032,United Kingdom,64.76
111039,S565,Streaming subscription,5,2024-10-02,29.84,C49942,United Kingdom,149.2
111022,S237,Streaming subscription,3,2024-10-02,24.52,C57758,France,73.56
111032,S129,Streaming subscription,4,2024-10-02,27.37,C76480,Germany,109.48
111021,S474,Streaming subscription,4,2024-10-02,19.32,C42630,France,77.28
111001,S337,Streaming subscription,4,2024-10-02,18.77,C73620,Australia,75.08
111019,S515,Streaming subscription,4,2024-10-02,25.65,C78913,France,102.6
111002,S663,Streaming subscription,1,2024-10-02,18.33,C29952,Australia,18.33
111003,S690,Streaming subscription,1,2024-10-02,18.11,C65196,Australia,18.11
111004,S613,Streaming subscription,4,2024-10-02,20.16,C32141,Australia,80.64
111005,S824,Streaming subscription,3,2024-10-02,25.78,C21142,Australia,77.34
111006,S937,Streaming subscription,5,2024-10-02,22.77,C39349,Australia,113.85
111007,S212,Streaming subscription,4,2024-10-02,16.67,C19542,Australia,66.68
111008,S651,Streaming subscription,5,2024-10-02,17.88,C49560,Australia,89.39999999999999
111009,S875,Streaming subscription,4,2024-10-02,20.33,C98669,Canada,81.32
111020,S959,Streaming subscription,2,2024-10-02,22.65,C95462,France,45.3
111011,S115,Streaming subscription,5,2024-10-02,14.45,C49151,Canada,72.25
111012,S680,Streaming subscription,1,2024-10-02,7.64,C38007,Canada,7.64
111013,S160,Streaming subscription,2,2024-10-02,14.43,C37906,Canada,28.86
111014,S594,Streaming subscription,1,2024-10-02,16.19,C74719,Canada,16.19
111015,S105,Streaming subscription,5,2024-10-02,23.05,C54355,Canada,115.25
111016,S870,Streaming subscription,4,2024-10-02,18.73,C14137,Canada,74.92
111017,S757,Streaming subscription,1,2024-10-02,18.93,C20530,France,18.93
111018,S552,Streaming subscription,5,2024-10-02,22.4,C74384,France,112.0
111010,S599,Streaming subscription,4,2024-10-02,13.99,C73694,Canada,55.96
111068,S207,Streaming subscription,4,2024-10-03,29.63,C79886,Germany,118.52
111067,S317,Streaming subscription,3,2024-10-03,25.06,C55105,Germany,75.17999999999999
111063,S281,Streaming subscription,2,2024-10-03,26.66,C50577,France,53.32
111065,S161,Streaming subscription,4,2024-10-03,26.74,C53150,Germany,106.96
111064,S492,Streaming subscription,4,2024-10-03,23.11,C26491,France,92.44
111069,S981,Streaming subscription,5,2024-10-03,29.08,C90891,Germany,145.39999999999998
111066,S113,Streaming subscription,1,2024-10-03,25.46,C73873,Germany,25.46
111070,S556,Streaming subscription,1,2024-10-03,14.5,C32851,Germany,14.5
111075,S567,Streaming subscription,2,2024-10-03,25.98,C30720,United Kingdom,51.96
111072,S392,Streaming subscription,5,2024-10-03,24.07,C65559,Germany,120.35
111073,S655,Streaming subscription,4,2024-10-03,30.78,C14617,United Kingdom,123.12
111074,S567,Streaming subscription,4,2024-10-03,25.97,C94571,United Kingdom,103.88
111076,S604,Streaming subscription,4,2024-10-03,29.04,C92307,United Kingdom,116.16
111077,S706,Streaming subscription,5,2024-10-03,30.83,C43534,United Kingdom,154.14999999999998
111078,S910,Streaming subscription,2,2024-10-03,27.91,C64365,United Kingdom,55.82
111079,S740,Streaming subscription,2,2024-10-03,23.46,C40793,United Kingdom,46.92
111062,S104,Streaming subscription,4,2024-10-03,24.01,C86874,France,96.04
111071,S668,Streaming subscription,4,2024-10-03,28.69,C32735,Germany,114.76
111080,S574,Streaming subscription,4,2024-10-03,26.92,C34000,United Kingdom,107.68
111061,S865,Streaming subscription,2,2024-10-03,25.1,C81724,France,50.2
111059,S659,Streaming subscription,5,2024-10-03,20.87,C19726,France,104.35000000000001
111060,S247,Streaming subscription,5,2024-10-03,23.24,C71263,France,116.19999999999999
111041,S692,Streaming subscription,4,2024-10-03,21.18,C62832,Australia,84.72
111042,S940,Streaming subscription,2,2024-10-03,8.72,C64173,Australia,17.44
111043,S528,Streaming subscription,2,2024-10-03,22.88,C74980,Australia,45.76
111044,S557,Streaming subscription,-2,2024-10-03,20.73,C16071,Australia,-41.46
111046,S970,Streaming subscription,3,2024-10-03,15.65,C18355,Australia,46.95
111047,S299,Streaming subscription,2,2024-10-03,22.94,C45652,Australia,45.88
111048,S798,Streaming subscription,1,2024-10-03,18.0,C64304,Australia,18.0
111049,S321,Streaming subscription,1,2024-10-03,14.52,C83355,Canada,14.52
111045,S128,Streaming subscription,5,2024-10-03,21.47,C63174,Australia,107.35
111051,S176,Streaming subscription,1,2024-10-03,21.9,C50176,Canada,21.9
111050,S673,Streaming subscription,3,2024-10-03,11.57,C27626,Canada,34.71
111057,S954,Streaming subscription,1,2024-10-03,19.61,C41505,France,19.61
111056,S642,Streaming subscription,2,2024-10-03,10.76,C90676,Canada,21.52
111055,S413,Streaming subscription,4,2024-10-03,16.07,C65690,Canada,64.28
111058,S705,Streaming subscription,5,2024-10-03,23.32,C46144,France,116.6
111053,S741,Streaming subscription,1,2024-10-03,20.34,C57398,Canada,20.34
111052,S321,Streaming subscription,2,2024-10-03,17.19,C86414,Canada,34.38
111054,S243,Streaming subscription,3,2024-10-03,18.24,C88723,Canada,54.72
111110,S909,Streaming subscription,5,2024-10-04,19.22,C16822,Germany,96.1
111103,S581,Streaming subscription,5,2024-10-04,15.5,C87868,France,77.5
111104,S343,Streaming subscription,4,2024-10-04,24.7,C67289,France,98.8
111105,S148,Streaming subscription,3,2024-10-04,30.19,C69536,Germany,90.57000000000001
111106,S626,Streaming subscription,3,2024-10-04,25.61,C55024,Germany,76.83
111107,S136,Streaming subscription,2,2024-10-04,26.94,C39465,Germany,53.88
111108,S985,Streaming subscription,4,2024-10-04,26.56,C55040,Germany,106.24
111109,S783,Streaming subscription,5,2024-10-04,18.89,C21223,Germany,94.45
111111,S576,Streaming subscription,5,2024-10-04,27.04,C71127,Germany,135.2
111102,S266,Streaming subscription,4,2024-10-04,25.94,C85528,France,103.76
111113,S923,Streaming subscription,5,2024-10-04,28.79,C40792,United Kingdom,143.95
111114,S952,Streaming subscription,2,2024-10-04,27.84,C13515,United Kingdom,55.68
111115,S355,Streaming subscription,2,2024-10-04,35.09,C48424,United Kingdom,70.18
111116,S311,Streaming subscription,4,2024-10-04,22.72,C18711,United Kingdom,90.88
111117,S456,Streaming subscription,2,2024-10-04,29.09,C87908,United Kingdom,58.18
111118,S670,Streaming subscription,2,2024-10-04,33.71,C32741,United Kingdom,67.42
111119,S507,Streaming subscription,3,2024-10-04,27.76,C91483,United Kingdom,83.28
111120,S124,Streaming subscription,3,2024-10-04,29.92,C74833,United Kingdom,89.76
111112,S750,Streaming subscription,4,2024-10-04,30.85,C32243,Germany,123.4
111101,S994,Streaming subscription,5,2024-10-04,25.52,C18834,France,127.6
111100,S317,Streaming subscription,5,2024-10-04,30.59,C81899,France,152.95
111099,S663,Streaming subscription,4,2024-10-04,18.95,C31361,France,75.8
111081,S696,Streaming subscription,3,2024-10-04,14.0,C84380,Australia,42.0
111082,S703,Streaming subscription,3,2024-10-04,21.4,C95752,Australia,64.19999999999999
111083,S741,Streaming subscription,1,2024-10-04,18.19,C38426,Australia,18.19
111084,S238,Streaming subscription,1,2024-10-04,21.14,C98419,Australia,21.14
111085,S502,Streaming subscription,1,2024-10-04,24.16,C57753,Australia,24.16
111087,S277,Streaming subscription,4,2024-10-04,17.99,C39825,Australia,71.96
111088,S537,Streaming subscription,5,2024-10-04,19.44,C85859,Australia,97.2
111089,S988,Streaming subscription,4,2024-10-04,22.98,C89396,Canada,91.92
111086,S448,Streaming subscription,2,2024-10-04,19.0,C31436,Australia,38.0
111091,S941,Streaming subscription,2,2024-10-04,13.83,C33035,Canada,27.66
111090,S210,Streaming subscription,5,2024-10-04,13.11,C17572,Canada,65.55
111097,S406,Streaming subscription,4,2024-10-04,21.82,C36830,France,87.28
111096,S567,Streaming subscription,3,2024-10-04,16.13,C73479,Canada,48.39
111095,S369,Streaming subscription,2,2024-10-04,15.94,C46061,Canada,31.88
111098,S888,Streaming subscription,1,2024-10-04,18.07,C77331,France,18.07
111093,S413,Streaming subscription,4,2024-10-04,13.47,C94723,Canada,53.88
111092,S739,Streaming subscription,4,2024-10-04,19.1,C50156,Canada,76.4
111094,S299,Streaming subscription,5,2024-10-04,16.1,C35061,Canada,80.5
111150,S365,Streaming subscription,-1,2024-10-05,19.24,C56725,Germany,-19.24
111143,S188,Streaming subscription,2,2024-10-05,17.75,C44745,France,35.5
111144,S305,Streaming subscription,-1,2024-10-05,16.62,C44711,France,-16.62
111145,S271,Streaming subscription,1,2024-10-05,17.99,C12788,Germany,17.99
111146,S831,Streaming subscription,5,2024-10-05,16.08,C97046,Germany,80.39999999999999
111147,S382,Streaming subscription,5,2024-10-05,25.61,C88339,Germany,128.05
111148,S850,Streaming subscription,2,2024-10-05,22.58,C15704,Germany,45.16
111149,S854,Streaming subscription,3,2024-10-05,26.22,C17557,Germany,78.66
111151,S427,Streaming subscription,4,2024-10-05,18.34,C93635,Germany,73.36
111160,S589,Streaming subscription,4,2024-10-05,17.24,C81906,United Kingdom,68.96
111153,S294,Streaming subscription,4,2024-10-05,23.13,C39129,United Kingdom,92.52
111154,S210,Streaming subscription,4,2024-10-05,20.48,C43522,United Kingdom,81.92
111155,S900,Streaming subscription,4,2024-10-05,21.86,C32468,United Kingdom,87.44
111156,S922,Streaming subscription,3,2024-10-05,26.52,C61513,United Kingdom,79.56
111157,S244,Streaming subscription,3,2024-10-05,27.64,C14917,United Kingdom,82.92
111158,S397,Streaming subscription,4,2024-10-05,26.64,C79028,United Kingdom,106.56
111159,S305,Streaming subscription,1,2024-10-05,30.32,C98621,United Kingdom,30.32
111142,S809,Streaming subscription,5,2024-10-05,15.03,C41137,France,75.14999999999999
111152,S801,Streaming subscription,-1,2024-10-05,21.73,C79991,Germany,-21.73
111141,S934,Streaming subscription,4,2024-10-05,19.14,C27112,France,76.56
111140,S907,Streaming subscription,3,2024-10-05,20.96,C90712,France,62.88
111139,S209,Streaming subscription,5,2024-10-05,9.69,C91315,France,48.449999999999996
111122,S767,Streaming subscription,2,2024-10-05,15.98,C33613,Australia,31.96
111123,S106,Streaming subscription,5,2024-10-05,21.16,C68236,Australia,105.8
111124,S162,Streaming subscription,2,2024-10-05,14.79,C82103,Australia,29.58
111125,S887,Streaming subscription,5,2024-10-05,14.44,C55700,Australia,72.2
111126,S993,Streaming subscription,1,2024-10-05,16.31,C80043,Australia,16.31
111127,S550,Streaming subscription,3,2024-10-05,8.73,C13240,Australia,26.19
111128,S128,Streaming subscription,1,2024-10-05,15.96,C78939,Australia,15.96
111129,S453,Streaming subscription,2,2024-10-05,18.79,C13417,Canada,37.58
111121,S487,Streaming subscription,5,2024-10-05,22.16,C60785,Australia,110.8
111131,S521,Streaming subscription,2,2024-10-05,13.15,C11797,Canada,26.3
111132,S473,Streaming subscription,1,2024-10-05,22.73,C60538,Canada,22.73
111133,S480,Streaming subscription,5,2024-10-05,9.41,C10366,Canada,47.05
111134,S798,Streaming subscription,3,2024-10-05,14.39,C12990,Canada,43.17
111135,S884,Streaming subscription,5,2024-10-05,17.29,C90714,Canada,86.44999999999999
111136,S589,Streaming subscription,4,2024-10-05,8.16,C33051,Canada,32.64
111137,S453,Streaming subscription,5,2024-10-05,18.41,C45335,France,92.05
111138,S599,Streaming subscription,4,2024-10-05,24.17,C57971,France,96.68
111130,S698,Streaming subscription,5,2024-10-05,8.08,C87249,Canada,40.4
111188,S271,Streaming subscription,3,2024-10-06,22.74,C93116,Germany,68.22
111187,S829,Streaming subscription,2,2024-10-06,17.24,C31330,Germany,34.48
111183,S644,Streaming subscription,1,2024-10-06,23.41,C83487,France,23.41
111185,S274,Streaming subscription,4,2024-10-06,21.4,C49592,Germany,85.6
111184,S802,Streaming subscription,1,2024-10-06,14.92,C21088,France,14.92
111189,S584,Streaming subscription,4,2024-10-06,24.73,C74198,Germany,98.92
111186,S505,Streaming subscription,2,2024-10-06,19.8,C45207,Germany,39.6
111190,S309,Streaming subscription,5,2024-10-06,20.71,C82565,Germany,103.55000000000001
111195,S977,Streaming subscription,4,2024-10-06,16.54,C42475,United Kingdom,66.16
111192,S574,Streaming subscription,1,2024-10-06,18.84,C37264,Germany,18.84
111193,S422,Streaming subscription,1,2024-10-06,22.8,C77760,United Kingdom,22.8
111194,S761,Streaming subscription,5,2024-10-06,18.48,C96857,United Kingdom,92.4
111196,S856,Streaming subscription,5,2024-10-06,22.0,C88551,United Kingdom,110.0
111197,S256,Streaming subscription,5,2024-10-06,17.34,C57986,United Kingdom,86.7
111198,S362,Streaming subscription,5,2024-10-06,23.22,C48376,United Kingdom,116.1
111199,S560,Streaming subscription,2,2024-10-06,23.43,C44595,United Kingdom,46.86
111182,S887,Streaming subscription,-1,2024-10-06,13.83,C24549,France,-13.83
111191,S631,Streaming subscription,3,2024-10-06,22.41,C54965,Germany,67.23
111181,S802,Streaming subscription,4,2024-10-06,18.32,C69945,France,73.28
111200,S384,Streaming subscription,-2,2024-10-06,29.84,C95834,United Kingdom,-59.68
111179,S600,Streaming subscription,5,2024-10-06,14.29,C59279,France,71.44999999999999
111161,S909,Streaming subscription,2,2024-10-06,8.51,C84521,Australia,17.02
111162,S429,Streaming subscription,5,2024-10-06,15.86,C44960,Australia,79.3
111163,S181,Streaming subscription,4,2024-10-06,11.93,C39038,Australia,47.72
111164,S975,Streaming subscription,3,2024-10-06,11.94,C18822,Australia,35.82
111165,S652,Streaming subscription,4,2024-10-06,14.06,C41662,Australia,56.24
111166,S656,Streaming subscription,1,2024-10-06,18.57,C14670,Australia,18.57
111167,S166,Streaming subscription,3,2024-10-06,15.93,C64932,Australia,47.79
111168,S797,Streaming subscription,2,2024-10-06,17.91,C88482,Australia,35.82
111169,S579,Streaming subscription,1,2024-10-06,14.05,C73060,Canada,14.05
111180,S206,Streaming subscription,-2,2024-10-06,14.82,C80241,France,-29.64
111171,S702,Streaming subscription,5,2024-10-06,8.16,C21694,Canada,40.8
111172,S835,Streaming subscription,2,2024-10-06,14.38,C89421,Canada,28.76
111173,S924,Streaming subscription,3,2024-10-06,8.45,C19710,Canada,25.349999999999998
111174,S718,Streaming subscription,4,2024-10-06,10.84,C87243,Canada,43.36
111175,S384,Streaming subscription,2,2024-10-06,13.86,C58329,Canada,27.72
111176,S760,Streaming subscription,1,2024-10-06,11.99,C78398,Canada,11.99
111177,S527,Streaming subscription,4,2024-10-06,22.13,C37001,France,88.52
111178,S263,Streaming subscription,2,2024-10-06,16.1,C43487,France,32.2
111170,S444,Streaming subscription,5,2024-10-06,10.72,C57119,Canada,53.6
111228,S267,Streaming subscription,2,2024-10-07,23.56,C96329,Germany,47.12
111227,S781,Streaming subscription,1,2024-10-07,23.66,C85132,Germany,23.66
111223,S799,Streaming subscription,1,2024-10-07,24.49,C25551,France,24.49
111225,S567,Streaming subscription,3,2024-10-07,23.4,C33715,Germany,70.19999999999999
111224,S125,Streaming subscription,1,2024-10-07,16.2,C11552,France,16.2
111229,S476,Streaming subscription,2,2024-10-07,27.02,C92537,Germany,54.04
111226,S200,Streaming subscription,2,2024-10-07,23.06,C45820,Germany,46.12
111230,S642,Streaming subscription,5,2024-10-07,22.75,C27193,Germany,113.75
111235,S991,Streaming subscription,2,2024-10-07,29.24,C56856,United Kingdom,58.48
111232,S693,Streaming subscription,1,2024-10-07,26.9,C53428,Germany,26.9
111233,S789,Streaming subscription,4,2024-10-07,30.73,C64937,United Kingdom,122.92
111234,S897,Streaming subscription,4,2024-10-07,27.39,C82989,United Kingdom,109.56
111236,S339,Streaming subscription,5,2024-10-07,28.69,C77285,United Kingdom,143.45000000000002
111237,S841,Streaming subscription,1,2024-10-07,31.69,C71201,United Kingdom,31.69
111238,S613,Streaming subscription,2,2024-10-07,27.01,C77021,United Kingdom,54.02
111239,S865,Streaming subscription,3,2024-10-07,31.44,C48982,United Kingdom,94.32000000000001
111222,S916,Streaming subscription,3,2024-10-07,23.38,C64574,France,70.14
111231,S222,Streaming subscription,1,2024-10-07,28.24,C67799,Germany,28.24
111221,S806,Streaming subscription,2,2024-10-07,22.31,C22284,France,44.62
111240,S600,Streaming subscription,5,2024-10-07,23.36,C17393,United Kingdom,116.8
111219,S417,Streaming subscription,5,2024-10-07,26.81,C75929,France,134.04999999999998
111201,S313,Streaming subscription,1,2024-10-07,21.68,C52532,Australia,21.68
111202,S755,Streaming subscription,4,2024-10-07,29.14,C96993,Australia,116.56
111203,S140,Streaming subscription,1,2024-10-07,26.76,C49827,Australia,26.76
111204,S970,Streaming subscription,5,2024-10-07,12.94,C90925,Australia,64.7
111205,S746,Streaming subscription,1,2024-10-07,19.18,C51696,Australia,19.18
111206,S675,Streaming subscription,4,2024-10-07,23.69,C60149,Australia,94.76
111207,S850,Streaming subscription,2,2024-10-07,21.0,C60611,Australia,42.0
111208,S325,Streaming subscription,2,2024-10-07,21.65,C46544,Australia,43.3
111209,S667,Streaming subscription,3,2024-10-07,16.34,C99298,Canada,49.019999999999996
111220,S531,Streaming subscription,3,2024-10-07,16.59,C33048,France,49.769999999999996
111211,S668,Streaming subscription,4,2024-10-07,13.15,C92465,Canada,52.6
111212,S400,Streaming subscription,5,2024-10-07,15.68,C30346,Canada,78.4
111213,S607,Streaming subscription,4,2024-10-07,19.46,C10600,Canada,77.84
111214,S431,Streaming subscription,4,2024-10-07,18.55,C99779,Canada,74.2
111215,S824,Streaming subscription,2,2024-10-07,16.68,C12706,Canada,33.36
111216,S346,Streaming subscription,2,2024-10-07,9.57,C20162,Canada,19.14
111217,S487,Streaming subscription,3,2024-10-07,22.99,C50629,France,68.97
111218,S943,Streaming subscription,5,2024-10-07,13.28,C92185,France,66.39999999999999
111210,S333,Streaming subscription,2,2024-10-07,18.29,C99394,Canada,36.58
111268,S326,Streaming subscription,2,2024-10-08,16.95,C61589,Germany,33.9
111267,S223,Streaming subscription,1,2024-10-08,28.1,C25608,Germany,28.1
111266,S898,Streaming subscription,1,2024-10-08,26.62,C51775,Germany,26.62
111262,S199,Streaming subscription,3,2024-10-08,20.25,C38708,France,60.75
111264,S987,Streaming subscription,2,2024-10-08,21.97,C81928,France,43.94
111263,S985,Streaming subscription,2,2024-10-08,27.87,C93518,France,55.74
111269,S739,Streaming subscription,2,2024-10-08,24.52,C33719,Germany,49.04
111265,S712,Streaming subscription,4,2024-10-08,24.28,C43554,Germany,97.12
111270,S835,Streaming subscription,4,2024-10-08,24.87,C23409,Germany,99.48
111274,S175,Streaming subscription,1,2024-10-08,28.08,C24339,United Kingdom,28.08
111272,S225,Streaming subscription,4,2024-10-08,22.85,C74015,Germany,91.4
111273,S623,Streaming subscription,5,2024-10-08,20.34,C61009,United Kingdom,101.7
111275,S988,Streaming subscription,2,2024-10-08,32.65,C60978,United Kingdom,65.3
111276,S394,Streaming subscription,5,2024-10-08,26.7,C50546,United Kingdom,133.5
111277,S672,Streaming subscription,3,2024-10-08,22.37,C71895,United Kingdom,67.11
111278,S622,Streaming subscription,4,2024-10-08,28.42,C70926,United Kingdom,113.68
111279,S100,Streaming subscription,2,2024-10-08,26.66,C63071,United Kingdom,53.32
111261,S942,Streaming subscription,5,2024-10-08,18.1,C38287,France,90.5
111271,S411,Streaming subscription,5,2024-10-08,24.87,C61968,Germany,124.35000000000001
111280,S906,Streaming subscription,5,2024-10-08,28.02,C70678,United Kingdom,140.1
111260,S635,Streaming subscription,1,2024-10-08,15.96,C53181,France,15.96
111258,S221,Streaming subscription,-1,2024-10-08,27.25,C96134,France,-27.25
111259,S118,Streaming subscription,1,2024-10-08,17.98,C13482,France,17.98
111241,S709,Streaming subscription,3,2024-10-08,22.43,C96200,Australia,67.28999999999999
111242,S607,Streaming subscription,3,2024-10-08,16.72,C85011,Australia,50.16
111243,S454,Streaming subscription,1,2024-10-08,21.19,C22321,Australia,21.19
111244,S600,Streaming subscription,2,2024-10-08,18.78,C53197,Australia,37.56
111246,S514,Streaming subscription,1,2024-10-08,26.39,C99762,Australia,26.39
111247,S109,Streaming subscription,3,2024-10-08,19.06,C78682,Australia,57.17999999999999
111248,S838,Streaming subscription,1,2024-10-08,19.42,C65382,Australia,19.42
111245,S642,Streaming subscription,4,2024-10-08,15.98,C47230,Australia,63.92
111250,S985,Streaming subscription,3,2024-10-08,19.16,C40538,Canada,57.480000000000004
111249,S891,Streaming subscription,5,2024-10-08,15.45,C36488,Canada,77.25
111256,S658,Streaming subscription,2,2024-10-08,18.56,C99227,Canada,37.12
111255,S219,Streaming subscription,4,2024-10-08,10.31,C96596,Canada,41.24
111254,S590,Streaming subscription,1,2024-10-08,20.98,C18553,Canada,20.98
111257,S210,Streaming subscription,4,2024-10-08,17.67,C58422,France,70.68
111252,S903,Streaming subscription,2,2024-10-08,10.88,C91629,Canada,21.76
111251,S509,Streaming subscription,1,2024-10-08,14.69,C20413,Canada,14.69
111253,S808,Streaming subscription,3,2024-10-08,14.78,C26292,Canada,44.339999999999996
111310,S962,Streaming subscription,5,2024-10-09,20.85,C11437,Germany,104.25
111304,S131,Streaming subscription,3,2024-10-09,28.21,C62076,France,84.63
111305,S509,Streaming subscription,4,2024-10-09,19.47,C46623,Germany,77.88
111306,S598,Streaming subscription,3,2024-10-09,23.18,C59213,Germany,69.53999999999999
111307,S170,Streaming subscription,5,2024-10-09,17.78,C27120,Germany,88.9
111308,S726,Streaming subscription,4,2024-10-09,24.42,C27080,Germany,97.68
111309,S763,Streaming subscription,3,2024-10-09,19.36,C89159,Germany,58.08
111311,S270,Streaming subscription,4,2024-10-09,26.01,C19663,Germany,104.04
111303,S884,Streaming subscription,5,2024-10-09,18.37,C90407,France,91.85000000000001
111313,S118,Streaming subscription,2,2024-10-09,23.41,C26463,United Kingdom,46.82
111314,S359,Streaming subscription,4,2024-10-09,26.33,C90062,United Kingdom,105.32
111315,S517,Streaming subscription,1,2024-10-09,22.24,C54068,United Kingdom,22.24
111316,S229,Streaming subscription,1,2024-10-09,24.67,C68163,United Kingdom,24.67
111317,S165,Streaming subscription,1,2024-10-09,28.06,C17177,United Kingdom,28.06
111318,S371,Streaming subscription,4,2024-10-09,31.28,C33448,United Kingdom,125.12
111319,S815,Streaming subscription,2,2024-10-09,27.18,C24265,United Kingdom,54.36
111320,S493,Streaming subscription,3,2024-10-09,27.08,C72146,United Kingdom,81.24
111312,S108,Streaming subscription,5,2024-10-09,19.88,C32517,Germany,99.39999999999999
111302,S980,Streaming subscription,4,2024-10-09,18.43,C67389,France,73.72
111301,S845,Streaming subscription,2,2024-10-09,24.53,C15248,France,49.06
111300,S601,Streaming subscription,5,2024-10-09,16.04,C63239,France,80.19999999999999
111282,S253,Streaming subscription,5,2024-10-09,21.93,C53740,Australia,109.65
111283,S233,Streaming subscription,5,2024-10-09,17.56,C25032,Australia,87.8
111284,S317,Streaming subscription,3,2024-10-09,25.85,C35701,Australia,77.55000000000001
111285,S277,Streaming subscription,3,2024-10-09,14.45,C37226,Australia,43.349999999999994
111286,S392,Streaming subscription,5,2024-10-09,17.56,C92425,Australia,87.8
111287,S417,Streaming subscription,2,2024-10-09,14.73,C70341,Australia,29.46
111288,S593,Streaming subscription,2,2024-10-09,22.7,C33971,Australia,45.4
111289,S796,Streaming subscription,5,2024-10-09,15.25,C79776,Canada,76.25
111290,S827,Streaming subscription,2,2024-10-09,6.14,C97682,Canada,12.28
111281,S663,Streaming subscription,5,2024-10-09,14.26,C88094,Australia,71.3
111292,S316,Streaming subscription,1,2024-10-09,15.42,C82337,Canada,15.42
111293,S943,Streaming subscription,4,2024-10-09,18.63,C21758,Canada,74.52
111294,S322,Streaming subscription,4,2024-10-09,17.56,C67751,Canada,70.24
111295,S359,Streaming subscription,1,2024-10-09,13.97,C74782,Canada,13.97
111296,S736,Streaming subscription,5,2024-10-09,13.08,C28633,Canada,65.4
111297,S817,Streaming subscription,4,2024-10-09,16.59,C82271,France,66.36
111298,S978,Streaming subscription,4,2024-10-09,20.38,C84394,France,81.52
111299,S178,Streaming subscription,4,2024-10-09,13.21,C76452,France,52.84
111291,S525,Streaming subscription,4,2024-10-09,16.57,C19227,Canada,66.28
111349,S745,Streaming subscription,4,2024-10-10,25.88,C29867,Germany,103.52
111348,S353,Streaming subscription,2,2024-10-10,22.42,C19944,Germany,44.84
111347,S641,Streaming subscription,5,2024-10-10,22.24,C22337,Germany,111.19999999999999
111343,S391,Streaming subscription,4,2024-10-10,16.99,C37916,France,67.96
111345,S453,Streaming subscription,3,2024-10-10,21.66,C13798,Germany,64.98
111344,S934,Streaming subscription,4,2024-10-10,23.74,C47851,France,94.96
111350,S181,Streaming subscription,-1,2024-10-10,21.33,C67567,Germany,-21.33
111346,S775,Streaming subscription,2,2024-10-10,17.13,C83923,Germany,34.26
111351,S868,Streaming subscription,3,2024-10-10,28.86,C49305,Germany,86.58
111355,S299,Streaming subscription,3,2024-10-10,27.39,C59625,United Kingdom,82.17
111353,S751,Streaming subscription,2,2024-10-10,26.72,C40245,United Kingdom,53.44
111354,S853,Streaming subscription,1,2024-10-10,23.42,C68238,United Kingdom,23.42
111356,S990,Streaming subscription,1,2024-10-10,27.41,C93923,United Kingdom,27.41
111357,S972,Streaming subscription,1,2024-10-10,24.81,C99271,United Kingdom,24.81
111358,S450,Streaming subscription,3,2024-10-10,25.42,C70377,United Kingdom,76.26
111359,S967,Streaming subscription,3,2024-10-10,27.66,C52284,United Kingdom,82.98
111360,S952,Streaming subscription,1,2024-10-10,29.07,C42221,United Kingdom,29.07
111342,S687,Streaming subscription,1,2024-10-10,28.25,C60756,France,28.25
111352,S136,Streaming subscription,3,2024-10-10,23.69,C57506,Germany,71.07000000000001
111341,S186,Streaming subscription,1,2024-10-10,22.59,C86874,France,22.59
111340,S572,Streaming subscription,1,2024-10-10,17.46,C48239,France,17.46
111339,S849,Streaming subscription,3,2024-10-10,21.2,C85065,France,63.599999999999994
111322,S449,Streaming subscription,2,2024-10-10,16.71,C54701,Australia,33.42
111323,S741,Streaming subscription,2,2024-10-10,24.95,C53517,Australia,49.9
111324,S196,Streaming subscription,5,2024-10-10,23.32,C37199,Australia,116.6
111325,S254,Streaming subscription,3,2024-10-10,23.85,C41617,Australia,71.55000000000001
111326,S558,Streaming subscription,4,2024-10-10,16.76,C78449,Australia,67.04
111327,S585,Streaming subscription,3,2024-10-10,23.0,C75346,Australia,69.0
111328,S104,Streaming subscription,5,2024-10-10,17.77,C73412,Australia,88.85
111329,S529,Streaming subscription,4,2024-10-10,7.91,C45369,Canada,31.64
111321,S210,Streaming subscription,4,2024-10-10,21.8,C41583,Australia,87.2
111331,S468,Streaming subscription,1,2024-10-10,12.52,C94540,Canada,12.52
111332,S258,Streaming subscription,5,2024-10-10,17.41,C29898,Canada,87.05
111333,S719,Streaming subscription,1,2024-10-10,15.39,C24525,Canada,15.39
111334,S560,Streaming subscription,2,2024-10-10,18.71,C60925,Canada,37.42
111335,S239,Streaming subscription,2,2024-10-10,14.43,C96913,Canada,28.86
111336,S722,Streaming subscription,2,2024-10-10,13.45,C37017,Canada,26.9
111337,S131,Streaming subscription,1,2024-10-10,26.43,C22307,France,26.43
111338,S890,Streaming subscription,4,2024-10-10,24.51,C94880,France,98.04
111330,S520,Streaming subscription,3,2024-10-10,12.46,C65871,Canada,37.38
111388,S132,Streaming subscription,3,2024-10-11,23.66,C19296,Germany,70.98
111387,S938,Streaming subscription,5,2024-10-11,25.16,C93691,Germany,125.8
111383,S219,Streaming subscription,5,2024-10-11,22.53,C79066,France,112.65
111385,S225,Streaming subscription,3,2024-10-11,25.64,C80752,Germany,76.92
111384,S676,Streaming subscription,2,2024-10-11,17.08,C54330,France,34.16
111389,S596,Streaming subscription,5,2024-10-11,19.09,C99439,Germany,95.45
111386,S802,Streaming subscription,4,2024-10-11,16.8,C57369,Germany,67.2
111390,S704,Streaming subscription,2,2024-10-11,22.29,C70595,Germany,44.58
111395,S687,Streaming subscription,2,2024-10-11,29.34,C19186,United Kingdom,58.68
111392,S225,Streaming subscription,4,2024-10-11,26.08,C10205,Germany,104.32
111393,S124,Streaming subscription,4,2024-10-11,31.24,C46554,United Kingdom,124.96
111394,S641,Streaming subscription,2,2024-10-11,33.69,C97917,United Kingdom,67.38
111396,S192,Streaming subscription,2,2024-10-11,27.64,C72444,United Kingdom,55.28
111397,S337,Streaming subscription,4,2024-10-11,23.33,C86628,United Kingdom,93.32
111398,S186,Streaming subscription,3,2024-10-11,25.99,C21736,United Kingdom,77.97
111399,S720,Streaming subscription,2,2024-10-11,27.54,C20199,United Kingdom,55.08
111382,S164,Streaming subscription,1,2024-10-11,21.55,C86775,France,21.55
111391,S479,Streaming subscription,1,2024-10-11,23.56,C39032,Germany,23.56
111381,S572,Streaming subscription,4,2024-10-11,22.79,C16049,France,91.16
111400,S807,Streaming subscription,1,2024-10-11,30.26,C41808,United Kingdom,30.26
111379,S515,Streaming subscription,4,2024-10-11,16.34,C69970,France,65.36
111361,S528,Streaming subscription,1,2024-10-11,14.98,C14759,Australia,14.98
111362,S343,Streaming subscription,4,2024-10-11,20.89,C38378,Australia,83.56
111363,S941,Streaming subscription,4,2024-10-11,13.54,C68765,Australia,54.16
111364,S636,Streaming subscription,1,2024-10-11,17.86,C50265,Australia,17.86
111365,S722,Streaming subscription,3,2024-10-11,16.87,C55461,Australia,50.61
111366,S336,Streaming subscription,-1,2024-10-11,21.2,C68466,Australia,-21.2
111367,S644,Streaming subscription,1,2024-10-11,16.07,C59262,Australia,16.07
111368,S262,Streaming subscription,4,2024-10-11,20.63,C44267,Australia,82.52
111369,S142,Streaming subscription,3,2024-10-11,18.6,C73567,Canada,55.800000000000004
111380,S129,Streaming subscription,3,2024-10-11,23.69,C36343,France,71.07000000000001
111371,S376,Streaming subscription,2,2024-10-11,22.42,C97998,Canada,44.84
111372,S718,Streaming subscription,3,2024-10-11,16.02,C60968,Canada,48.06
111373,S690,Streaming subscription,2,2024-10-11,15.25,C58920,Canada,30.5
111374,S148,Streaming subscription,2,2024-10-11,12.38,C73368,Canada,24.76
111375,S248,Streaming subscription,3,2024-10-11,14.29,C97120,Canada,42.87
111376,S572,Streaming subscription,1,2024-10-11,13.89,C66852,Canada,13.89
111377,S602,Streaming subscription,5,2024-10-11,20.19,C75036,France,100.95
111378,S997,Streaming subscription,2,2024-10-11,20.71,C70097,France,41.42
111370,S482,Streaming subscription,1,2024-10-11,21.85,C32104,Canada,21.85
111428,S306,Streaming subscription,5,2024-10-12,15.38,C52434,Germany,76.9
111427,S747,Streaming subscription,3,2024-10-12,14.79,C45685,Germany,44.37
111423,S565,Streaming subscription,1,2024-10-12,20.55,C22357,France,20.55
111425,S542,Streaming subscription,4,2024-10-12,20.4,C11943,Germany,81.6
111424,S533,Streaming subscription,5,2024-10-12,17.43,C21322,France,87.15
111429,S480,Streaming subscription,5,2024-10-12,17.03,C35874,Germany,85.15
111426,S559,Streaming subscription,4,2024-10-12,15.51,C76799,Germany,62.04
111430,S509,Streaming subscription,1,2024-10-12,24.72,C52189,Germany,24.72
111435,S717,Streaming subscription,5,2024-10-12,27.75,C33281,United Kingdom,138.75
111432,S708,Streaming subscription,2,2024-10-12,14.72,C37598,Germany,29.44
111433,S976,Streaming subscription,3,2024-10-12,24.96,C54450,United Kingdom,74.88
111434,S253,Streaming subscription,2,2024-10-12,25.27,C33531,United Kingdom,50.54
111436,S162,Streaming subscription,3,2024-10-12,18.1,C14811,United Kingdom,54.300000000000004
111437,S350,Streaming subscription,3,2024-10-12,28.05,C10061,United Kingdom,84.15
111438,S914,Streaming subscription,1,2024-10-12,21.32,C54263,United Kingdom,21.32
111439,S917,Streaming subscription,5,2024-10-12,23.85,C63679,United Kingdom,119.25
111422,S731,Streaming subscription,2,2024-10-12,16.41,C18100,France,32.82
111431,S221,Streaming subscription,2,2024-10-12,20.66,C43696,Germany,41.32
111421,S644,Streaming subscription,2,2024-10-12,14.7,C17347,France,29.4
111440,S328,Streaming subscription,5,2024-10-12,22.08,C30746,United Kingdom,110.39999999999999
111419,S738,Streaming subscription,2,2024-10-12,17.71,C61883,France,35.42
111401,S316,Streaming subscription,4,2024-10-12,11.61,C84024,Australia,46.44
111402,S175,Streaming subscription,2,2024-10-12,16.45,C24127,Australia,32.9
111403,S247,Streaming subscription,4,2024-10-12,22.51,C25062,Australia,90.04
111404,S499,Streaming subscription,2,2024-10-12,9.01,C68327,Australia,18.02
111405,S455,Streaming subscription,2,2024-10-12,16.08,C88673,Australia,32.16
111406,S960,Streaming subscription,5,2024-10-12,16.59,C70879,Australia,82.95
111407,S935,Streaming subscription,5,2024-10-12,18.09,C17219,Australia,90.45
111408,S840,Streaming subscription,5,2024-10-12,15.88,C15479,Australia,79.4
111409,S158,Streaming subscription,3,2024-10-12,5.0,C64859,Canada,15.0
111420,S238,Streaming subscription,3,2024-10-12,19.93,C21588,France,59.79
111411,S896,Streaming subscription,4,2024-10-12,15.75,C12824,Canada,63.0
111412,S658,Streaming subscription,5,2024-10-12,13.83,C67112,Canada,69.15
111413,S152,Streaming subscription,1,2024-10-12,20.07,C47523,Canada,20.07
111414,S328,Streaming subscription,2,2024-10-12,14.72,C12740,Canada,29.44
111415,S882,Streaming subscription,1,2024-10-12,12.6,C63041,Canada,12.6
111416,S641,Streaming subscription,2,2024-10-12,11.37,C87733,Canada,22.74
111417,S648,Streaming subscription,1,2024-10-12,19.13,C68251,France,19.13
111418,S412,Streaming subscription,4,2024-10-12,22.94,C95860,France,91.76
111410,S188,Streaming subscription,2,2024-10-12,13.77,C11649,Canada,27.54
111468,S520,Streaming subscription,4,2024-10-13,20.7,C77762,Germany,82.8
111467,S616,Streaming subscription,1,2024-10-13,17.12,C76742,Germany,17.12
111466,S747,Streaming subscription,3,2024-10-13,25.21,C37716,Germany,75.63
111462,S637,Streaming subscription,1,2024-10-13,20.84,C92482,France,20.84
111464,S598,Streaming subscription,5,2024-10-13,15.38,C79444,France,76.9
111463,S736,Streaming subscription,4,2024-10-13,18.32,C71315,France,73.28
111469,S688,Streaming subscription,2,2024-10-13,19.44,C83341,Germany,38.88
111465,S203,Streaming subscription,3,2024-10-13,20.6,C11677,Germany,61.800000000000004
111470,S389,Streaming subscription,5,2024-10-13,25.31,C34761,Germany,126.55
111474,S939,Streaming subscription,4,2024-10-13,25.03,C78647,United Kingdom,100.12
111472,S224,Streaming subscription,1,2024-10-13,17.53,C75829,Germany,17.53
111473,S861,Streaming subscription,1,2024-10-13,20.64,C95576,United Kingdom,20.64
111475,S381,Streaming subscription,5,2024-10-13,22.83,C60056,United Kingdom,114.14999999999999
111476,S818,Streaming subscription,2,2024-10-13,28.59,C32988,United Kingdom,57.18
111477,S779,Streaming subscription,2,2024-10-13,24.32,C54794,United Kingdom,48.64
111478,S261,Streaming subscription,4,2024-10-13,23.52,C33187,United Kingdom,94.08
111479,S509,Streaming subscription,5,2024-10-13,23.4,C83047,United Kingdom,117.0
111461,S270,Streaming subscription,4,2024-10-13,24.47,C16953,France,97.88
111471,S364,Streaming subscription,2,2024-10-13,20.26,C45356,Germany,40.52
111480,S280,Streaming subscription,1,2024-10-13,20.24,C42201,United Kingdom,20.24
111460,S595,Streaming subscription,3,2024-10-13,19.93,C36923,France,59.79
111458,S731,Streaming subscription,2,2024-10-13,14.49,C17514,France,28.98
111459,S267,Streaming subscription,3,2024-10-13,12.95,C73703,France,38.849999999999994
111441,S319,Streaming subscription,3,2024-10-13,16.13,C77591,Australia,48.39
111442,S356,Streaming subscription,1,2024-10-13,12.96,C77370,Australia,12.96
111443,S456,Streaming subscription,4,2024-10-13,18.83,C25244,Australia,75.32
111444,S523,Streaming subscription,5,2024-10-13,15.15,C18847,Australia,75.75
111446,S156,Streaming subscription,2,2024-10-13,16.44,C31580,Australia,32.88
111447,S921,Streaming subscription,4,2024-10-13,19.7,C43035,Australia,78.8
111448,S611,Streaming subscription,4,2024-10-13,19.72,C33425,Australia,78.88
111445,S825,Streaming subscription,3,2024-10-13,18.48,C12413,Australia,55.44
111450,S493,Streaming subscription,3,2024-10-13,10.05,C11041,Canada,30.150000000000002
111451,S976,Streaming subscription,2,2024-10-13,8.8,C35895,Canada,17.6
111452,S103,Streaming subscription,4,2024-10-13,14.63,C94851,Canada,58.52
111453,S598,Streaming subscription,4,2024-10-13,11.91,C75960,Canada,47.64
111454,S537,Streaming subscription,4,2024-10-13,9.97,C88700,Canada,39.88
111455,S246,Streaming subscription,4,2024-10-13,17.75,C31368,Canada,71.0
111456,S809,Streaming subscription,1,2024-10-13,11.57,C27557,Canada,11.57
111449,S536,Streaming subscription,3,2024-10-13,10.75,C80261,Canada,32.25
111457,S362,Streaming subscription,1,2024-10-13,16.3,C58498,France,16.3
111509,S372,Streaming subscription,2,2024-10-14,25.92,C91307,Germany,51.84
111508,S610,Streaming subscription,2,2024-10-14,29.95,C72568,Germany,59.9
111507,S645,Streaming subscription,3,2024-10-14,23.1,C10011,Germany,69.30000000000001
111503,S880,Streaming subscription,1,2024-10-14,22.57,C64484,France,22.57
111505,S965,Streaming subscription,2,2024-10-14,21.83,C75811,Germany,43.66
111504,S143,Streaming subscription,2,2024-10-14,19.84,C52109,France,39.68
111510,S603,Streaming subscription,4,2024-10-14,16.75,C47259,Germany,67.0
111506,S728,Streaming subscription,2,2024-10-14,24.33,C59715,Germany,48.66
111511,S157,Streaming subscription,2,2024-10-14,26.57,C52603,Germany,53.14
111520,S478,Streaming subscription,4,2024-10-14,23.83,C87424,United Kingdom,95.32
111513,S536,Streaming subscription,1,2024-10-14,34.18,C64566,United Kingdom,34.18
111514,S309,Streaming subscription,2,2024-10-14,27.0,C53956,United Kingdom,54.0
111515,S639,Streaming subscription,1,2024-10-14,21.64,C45775,United Kingdom,21.64
111516,S333,Streaming subscription,4,2024-10-14,24.06,C42832,United Kingdom,96.24
111517,S593,Streaming subscription,2,2024-10-14,26.95,C52489,United Kingdom,53.9
111518,S338,Streaming subscription,4,2024-10-14,33.01,C40186,United Kingdom,132.04
111519,S309,Streaming subscription,1,2024-10-14,23.03,C95323,United Kingdom,23.03
111502,S926,Streaming subscription,4,2024-10-14,23.11,C16502,France,92.44
111512,S763,Streaming subscription,1,2024-10-14,21.89,C63696,Germany,21.89
111501,S426,Streaming subscription,4,2024-10-14,20.52,C88949,France,82.08
111500,S908,Streaming subscription,5,2024-10-14,23.96,C73123,France,119.80000000000001
111499,S276,Streaming subscription,4,2024-10-14,15.2,C98529,France,60.8
111482,S120,Streaming subscription,1,2024-10-14,18.58,C92504,Australia,18.58
111483,S183,Streaming subscription,4,2024-10-14,21.23,C62148,Australia,84.92
111484,S806,Streaming subscription,3,2024-10-14,9.9,C84116,Australia,29.700000000000003
111485,S507,Streaming subscription,5,2024-10-14,17.74,C99227,Australia,88.69999999999999
111486,S198,Streaming subscription,-2,2024-10-14,14.09,C84352,Australia,-28.18
111487,S295,Streaming subscription,4,2024-10-14,19.67,C24347,Australia,78.68
111488,S750,Streaming subscription,3,2024-10-14,26.58,C36978,Australia,79.74
111489,S653,Streaming subscription,1,2024-10-14,9.24,C20443,Canada,9.24
111481,S537,Streaming subscription,5,2024-10-14,19.38,C75345,Australia,96.89999999999999
111491,S989,Streaming subscription,2,2024-10-14,14.75,C79595,Canada,29.5
111492,S822,Streaming subscription,3,2024-10-14,17.09,C85056,Canada,51.269999999999996
111493,S982,Streaming subscription,4,2024-10-14,17.34,C97797,Canada,69.36
111494,S249,Streaming subscription,5,2024-10-14,10.35,C19335,Canada,51.75
111495,S734,Streaming subscription,4,2024-10-14,11.6,C36448,Canada,46.4
111496,S469,Streaming subscription,2,2024-10-14,11.25,C24575,Canada,22.5
111497,S557,Streaming subscription,5,2024-10-14,19.1,C31803,France,95.5
111498,S401,Streaming subscription,5,2024-10-14,16.56,C71904,France,82.8
111490,S813,Streaming subscription,3,2024-10-14,9.21,C48329,Canada,27.630000000000003
111549,S874,Streaming subscription,1,2024-10-15,16.33,C67455,Germany,16.33
111548,S406,Streaming subscription,2,2024-10-15,19.39,C69353,Germany,38.78
111544,S147,Streaming subscription,2,2024-10-15,18.91,C98831,France,37.82
111546,S219,Streaming subscription,1,2024-10-15,24.67,C45807,Germany,24.67
111545,S366,Streaming subscription,1,2024-10-15,24.11,C80171,Germany,24.11
111550,S631,Streaming subscription,2,2024-10-15,20.12,C66020,Germany,40.24
111547,S931,Streaming subscription,4,2024-10-15,20.91,C62456,Germany,83.64
111551,S380,Streaming subscription,-2,2024-10-15,27.42,C20574,Germany,-54.84
111556,S797,Streaming subscription,3,2024-10-15,27.88,C91584,United Kingdom,83.64
111553,S927,Streaming subscription,4,2024-10-15,27.62,C93049,United Kingdom,110.48
111554,S176,Streaming subscription,5,2024-10-15,26.24,C26692,United Kingdom,131.2
111555,S461,Streaming subscription,4,2024-10-15,32.54,C39417,United Kingdom,130.16
111557,S164,Streaming subscription,1,2024-10-15,24.38,C45727,United Kingdom,24.38
111558,S730,Streaming subscription,3,2024-10-15,30.71,C84628,United Kingdom,92.13
111559,S667,Streaming subscription,5,2024-10-15,24.4,C49138,United Kingdom,122.0
111560,S683,Streaming subscription,4,2024-10-15,26.07,C72024,United Kingdom,104.28
111543,S291,Streaming subscription,1,2024-10-15,19.81,C58989,France,19.81
111552,S887,Streaming subscription,2,2024-10-15,25.46,C60301,Germany,50.92
111542,S365,Streaming subscription,3,2024-10-15,21.54,C73887,France,64.62
111541,S445,Streaming subscription,5,2024-10-15,15.41,C50569,France,77.05
111521,S600,Streaming subscription,2,2024-10-15,18.76,C36683,Australia,37.52
111540,S318,Streaming subscription,1,2024-10-15,18.27,C68776,France,18.27
111522,S195,Streaming subscription,4,2024-10-15,13.46,C20145,Australia,53.84
111523,S412,Streaming subscription,1,2024-10-15,21.61,C15364,Australia,21.61
111524,S864,Streaming subscription,3,2024-10-15,17.26,C75675,Australia,51.78
111525,S696,Streaming subscription,3,2024-10-15,22.57,C84559,Australia,67.71000000000001
111527,S593,Streaming subscription,1,2024-10-15,15.66,C44473,Australia,15.66
111528,S260,Streaming subscription,2,2024-10-15,19.69,C86512,Australia,39.38
111529,S813,Streaming subscription,2,2024-10-15,17.62,C59692,Canada,35.24
111530,S424,Streaming subscription,1,2024-10-15,17.35,C38013,Canada,17.35
111526,S576,Streaming subscription,3,2024-10-15,16.87,C37219,Australia,50.61
111532,S930,Streaming subscription,1,2024-10-15,22.45,C79538,Canada,22.45
111531,S219,Streaming subscription,-1,2024-10-15,22.51,C10946,Canada,-22.51
111538,S721,Streaming subscription,5,2024-10-15,17.99,C85851,France,89.94999999999999
111537,S221,Streaming subscription,5,2024-10-15,27.13,C69101,France,135.65
111536,S477,Streaming subscription,4,2024-10-15,10.31,C22130,Canada,41.24
111539,S500,Streaming subscription,2,2024-10-15,22.2,C65564,France,44.4
111534,S485,Streaming subscription,3,2024-10-15,14.74,C93416,Canada,44.22
111533,S840,Streaming subscription,4,2024-10-15,18.74,C93314,Canada,74.96
111535,S975,Streaming subscription,2,2024-10-15,17.87,C56769,Canada,35.74
111590,S945,Streaming subscription,3,2024-10-16,28.38,C15418,Germany,85.14
111583,S784,Streaming subscription,4,2024-10-16,19.11,C75403,France,76.44
111584,S960,Streaming subscription,1,2024-10-16,18.43,C71376,France,18.43
111585,S530,Streaming subscription,4,2024-10-16,20.51,C94020,Germany,82.04
111586,S257,Streaming subscription,1,2024-10-16,30.63,C53466,Germany,30.63
111587,S421,Streaming subscription,5,2024-10-16,20.61,C65511,Germany,103.05
111588,S435,Streaming subscription,4,2024-10-16,21.95,C88664,Germany,87.8
111589,S960,Streaming subscription,2,2024-10-16,27.2,C27179,Germany,54.4
111591,S882,Streaming subscription,4,2024-10-16,25.95,C21547,Germany,103.8
111582,S179,Streaming subscription,5,2024-10-16,15.28,C36605,France,76.39999999999999
111593,S804,Streaming subscription,4,2024-10-16,29.88,C94248,United Kingdom,119.52
111594,S444,Streaming subscription,5,2024-10-16,24.02,C84941,United Kingdom,120.1
111595,S818,Streaming subscription,2,2024-10-16,25.88,C23504,United Kingdom,51.76
111596,S333,Streaming subscription,-1,2024-10-16,28.75,C93991,United Kingdom,-28.75
111597,S238,Streaming subscription,3,2024-10-16,32.05,C88088,United Kingdom,96.14999999999999
111598,S962,Streaming subscription,4,2024-10-16,31.03,C91191,United Kingdom,124.12
111599,S848,Streaming subscription,3,2024-10-16,24.06,C33521,United Kingdom,72.17999999999999
111600,S176,Streaming subscription,1,2024-10-16,29.6,C83448,United Kingdom,29.6
111592,S123,Streaming subscription,3,2024-10-16,24.65,C45698,Germany,73.94999999999999
111581,S362,Streaming subscription,2,2024-10-16,15.99,C42798,France,31.98
111561,S208,Streaming subscription,1,2024-10-16,18.88,C16819,Australia,18.88
111579,S979,Streaming subscription,4,2024-10-16,31.32,C49414,France,125.28
111580,S413,Streaming subscription,2,2024-10-16,26.89,C92254,France,53.78
111562,S237,Streaming subscription,1,2024-10-16,19.03,C75323,Australia,19.03
111563,S997,Streaming subscription,2,2024-10-16,16.03,C27750,Australia,32.06
111564,S784,Streaming subscription,3,2024-10-16,24.74,C27680,Australia,74.22
111565,S283,Streaming subscription,-2,2024-10-16,14.99,C68978,Australia,-29.98
111567,S130,Streaming subscription,4,2024-10-16,21.51,C10767,Australia,86.04
111568,S164,Streaming subscription,5,2024-10-16,21.21,C45999,Australia,106.05000000000001
111569,S525,Streaming subscription,2,2024-10-16,13.02,C27800,Canada,26.04
111566,S991,Streaming subscription,-1,2024-10-16,14.84,C89466,Australia,-14.84
111571,S275,Streaming subscription,1,2024-10-16,14.53,C48781,Canada,14.53
111572,S777,Streaming subscription,1,2024-10-16,12.13,C54204,Canada,12.13
111573,S789,Streaming subscription,3,2024-10-16,18.36,C48580,Canada,55.08
111574,S771,Streaming subscription,3,2024-10-16,15.72,C91473,Canada,47.160000000000004
111575,S837,Streaming subscription,3,2024-10-16,13.28,C60939,Canada,39.839999999999996
111576,S292,Streaming subscription,5,2024-10-16,18.17,C98472,Canada,90.85000000000001
111577,S149,Streaming subscription,5,2024-10-16,20.59,C46127,France,102.95
111570,S891,Streaming subscription,1,2024-10-16,14.24,C44458,Canada,14.24
111578,S733,Streaming subscription,3,2024-10-16,19.56,C29070,France,58.67999999999999
111629,S886,Streaming subscription,1,2024-10-17,23.49,C17795,Germany,23.49
111628,S593,Streaming subscription,3,2024-10-17,27.66,C57321,Germany,82.98
111627,S637,Streaming subscription,4,2024-10-17,29.93,C81898,Germany,119.72
111623,S856,Streaming subscription,1,2024-10-17,16.02,C63805,France,16.02
111625,S661,Streaming subscription,1,2024-10-17,28.58,C63717,Germany,28.58
111624,S508,Streaming subscription,1,2024-10-17,19.41,C91176,France,19.41
111630,S236,Streaming subscription,5,2024-10-17,21.32,C84987,Germany,106.6
111626,S235,Streaming subscription,4,2024-10-17,26.76,C20682,Germany,107.04
111631,S805,Streaming subscription,2,2024-10-17,25.7,C81525,Germany,51.4
111640,S171,Streaming subscription,2,2024-10-17,31.92,C45335,United Kingdom,63.84
111633,S179,Streaming subscription,5,2024-10-17,28.63,C69140,United Kingdom,143.15
111634,S858,Streaming subscription,1,2024-10-17,31.45,C71230,United Kingdom,31.45
111635,S502,Streaming subscription,2,2024-10-17,24.94,C69164,United Kingdom,49.88
111636,S281,Streaming subscription,4,2024-10-17,27.67,C70663,United Kingdom,110.68
111637,S364,Streaming subscription,1,2024-10-17,24.66,C14772,United Kingdom,24.66
111638,S486,Streaming subscription,2,2024-10-17,27.03,C44417,United Kingdom,54.06
111639,S414,Streaming subscription,5,2024-10-17,25.29,C10331,United Kingdom,126.44999999999999
111622,S525,Streaming subscription,2,2024-10-17,20.33,C14063,France,40.66
111632,S905,Streaming subscription,4,2024-10-17,28.76,C50171,Germany,115.04
111621,S610,Streaming subscription,2,2024-10-17,12.58,C74082,France,25.16
111601,S944,Streaming subscription,4,2024-10-17,22.06,C87539,Australia,88.24
111619,S269,Streaming subscription,1,2024-10-17,16.94,C53739,France,16.94
111602,S411,Streaming subscription,2,2024-10-17,24.44,C70499,Australia,48.88
111603,S714,Streaming subscription,1,2024-10-17,17.4,C41684,Australia,17.4
111604,S383,Streaming subscription,3,2024-10-17,15.56,C58014,Australia,46.68
111605,S992,Streaming subscription,5,2024-10-17,20.07,C20863,Australia,100.35
111606,S385,Streaming subscription,4,2024-10-17,22.7,C29449,Australia,90.8
111607,S495,Streaming subscription,1,2024-10-17,23.7,C65784,Australia,23.7
111608,S633,Streaming subscription,4,2024-10-17,25.51,C74624,Australia,102.04
111609,S909,Streaming subscription,4,2024-10-17,13.16,C39458,Canada,52.64
111620,S800,Streaming subscription,4,2024-10-17,13.03,C72923,France,52.12
111611,S773,Streaming subscription,2,2024-10-17,15.83,C62408,Canada,31.66
111612,S744,Streaming subscription,3,2024-10-17,15.96,C75798,Canada,47.88
111613,S722,Streaming subscription,5,2024-10-17,16.99,C99223,Canada,84.94999999999999
111614,S380,Streaming subscription,3,2024-10-17,20.21,C26587,Canada,60.63
111615,S418,Streaming subscription,3,2024-10-17,11.93,C41984,Canada,35.79
111616,S334,Streaming subscription,4,2024-10-17,18.65,C40486,Canada,74.6
111617,S955,Streaming subscription,4,2024-10-17,23.96,C10347,France,95.84
111618,S191,Streaming subscription,1,2024-10-17,23.64,C32650,France,23.64
111610,S207,Streaming subscription,1,2024-10-17,18.86,C47148,Canada,18.86
111668,S519,Streaming subscription,4,2024-10-18,21.29,C22352,Germany,85.16
111667,S899,Streaming subscription,5,2024-10-18,24.2,C89371,Germany,121.0
111663,S829,Streaming subscription,5,2024-10-18,25.97,C15356,France,129.85
111665,S559,Streaming subscription,5,2024-10-18,24.2,C90979,Germany,121.0
111664,S859,Streaming subscription,2,2024-10-18,22.85,C95203,France,45.7
111669,S391,Streaming subscription,2,2024-10-18,25.75,C74419,Germany,51.5
111666,S212,Streaming subscription,1,2024-10-18,23.58,C33470,Germany,23.58
111670,S806,Streaming subscription,4,2024-10-18,31.42,C35194,Germany,125.68
111675,S778,Streaming subscription,-2,2024-10-18,26.59,C79565,United Kingdom,-53.18
111672,S831,Streaming subscription,1,2024-10-18,23.51,C12683,Germany,23.51
111673,S858,Streaming subscription,3,2024-10-18,21.49,C13768,United Kingdom,64.47
111674,S974,Streaming subscription,4,2024-10-18,25.31,C86765,United Kingdom,101.24
111676,S721,Streaming subscription,-1,2024-10-18,26.9,C37098,United Kingdom,-26.9
111677,S167,Streaming subscription,5,2024-10-18,27.02,C20688,United Kingdom,135.1
111678,S171,Streaming subscription,5,2024-10-18,26.28,C34664,United Kingdom,131.4
111679,S559,Streaming subscription,-1,2024-10-18,29.51,C61667,United Kingdom,-29.51
111662,S310,Streaming subscription,4,2024-10-18,18.32,C65394,France,73.28
111671,S784,Streaming subscription,3,2024-10-18,28.44,C21442,Germany,85.32000000000001
111680,S834,Streaming subscription,5,2024-10-18,29.12,C39214,United Kingdom,145.6
111661,S851,Streaming subscription,-1,2024-10-18,18.72,C35906,France,-18.72
111659,S935,Streaming subscription,2,2024-10-18,19.62,C44872,France,39.24
111660,S132,Streaming subscription,3,2024-10-18,21.77,C63050,France,65.31
111641,S551,Streaming subscription,5,2024-10-18,24.85,C73258,Australia,124.25
111642,S649,Streaming subscription,5,2024-10-18,17.76,C43326,Australia,88.80000000000001
111643,S317,Streaming subscription,4,2024-10-18,21.8,C20958,Australia,87.2
111644,S214,Streaming subscription,4,2024-10-18,20.55,C20690,Australia,82.2
111646,S129,Streaming subscription,1,2024-10-18,22.44,C65496,Australia,22.44
111647,S935,Streaming subscription,3,2024-10-18,23.03,C83665,Australia,69.09
111648,S935,Streaming subscription,3,2024-10-18,15.42,C86435,Australia,46.26
111649,S712,Streaming subscription,-2,2024-10-18,17.1,C30284,Canada,-34.2
111645,S860,Streaming subscription,1,2024-10-18,25.06,C14714,Australia,25.06
111651,S265,Streaming subscription,5,2024-10-18,16.42,C98507,Canada,82.10000000000001
111650,S255,Streaming subscription,1,2024-10-18,20.63,C79369,Canada,20.63
111657,S666,Streaming subscription,1,2024-10-18,23.39,C49643,France,23.39
111656,S764,Streaming subscription,5,2024-10-18,14.87,C21751,Canada,74.35
111655,S138,Streaming subscription,3,2024-10-18,24.54,C90719,Canada,73.62
111658,S732,Streaming subscription,1,2024-10-18,19.33,C17295,France,19.33
111653,S704,Streaming subscription,2,2024-10-18,11.31,C85838,Canada,22.62
111652,S219,Streaming subscription,2,2024-10-18,11.58,C13489,Canada,23.16
111654,S504,Streaming subscription,2,2024-10-18,22.89,C84177,Canada,45.78
111710,S905,Streaming subscription,2,2024-10-19,24.98,C66707,Germany,49.96
111703,S828,Streaming subscription,2,2024-10-19,14.66,C80395,France,29.32
111704,S525,Streaming subscription,5,2024-10-19,16.63,C40854,France,83.14999999999999
111705,S355,Streaming subscription,5,2024-10-19,18.8,C97380,Germany,94.0
111706,S897,Streaming subscription,5,2024-10-19,22.04,C25027,Germany,110.19999999999999
111707,S697,Streaming subscription,1,2024-10-19,24.66,C10121,Germany,24.66
111708,S469,Streaming subscription,4,2024-10-19,19.35,C36443,Germany,77.4
111709,S933,Streaming subscription,4,2024-10-19,21.64,C99010,Germany,86.56
111711,S155,Streaming subscription,4,2024-10-19,18.41,C16588,Germany,73.64
111702,S223,Streaming subscription,2,2024-10-19,23.26,C92168,France,46.52
111713,S667,Streaming subscription,1,2024-10-19,28.27,C25508,United Kingdom,28.27
111714,S783,Streaming subscription,5,2024-10-19,26.45,C57290,United Kingdom,132.25
111715,S956,Streaming subscription,2,2024-10-19,28.2,C32443,United Kingdom,56.4
111716,S625,Streaming subscription,5,2024-10-19,20.51,C86320,United Kingdom,102.55000000000001
111717,S669,Streaming subscription,4,2024-10-19,25.4,C91759,United Kingdom,101.6
111718,S149,Streaming subscription,3,2024-10-19,26.36,C18696,United Kingdom,79.08
111719,S883,Streaming subscription,2,2024-10-19,24.26,C23979,United Kingdom,48.52
111720,S152,Streaming subscription,4,2024-10-19,32.27,C64049,United Kingdom,129.08
111712,S990,Streaming subscription,2,2024-10-19,20.3,C59859,Germany,40.6
111700,S916,Streaming subscription,3,2024-10-19,19.39,C19144,France,58.17
111695,S640,Streaming subscription,1,2024-10-19,16.14,C34810,Canada,16.14
111699,S845,Streaming subscription,5,2024-10-19,9.36,C92674,France,46.8
111682,S699,Streaming subscription,2,2024-10-19,18.28,C76091,Australia,36.56
111683,S959,Streaming subscription,4,2024-10-19,14.9,C47678,Australia,59.6
111684,S119,Streaming subscription,3,2024-10-19,18.77,C13413,Australia,56.31
111685,S352,Streaming subscription,5,2024-10-19,16.27,C98528,Australia,81.35
111686,S694,Streaming subscription,5,2024-10-19,19.7,C43412,Australia,98.5
111687,S355,Streaming subscription,5,2024-10-19,19.94,C17855,Australia,99.7
111688,S465,Streaming subscription,5,2024-10-19,17.97,C66402,Australia,89.85
111689,S418,Streaming subscription,4,2024-10-19,13.53,C42096,Canada,54.12
111681,S729,Streaming subscription,5,2024-10-19,15.77,C14551,Australia,78.85
111691,S636,Streaming subscription,5,2024-10-19,10.89,C59807,Canada,54.45
111692,S798,Streaming subscription,1,2024-10-19,11.27,C70636,Canada,11.27
111693,S105,Streaming subscription,3,2024-10-19,17.09,C77551,Canada,51.269999999999996
111694,S630,Streaming subscription,5,2024-10-19,12.04,C76329,Canada,60.199999999999996
111701,S144,Streaming subscription,5,2024-10-19,23.69,C42575,France,118.45
111696,S500,Streaming subscription,5,2024-10-19,11.74,C54441,Canada,58.7
111697,S667,Streaming subscription,5,2024-10-19,21.66,C30320,France,108.3
111698,S234,Streaming subscription,2,2024-10-19,23.44,C93745,France,46.88
111690,S333,Streaming subscription,2,2024-10-19,11.88,C10222,Canada,23.76
111749,S747,Streaming subscription,1,2024-10-20,16.02,C64691,Germany,16.02
111748,S784,Streaming subscription,3,2024-10-20,20.36,C78767,Germany,61.08
111744,S494,Streaming subscription,5,2024-10-20,22.66,C42654,France,113.3
111746,S152,Streaming subscription,-1,2024-10-20,19.82,C46627,Germany,-19.82
111745,S628,Streaming subscription,3,2024-10-20,23.72,C83928,Germany,71.16
111750,S160,Streaming subscription,2,2024-10-20,16.05,C41836,Germany,32.1
111747,S235,Streaming subscription,3,2024-10-20,24.9,C19861,Germany,74.69999999999999
111751,S958,Streaming subscription,5,2024-10-20,21.59,C48027,Germany,107.95
111756,S988,Streaming subscription,4,2024-10-20,28.13,C55097,United Kingdom,112.52
111753,S819,Streaming subscription,3,2024-10-20,27.54,C78349,United Kingdom,82.62
111754,S892,Streaming subscription,4,2024-10-20,29.22,C94118,United Kingdom,116.88
111755,S315,Streaming subscription,2,2024-10-20,21.25,C11646,United Kingdom,42.5
111757,S833,Streaming subscription,3,2024-10-20,27.1,C82605,United Kingdom,81.30000000000001
111758,S827,Streaming subscription,2,2024-10-20,20.01,C22084,United Kingdom,40.02
111759,S834,Streaming subscription,2,2024-10-20,29.52,C84823,United Kingdom,59.04
111760,S732,Streaming subscription,5,2024-10-20,25.87,C89239,United Kingdom,129.35
111743,S215,Streaming subscription,5,2024-10-20,10.24,C30740,France,51.2
111752,S646,Streaming subscription,-2,2024-10-20,20.71,C31532,Germany,-41.42
111742,S487,Streaming subscription,1,2024-10-20,16.77,C54029,France,16.77
111741,S372,Streaming subscription,1,2024-10-20,19.25,C77488,France,19.25
111721,S404,Streaming subscription,3,2024-10-20,14.37,C61697,Australia,43.11
111740,S593,Streaming subscription,5,2024-10-20,23.66,C69308,France,118.3
111722,S262,Streaming subscription,2,2024-10-20,17.58,C90846,Australia,35.16
111723,S666,Streaming subscription,3,2024-10-20,16.23,C40978,Australia,48.69
111724,S338,Streaming subscription,5,2024-10-20,15.6,C50339,Australia,78.0
111725,S996,Streaming subscription,3,2024-10-20,23.76,C35302,Australia,71.28
111727,S780,Streaming subscription,4,2024-10-20,19.2,C76723,Australia,76.8
111728,S472,Streaming subscription,2,2024-10-20,20.26,C76614,Australia,40.52
111729,S309,Streaming subscription,2,2024-10-20,19.61,C91559,Canada,39.22
111730,S644,Streaming subscription,1,2024-10-20,9.02,C30917,Canada,9.02
111726,S604,Streaming subscription,5,2024-10-20,19.0,C56584,Australia,95.0
111732,S533,Streaming subscription,3,2024-10-20,19.6,C28043,Canada,58.800000000000004
111731,S142,Streaming subscription,1,2024-10-20,14.43,C78111,Canada,14.43
111738,S861,Streaming subscription,3,2024-10-20,16.42,C57785,France,49.260000000000005
111737,S593,Streaming subscription,4,2024-10-20,16.24,C25272,France,64.96
111736,S986,Streaming subscription,4,2024-10-20,7.15,C70256,Canada,28.6
111739,S145,Streaming subscription,3,2024-10-20,18.87,C91827,France,56.61
111734,S720,Streaming subscription,4,2024-10-20,17.25,C39970,Canada,69.0
111733,S451,Streaming subscription,4,2024-10-20,13.89,C30279,Canada,55.56
111735,S791,Streaming subscription,5,2024-10-20,12.43,C65127,Canada,62.15
111790,S480,Streaming subscription,2,2024-10-21,29.14,C99382,Germany,58.28
111783,S984,Streaming subscription,5,2024-10-21,15.25,C15392,France,76.25
111784,S318,Streaming subscription,2,2024-10-21,19.8,C66577,France,39.6
111785,S323,Streaming subscription,2,2024-10-21,27.26,C92306,Germany,54.52
111786,S727,Streaming subscription,5,2024-10-21,25.62,C94201,Germany,128.1
111787,S718,Streaming subscription,3,2024-10-21,22.73,C27131,Germany,68.19
111788,S589,Streaming subscription,1,2024-10-21,29.8,C32669,Germany,29.8
111789,S137,Streaming subscription,1,2024-10-21,31.7,C63904,Germany,31.7
111791,S830,Streaming subscription,2,2024-10-21,30.15,C38741,Germany,60.3
111782,S110,Streaming subscription,3,2024-10-21,21.11,C44860,France,63.33
111793,S353,Streaming subscription,5,2024-10-21,30.3,C84490,United Kingdom,151.5
111794,S447,Streaming subscription,2,2024-10-21,33.44,C23803,United Kingdom,66.88
111795,S139,Streaming subscription,4,2024-10-21,31.01,C72612,United Kingdom,124.04
111796,S142,Streaming subscription,3,2024-10-21,31.99,C44136,United Kingdom,95.97
111797,S226,Streaming subscription,1,2024-10-21,31.17,C76896,United Kingdom,31.17
111798,S125,Streaming subscription,3,2024-10-21,26.43,C88073,United Kingdom,79.28999999999999
111799,S402,Streaming subscription,5,2024-10-21,29.43,C93460,United Kingdom,147.15
111800,S523,Streaming subscription,4,2024-10-21,26.51,C26492,United Kingdom,106.04
111792,S862,Streaming subscription,4,2024-10-21,30.0,C78490,Germany,120.0
111781,S338,Streaming subscription,2,2024-10-21,29.22,C89085,France,58.44
111761,S377,Streaming subscription,4,2024-10-21,19.11,C33396,Australia,76.44
111779,S896,Streaming subscription,1,2024-10-21,19.06,C36189,France,19.06
111780,S978,Streaming subscription,1,2024-10-21,20.41,C51724,France,20.41
111762,S114,Streaming subscription,5,2024-10-21,18.97,C27192,Australia,94.85
111763,S432,Streaming subscription,3,2024-10-21,27.2,C77710,Australia,81.6
111764,S383,Streaming subscription,-1,2024-10-21,24.0,C70051,Australia,-24.0
111765,S902,Streaming subscription,2,2024-10-21,22.04,C98241,Australia,44.08
111767,S946,Streaming subscription,1,2024-10-21,18.99,C15550,Australia,18.99
111768,S978,Streaming subscription,4,2024-10-21,22.33,C50676,Australia,89.32
111769,S756,Streaming subscription,2,2024-10-21,10.56,C12770,Canada,21.12
111766,S590,Streaming subscription,4,2024-10-21,18.02,C72385,Australia,72.08
111771,S763,Streaming subscription,2,2024-10-21,12.18,C76762,Canada,24.36
111772,S950,Streaming subscription,1,2024-10-21,5.0,C46769,Canada,5.0
111773,S958,Streaming subscription,4,2024-10-21,8.82,C65295,Canada,35.28
111774,S131,Streaming subscription,2,2024-10-21,14.88,C40420,Canada,29.76
111775,S408,Streaming subscription,-1,2024-10-21,14.86,C75946,Canada,-14.86
111776,S771,Streaming subscription,2,2024-10-21,12.14,C41881,Canada,24.28
111777,S479,Streaming subscription,4,2024-10-21,16.2,C14431,France,64.8
111770,S540,Streaming subscription,4,2024-10-21,15.77,C14881,Canada,63.08
111778,S344,Streaming subscription,2,2024-10-21,25.28,C24059,France,50.56
111829,S934,Streaming subscription,1,2024-10-22,27.4,C62741,Germany,27.4
111828,S971,Streaming subscription,-2,2024-10-22,25.18,C77121,Germany,-50.36
111827,S931,Streaming subscription,1,2024-10-22,32.32,C28552,Germany,32.32
111823,S325,Streaming subscription,4,2024-10-22,27.02,C91086,France,108.08
111825,S387,Streaming subscription,5,2024-10-22,25.12,C89943,Germany,125.60000000000001
111824,S692,Streaming subscription,3,2024-10-22,22.28,C55569,France,66.84
111830,S103,Streaming subscription,2,2024-10-22,18.46,C82009,Germany,36.92
111826,S368,Streaming subscription,5,2024-10-22,24.48,C43604,Germany,122.4
111831,S209,Streaming subscription,5,2024-10-22,27.41,C94993,Germany,137.05
111840,S579,Streaming subscription,5,2024-10-22,28.39,C42092,United Kingdom,141.95
111833,S962,Streaming subscription,1,2024-10-22,37.75,C88924,United Kingdom,37.75
111834,S600,Streaming subscription,4,2024-10-22,29.49,C37012,United Kingdom,117.96
111835,S538,Streaming subscription,1,2024-10-22,36.61,C72827,United Kingdom,36.61
111836,S510,Streaming subscription,2,2024-10-22,37.86,C28077,United Kingdom,75.72
111837,S853,Streaming subscription,3,2024-10-22,29.74,C31852,United Kingdom,89.22
111838,S559,Streaming subscription,1,2024-10-22,28.63,C42986,United Kingdom,28.63
111839,S792,Streaming subscription,2,2024-10-22,31.67,C34793,United Kingdom,63.34
111822,S567,Streaming subscription,4,2024-10-22,24.25,C48349,France,97.0
111832,S711,Streaming subscription,3,2024-10-22,28.65,C77676,Germany,85.94999999999999
111821,S140,Streaming subscription,3,2024-10-22,17.11,C27288,France,51.33
111801,S974,Streaming subscription,2,2024-10-22,16.26,C59294,Australia,32.52
111819,S415,Streaming subscription,2,2024-10-22,30.2,C26913,France,60.4
111802,S585,Streaming subscription,1,2024-10-22,18.88,C96793,Australia,18.88
111803,S984,Streaming subscription,5,2024-10-22,17.95,C88179,Australia,89.75
111804,S927,Streaming subscription,3,2024-10-22,20.14,C77415,Australia,60.42
111805,S736,Streaming subscription,3,2024-10-22,21.04,C77117,Australia,63.12
111806,S533,Streaming subscription,5,2024-10-22,27.43,C14996,Australia,137.15
111807,S909,Streaming subscription,4,2024-10-22,22.87,C50656,Australia,91.48
111808,S382,Streaming subscription,5,2024-10-22,21.76,C73909,Australia,108.80000000000001
111809,S535,Streaming subscription,2,2024-10-22,15.71,C24484,Canada,31.42
111820,S131,Streaming subscription,2,2024-10-22,24.08,C83959,France,48.16
111811,S669,Streaming subscription,4,2024-10-22,13.39,C65169,Canada,53.56
111812,S636,Streaming subscription,2,2024-10-22,17.42,C46211,Canada,34.84
111813,S871,Streaming subscription,3,2024-10-22,19.1,C42900,Canada,57.300000000000004
111814,S310,Streaming subscription,4,2024-10-22,18.6,C45944,Canada,74.4
111815,S146,Streaming subscription,4,2024-10-22,15.34,C18692,Canada,61.36
111816,S670,Streaming subscription,5,2024-10-22,15.91,C50388,Canada,79.55
111817,S333,Streaming subscription,1,2024-10-22,21.02,C50446,France,21.02
111818,S578,Streaming subscription,4,2024-10-22,25.29,C64453,France,101.16
111810,S432,Streaming subscription,4,2024-10-22,14.96,C46269,Canada,59.84
111868,S552,Streaming subscription,5,2024-10-23,28.68,C95407,Germany,143.4
111867,S641,Streaming subscription,1,2024-10-23,29.47,C10746,Germany,29.47
111863,S924,Streaming subscription,4,2024-10-23,27.22,C97113,France,108.88
111865,S913,Streaming subscription,2,2024-10-23,28.97,C19694,Germany,57.94
111864,S920,Streaming subscription,5,2024-10-23,18.73,C19317,France,93.65
111869,S189,Streaming subscription,4,2024-10-23,23.26,C18235,Germany,93.04
111866,S684,Streaming subscription,3,2024-10-23,25.66,C75582,Germany,76.98
111870,S435,Streaming subscription,4,2024-10-23,27.19,C23212,Germany,108.76
111875,S262,Streaming subscription,4,2024-10-23,29.84,C41373,United Kingdom,119.36
111872,S494,Streaming subscription,3,2024-10-23,22.85,C38711,Germany,68.55000000000001
111873,S740,Streaming subscription,2,2024-10-23,31.69,C78379,United Kingdom,63.38
111874,S558,Streaming subscription,3,2024-10-23,29.11,C75170,United Kingdom,87.33
111876,S255,Streaming subscription,4,2024-10-23,33.41,C39189,United Kingdom,133.64
111877,S238,Streaming subscription,1,2024-10-23,27.43,C53505,United Kingdom,27.43
111878,S957,Streaming subscription,-1,2024-10-23,38.45,C50493,United Kingdom,-38.45
111879,S440,Streaming subscription,5,2024-10-23,31.03,C28811,United Kingdom,155.15
111862,S426,Streaming subscription,4,2024-10-23,21.22,C91604,France,84.88
111871,S389,Streaming subscription,1,2024-10-23,22.96,C10458,Germany,22.96
111880,S966,Streaming subscription,3,2024-10-23,32.64,C90184,United Kingdom,97.92
111861,S120,Streaming subscription,5,2024-10-23,22.82,C38664,France,114.1
111859,S696,Streaming subscription,5,2024-10-23,27.61,C64966,France,138.05
111860,S173,Streaming subscription,5,2024-10-23,23.41,C82223,France,117.05
111841,S986,Streaming subscription,4,2024-10-23,17.12,C11909,Australia,68.48
111842,S382,Streaming subscription,1,2024-10-23,15.97,C77380,Australia,15.97
111843,S475,Streaming subscription,5,2024-10-23,12.43,C47314,Australia,62.15
111844,S816,Streaming subscription,4,2024-10-23,20.59,C47293,Australia,82.36
111846,S429,Streaming subscription,2,2024-10-23,14.86,C19526,Australia,29.72
111847,S266,Streaming subscription,4,2024-10-23,20.02,C98404,Australia,80.08
111848,S894,Streaming subscription,4,2024-10-23,22.56,C98009,Australia,90.24
111849,S486,Streaming subscription,5,2024-10-23,13.58,C96231,Canada,67.9
111845,S667,Streaming subscription,-2,2024-10-23,16.88,C54209,Australia,-33.76
111851,S218,Streaming subscription,4,2024-10-23,19.79,C26732,Canada,79.16
111850,S206,Streaming subscription,3,2024-10-23,18.95,C87538,Canada,56.849999999999994
111857,S869,Streaming subscription,3,2024-10-23,19.82,C56226,France,59.46
111856,S832,Streaming subscription,4,2024-10-23,17.13,C35709,Canada,68.52
111855,S552,Streaming subscription,3,2024-10-23,17.84,C52417,Canada,53.519999999999996
111858,S558,Streaming subscription,4,2024-10-23,22.15,C63105,France,88.6
111853,S495,Streaming subscription,1,2024-10-23,16.13,C94072,Canada,16.13
111852,S280,Streaming subscription,1,2024-10-23,15.14,C87570,Canada,15.14
111854,S425,Streaming subscription,5,2024-10-23,18.17,C78499,Canada,90.85000000000001
111909,S227,Streaming subscription,2,2024-10-24,26.2,C96561,Germany,52.4
111903,S420,Streaming subscription,3,2024-10-24,28.62,C91161,France,85.86
111904,S106,Streaming subscription,2,2024-10-24,28.85,C45379,France,57.7
111905,S169,Streaming subscription,3,2024-10-24,26.8,C94068,Germany,80.4
111920,S854,Streaming subscription,1,2024-10-24,30.58,C53636,United Kingdom,30.58
111906,S744,Streaming subscription,4,2024-10-24,17.64,C46248,Germany,70.56
111907,S912,Streaming subscription,1,2024-10-24,26.94,C99630,Germany,26.94
111908,S281,Streaming subscription,3,2024-10-24,27.9,C66998,Germany,83.69999999999999
111910,S796,Streaming subscription,-1,2024-10-24,30.99,C74710,Germany,-30.99
111902,S870,Streaming subscription,3,2024-10-24,27.87,C13836,France,83.61
111912,S444,Streaming subscription,1,2024-10-24,29.83,C27084,Germany,29.83
111913,S752,Streaming subscription,5,2024-10-24,33.91,C20116,United Kingdom,169.54999999999998
111914,S933,Streaming subscription,3,2024-10-24,32.35,C24365,United Kingdom,97.05000000000001
111915,S557,Streaming subscription,3,2024-10-24,30.71,C14052,United Kingdom,92.13
111916,S839,Streaming subscription,4,2024-10-24,29.96,C76624,United Kingdom,119.84
111917,S249,Streaming subscription,5,2024-10-24,29.63,C95993,United Kingdom,148.15
111918,S827,Streaming subscription,2,2024-10-24,37.16,C77574,United Kingdom,74.32
111919,S942,Streaming subscription,4,2024-10-24,25.58,C31068,United Kingdom,102.32
111911,S120,Streaming subscription,3,2024-10-24,26.15,C92785,Germany,78.44999999999999
111901,S844,Streaming subscription,1,2024-10-24,14.77,C48766,France,14.77
111895,S354,Streaming subscription,2,2024-10-24,11.81,C66416,Canada,23.62
111899,S333,Streaming subscription,3,2024-10-24,21.95,C34698,France,65.85
111900,S803,Streaming subscription,3,2024-10-24,22.39,C55593,France,67.17
111881,S108,Streaming subscription,5,2024-10-24,19.71,C31649,Australia,98.55000000000001
111882,S306,Streaming subscription,1,2024-10-24,18.42,C63923,Australia,18.42
111883,S436,Streaming subscription,1,2024-10-24,22.38,C25970,Australia,22.38
111884,S590,Streaming subscription,-2,2024-10-24,23.8,C38700,Australia,-47.6
111886,S841,Streaming subscription,4,2024-10-24,10.16,C55030,Australia,40.64
111887,S916,Streaming subscription,2,2024-10-24,21.31,C54361,Australia,42.62
111888,S970,Streaming subscription,4,2024-10-24,21.85,C54328,Australia,87.4
111885,S824,Streaming subscription,5,2024-10-24,25.76,C85274,Australia,128.8
111890,S465,Streaming subscription,1,2024-10-24,11.28,C50218,Canada,11.28
111889,S890,Streaming subscription,2,2024-10-24,18.87,C12123,Canada,37.74
111897,S398,Streaming subscription,4,2024-10-24,25.3,C97064,France,101.2
111896,S706,Streaming subscription,1,2024-10-24,11.66,C31006,Canada,11.66
111894,S878,Streaming subscription,5,2024-10-24,24.47,C66464,Canada,122.35
111898,S913,Streaming subscription,3,2024-10-24,25.62,C43307,France,76.86
111892,S552,Streaming subscription,4,2024-10-24,20.08,C95245,Canada,80.32
111891,S948,Streaming subscription,5,2024-10-24,22.74,C65420,Canada,113.69999999999999
111893,S509,Streaming subscription,1,2024-10-24,20.62,C20914,Canada,20.62
111950,S717,Streaming subscription,1,2024-10-25,33.45,C26615,Germany,33.45
111943,S193,Streaming subscription,5,2024-10-25,21.47,C88286,France,107.35
111944,S806,Streaming subscription,5,2024-10-25,23.95,C81721,France,119.75
111945,S924,Streaming subscription,1,2024-10-25,27.65,C64480,Germany,27.65
111946,S684,Streaming subscription,3,2024-10-25,23.45,C25367,Germany,70.35
111947,S730,Streaming subscription,4,2024-10-25,25.56,C99175,Germany,102.24
111948,S824,Streaming subscription,4,2024-10-25,27.68,C10587,Germany,110.72
111949,S888,Streaming subscription,5,2024-10-25,26.71,C23636,Germany,133.55
111951,S703,Streaming subscription,3,2024-10-25,26.35,C46529,Germany,79.05000000000001
111960,S989,Streaming subscription,3,2024-10-25,30.5,C21818,United Kingdom,91.5
111953,S129,Streaming subscription,4,2024-10-25,31.45,C78946,United Kingdom,125.8
111954,S721,Streaming subscription,3,2024-10-25,29.56,C24648,United Kingdom,88.67999999999999
111955,S592,Streaming subscription,3,2024-10-25,28.0,C63450,United Kingdom,84.0
111956,S795,Streaming subscription,1,2024-10-25,37.92,C45571,United Kingdom,37.92
111957,S924,Streaming subscription,2,2024-10-25,32.73,C37902,United Kingdom,65.46
111958,S366,Streaming subscription,3,2024-10-25,29.49,C47168,United Kingdom,88.47
111959,S969,Streaming subscription,1,2024-10-25,33.2,C20008,United Kingdom,33.2
111942,S962,Streaming subscription,1,2024-10-25,21.42,C66597,France,21.42
111952,S646,Streaming subscription,4,2024-10-25,27.17,C77852,Germany,108.68
111941,S448,Streaming subscription,5,2024-10-25,19.11,C96737,France,95.55
111940,S275,Streaming subscription,1,2024-10-25,20.06,C61887,France,20.06
111939,S655,Streaming subscription,2,2024-10-25,19.94,C48659,France,39.88
111922,S684,Streaming subscription,5,2024-10-25,15.59,C46456,Australia,77.95
111923,S420,Streaming subscription,1,2024-10-25,17.15,C74966,Australia,17.15
111924,S338,Streaming subscription,5,2024-10-25,21.81,C73143,Australia,109.05
111925,S197,Streaming subscription,2,2024-10-25,21.17,C24546,Australia,42.34
111926,S921,Streaming subscription,5,2024-10-25,26.49,C23623,Australia,132.45
111927,S805,Streaming subscription,2,2024-10-25,25.19,C15485,Australia,50.38
111928,S273,Streaming subscription,4,2024-10-25,23.88,C95895,Australia,95.52
111929,S205,Streaming subscription,4,2024-10-25,19.88,C80798,Canada,79.52
111921,S853,Streaming subscription,4,2024-10-25,16.09,C96634,Australia,64.36
111931,S231,Streaming subscription,5,2024-10-25,12.61,C85916,Canada,63.05
111932,S765,Streaming subscription,-1,2024-10-25,15.18,C21252,Canada,-15.18
111933,S840,Streaming subscription,4,2024-10-25,19.61,C55503,Canada,78.44
111934,S360,Streaming subscription,2,2024-10-25,12.77,C78938,Canada,25.54
111935,S440,Streaming subscription,3,2024-10-25,16.66,C92088,Canada,49.980000000000004
111936,S167,Streaming subscription,4,2024-10-25,27.08,C76229,Canada,108.32
111937,S943,Streaming subscription,3,2024-10-25,19.74,C34214,France,59.22
111938,S109,Streaming subscription,2,2024-10-25,18.02,C97080,France,36.04
111930,S571,Streaming subscription,4,2024-10-25,11.69,C78221,Canada,46.76
111988,S926,Streaming subscription,2,2024-10-26,25.86,C34226,Germany,51.72
111987,S215,Streaming subscription,-1,2024-10-26,25.14,C43793,Germany,-25.14
111983,S656,Streaming subscription,5,2024-10-26,18.61,C21974,France,93.05
111985,S465,Streaming subscription,1,2024-10-26,20.15,C91217,Germany,20.15
111984,S699,Streaming subscription,3,2024-10-26,17.93,C52802,France,53.79
111989,S718,Streaming subscription,4,2024-10-26,16.51,C40440,Germany,66.04
111986,S160,Streaming subscription,3,2024-10-26,27.27,C79529,Germany,81.81
111990,S949,Streaming subscription,5,2024-10-26,18.3,C56154,Germany,91.5
112000,S494,Streaming subscription,3,2024-10-26,31.01,C64789,United Kingdom,93.03
111992,S881,Streaming subscription,2,2024-10-26,25.03,C97836,Germany,50.06
111993,S243,Streaming subscription,4,2024-10-26,25.6,C78367,United Kingdom,102.4
111994,S487,Streaming subscription,3,2024-10-26,20.84,C67481,United Kingdom,62.519999999999996
111996,S468,Streaming subscription,4,2024-10-26,22.76,C51494,United Kingdom,91.04
111997,S902,Streaming subscription,2,2024-10-26,26.98,C39452,United Kingdom,53.96
111998,S558,Streaming subscription,5,2024-10-26,25.48,C65416,United Kingdom,127.4
111999,S258,Streaming subscription,5,2024-10-26,32.95,C30903,United Kingdom,164.75
111982,S601,Streaming subscription,5,2024-10-26,14.41,C60911,France,72.05
111991,S683,Streaming subscription,5,2024-10-26,25.14,C57989,Germany,125.7
111981,S283,Streaming subscription,5,2024-10-26,20.3,C46904,France,101.5
111995,S692,Streaming subscription,4,2024-10-26,28.32,C78032,United Kingdom,113.28
111979,S373,Streaming subscription,2,2024-10-26,15.35,C97016,France,30.7
111980,S284,Streaming subscription,2,2024-10-26,19.82,C82435,France,39.64
111961,S897,Streaming subscription,4,2024-10-26,19.63,C13381,Australia,78.52
111962,S670,Streaming subscription,2,2024-10-26,17.16,C74368,Australia,34.32
111963,S428,Streaming subscription,1,2024-10-26,12.78,C88183,Australia,12.78
111964,S645,Streaming subscription,5,2024-10-26,19.95,C29290,Australia,99.75
111965,S460,Streaming subscription,5,2024-10-26,9.13,C59473,Australia,45.650000000000006
111967,S828,Streaming subscription,2,2024-10-26,19.94,C42186,Australia,39.88
111968,S404,Streaming subscription,2,2024-10-26,19.08,C46692,Australia,38.16
111969,S318,Streaming subscription,2,2024-10-26,10.64,C50654,Canada,21.28
111966,S813,Streaming subscription,5,2024-10-26,17.26,C42645,Australia,86.30000000000001
111971,S240,Streaming subscription,1,2024-10-26,16.13,C82863,Canada,16.13
111972,S831,Streaming subscription,1,2024-10-26,7.22,C22071,Canada,7.22
111973,S815,Streaming subscription,2,2024-10-26,9.86,C45315,Canada,19.72
111974,S194,Streaming subscription,2,2024-10-26,13.94,C71211,Canada,27.88
111975,S495,Streaming subscription,3,2024-10-26,16.04,C51586,Canada,48.12
111976,S995,Streaming subscription,1,2024-10-26,17.56,C12499,Canada,17.56
111977,S595,Streaming subscription,2,2024-10-26,18.34,C97712,France,36.68
111970,S919,Streaming subscription,4,2024-10-26,11.34,C64539,Canada,45.36
111978,S169,Streaming subscription,3,2024-10-26,23.23,C17168,France,69.69
112028,S884,Streaming subscription,2,2024-10-27,26.22,C69557,Germany,52.44
112027,S935,Streaming subscription,5,2024-10-27,20.83,C73530,Germany,104.14999999999999
112023,S170,Streaming subscription,3,2024-10-27,19.71,C96384,France,59.13
112025,S925,Streaming subscription,2,2024-10-27,23.38,C27253,Germany,46.76
112024,S540,Streaming subscription,3,2024-10-27,18.06,C76951,France,54.17999999999999
112029,S458,Streaming subscription,2,2024-10-27,21.53,C12862,Germany,43.06
112026,S303,Streaming subscription,4,2024-10-27,25.77,C91553,Germany,103.08
112030,S349,Streaming subscription,3,2024-10-27,22.71,C31990,Germany,68.13
112040,S972,Streaming subscription,3,2024-10-27,26.18,C18362,United Kingdom,78.53999999999999
112032,S587,Streaming subscription,5,2024-10-27,25.91,C94634,Germany,129.55
112033,S762,Streaming subscription,1,2024-10-27,25.37,C13756,United Kingdom,25.37
112034,S700,Streaming subscription,1,2024-10-27,26.25,C90102,United Kingdom,26.25
112036,S625,Streaming subscription,4,2024-10-27,24.45,C98738,United Kingdom,97.8
112037,S589,Streaming subscription,5,2024-10-27,27.88,C23830,United Kingdom,139.4
112038,S544,Streaming subscription,1,2024-10-27,28.38,C70827,United Kingdom,28.38
112039,S888,Streaming subscription,3,2024-10-27,32.7,C72875,United Kingdom,98.10000000000001
112022,S537,Streaming subscription,5,2024-10-27,22.26,C23386,France,111.30000000000001
112031,S588,Streaming subscription,5,2024-10-27,20.06,C16785,Germany,100.3
112021,S610,Streaming subscription,1,2024-10-27,22.02,C96151,France,22.02
112035,S821,Streaming subscription,2,2024-10-27,28.57,C89920,United Kingdom,57.14
112019,S193,Streaming subscription,2,2024-10-27,16.52,C11130,France,33.04
112020,S379,Streaming subscription,4,2024-10-27,20.25,C32739,France,81.0
112001,S299,Streaming subscription,5,2024-10-27,15.66,C73662,Australia,78.3
112002,S954,Streaming subscription,1,2024-10-27,15.18,C97671,Australia,15.18
112003,S501,Streaming subscription,2,2024-10-27,15.24,C11353,Australia,30.48
112004,S705,Streaming subscription,3,2024-10-27,15.67,C14555,Australia,47.01
112005,S731,Streaming subscription,1,2024-10-27,10.33,C59901,Australia,10.33
112007,S404,Streaming subscription,1,2024-10-27,20.66,C88574,Australia,20.66
112008,S977,Streaming subscription,3,2024-10-27,18.82,C52887,Australia,56.46
112009,S906,Streaming subscription,4,2024-10-27,17.4,C12099,Canada,69.6
112006,S398,Streaming subscription,4,2024-10-27,15.86,C31980,Australia,63.44
112011,S558,Streaming subscription,4,2024-10-27,13.33,C81483,Canada,53.32
112012,S978,Streaming subscription,3,2024-10-27,19.64,C77354,Canada,58.92
112013,S750,Streaming subscription,-2,2024-10-27,19.55,C35843,Canada,-39.1
112014,S494,Streaming subscription,1,2024-10-27,12.47,C63310,Canada,12.47
112015,S355,Streaming subscription,3,2024-10-27,8.83,C70788,Canada,26.490000000000002
112016,S299,Streaming subscription,2,2024-10-27,14.53,C62161,Canada,29.06
112017,S171,Streaming subscription,5,2024-10-27,23.01,C63152,France,115.05000000000001
112010,S595,Streaming subscription,3,2024-10-27,17.53,C56080,Canada,52.59
112018,S572,Streaming subscription,1,2024-10-27,24.33,C57460,France,24.33
112068,S381,Streaming subscription,4,2024-10-28,26.25,C68915,Germany,105.0
112067,S515,Streaming subscription,1,2024-10-28,27.69,C14733,Germany,27.69
112066,S355,Streaming subscription,3,2024-10-28,25.91,C55720,Germany,77.73
112063,S837,Streaming subscription,3,2024-10-28,28.38,C80263,France,85.14
112064,S844,Streaming subscription,2,2024-10-28,25.26,C93267,France,50.52
112069,S210,Streaming subscription,1,2024-10-28,31.02,C20497,Germany,31.02
112065,S202,Streaming subscription,3,2024-10-28,20.81,C66046,Germany,62.42999999999999
112070,S108,Streaming subscription,5,2024-10-28,22.94,C43041,Germany,114.7
112080,S543,Streaming subscription,5,2024-10-28,31.79,C85462,United Kingdom,158.95
112072,S691,Streaming subscription,1,2024-10-28,31.58,C19973,Germany,31.58
112073,S826,Streaming subscription,3,2024-10-28,30.72,C79290,United Kingdom,92.16
112074,S828,Streaming subscription,5,2024-10-28,29.95,C23098,United Kingdom,149.75
112075,S120,Streaming subscription,4,2024-10-28,36.46,C44075,United Kingdom,145.84
112076,S582,Streaming subscription,2,2024-10-28,27.43,C12775,United Kingdom,54.86
112077,S977,Streaming subscription,3,2024-10-28,29.79,C49213,United Kingdom,89.37
112078,S632,Streaming subscription,3,2024-10-28,29.62,C52393,United Kingdom,88.86
112079,S996,Streaming subscription,4,2024-10-28,33.05,C28823,United Kingdom,132.2
112062,S161,Streaming subscription,5,2024-10-28,24.86,C88444,France,124.3
112071,S810,Streaming subscription,3,2024-10-28,30.59,C54594,Germany,91.77
112061,S444,Streaming subscription,5,2024-10-28,29.7,C61552,France,148.5
112055,S171,Streaming subscription,2,2024-10-28,16.81,C93839,Canada,33.62
112059,S663,Streaming subscription,5,2024-10-28,27.06,C21263,France,135.29999999999998
112041,S730,Streaming subscription,2,2024-10-28,22.73,C29841,Australia,45.46
112042,S564,Streaming subscription,3,2024-10-28,17.99,C81522,Australia,53.97
112043,S477,Streaming subscription,1,2024-10-28,18.34,C87613,Australia,18.34
112044,S431,Streaming subscription,1,2024-10-28,20.44,C66371,Australia,20.44
112060,S198,Streaming subscription,3,2024-10-28,21.14,C89654,France,63.42
112046,S457,Streaming subscription,3,2024-10-28,15.61,C73873,Australia,46.83
112047,S354,Streaming subscription,2,2024-10-28,21.28,C91301,Australia,42.56
112048,S902,Streaming subscription,3,2024-10-28,20.06,C56642,Australia,60.17999999999999
112045,S189,Streaming subscription,-1,2024-10-28,22.87,C88471,Australia,-22.87
112050,S272,Streaming subscription,5,2024-10-28,16.26,C12331,Canada,81.30000000000001
112051,S429,Streaming subscription,3,2024-10-28,20.63,C19547,Canada,61.89
112052,S196,Streaming subscription,4,2024-10-28,19.51,C51595,Canada,78.04
112053,S381,Streaming subscription,4,2024-10-28,19.84,C79483,Canada,79.36
112054,S147,Streaming subscription,2,2024-10-28,19.56,C50318,Canada,39.12
112056,S186,Streaming subscription,4,2024-10-28,15.13,C29642,Canada,60.52
112057,S200,Streaming subscription,4,2024-10-28,18.42,C22820,France,73.68
112058,S177,Streaming subscription,5,2024-10-28,23.29,C17204,France,116.44999999999999
112049,S741,Streaming subscription,2,2024-10-28,10.14,C13120,Canada,20.28
112109,S359,Streaming subscription,3,2024-10-29,30.04,C74934,Germany,90.12
112108,S902,Streaming subscription,4,2024-10-29,31.25,C31469,Germany,125.0
112107,S678,Streaming subscription,4,2024-10-29,24.55,C21654,Germany,98.2
112110,S681,Streaming subscription,1,2024-10-29,25.49,C21491,Germany,25.49
112105,S626,Streaming subscription,1,2024-10-29,29.25,C64295,Germany,29.25
112104,S453,Streaming subscription,4,2024-10-29,17.3,C87559,France,69.2
112103,S531,Streaming subscription,1,2024-10-29,21.51,C20818,France,21.51
112106,S190,Streaming subscription,3,2024-10-29,24.91,C81204,Germany,74.73
112111,S726,Streaming subscription,3,2024-10-29,28.87,C14301,Germany,86.61
112102,S349,Streaming subscription,1,2024-10-29,14.41,C21184,France,14.41
112113,S157,Streaming subscription,4,2024-10-29,33.14,C46061,United Kingdom,132.56
112114,S960,Streaming subscription,3,2024-10-29,34.7,C64897,United Kingdom,104.10000000000001
112115,S733,Streaming subscription,2,2024-10-29,26.37,C34895,United Kingdom,52.74
112116,S243,Streaming subscription,5,2024-10-29,27.72,C10994,United Kingdom,138.6
112117,S583,Streaming subscription,5,2024-10-29,39.09,C49618,United Kingdom,195.45000000000002
112118,S892,Streaming subscription,4,2024-10-29,28.44,C17190,United Kingdom,113.76
112119,S150,Streaming subscription,4,2024-10-29,28.64,C43651,United Kingdom,114.56
112120,S945,Streaming subscription,1,2024-10-29,30.0,C22018,United Kingdom,30.0
112112,S793,Streaming subscription,5,2024-10-29,27.24,C62642,Germany,136.2
112101,S461,Streaming subscription,4,2024-10-29,15.03,C53028,France,60.12
112081,S949,Streaming subscription,4,2024-10-29,24.59,C99903,Australia,98.36
112099,S410,Streaming subscription,5,2024-10-29,26.21,C37296,France,131.05
112082,S209,Streaming subscription,3,2024-10-29,22.14,C54614,Australia,66.42
112083,S634,Streaming subscription,5,2024-10-29,20.73,C83912,Australia,103.65
112084,S576,Streaming subscription,4,2024-10-29,27.01,C29388,Australia,108.04
112085,S978,Streaming subscription,2,2024-10-29,20.03,C53360,Australia,40.06
112086,S115,Streaming subscription,3,2024-10-29,21.81,C29636,Australia,65.42999999999999
112087,S920,Streaming subscription,-2,2024-10-29,25.31,C28773,Australia,-50.62
112088,S347,Streaming subscription,3,2024-10-29,14.78,C45401,Australia,44.339999999999996
112089,S477,Streaming subscription,4,2024-10-29,14.83,C44106,Canada,59.32
112100,S946,Streaming subscription,3,2024-10-29,21.15,C32690,France,63.449999999999996
112091,S394,Streaming subscription,2,2024-10-29,16.34,C68232,Canada,32.68
112092,S558,Streaming subscription,2,2024-10-29,24.47,C79132,Canada,48.94
112093,S765,Streaming subscription,3,2024-10-29,24.38,C73788,Canada,73.14
112094,S347,Streaming subscription,5,2024-10-29,16.67,C34433,Canada,83.35000000000001
112095,S950,Streaming subscription,1,2024-10-29,15.44,C86242,Canada,15.44
112096,S288,Streaming subscription,1,2024-10-29,19.72,C18796,Canada,19.72
112097,S908,Streaming subscription,3,2024-10-29,23.63,C88419,France,70.89
112098,S250,Streaming subscription,2,2024-10-29,23.56,C27155,France,47.12
112090,S210,Streaming subscription,4,2024-10-29,19.04,C90003,Canada,76.16
112149,S727,Streaming subscription,4,2024-10-30,23.75,C32815,Germany,95.0
112148,S855,Streaming subscription,2,2024-10-30,33.81,C12107,Germany,67.62
112144,S624,Streaming subscription,3,2024-10-30,18.35,C50482,France,55.050000000000004
112146,S815,Streaming subscription,2,2024-10-30,34.13,C11338,Germany,68.26
112145,S189,Streaming subscription,5,2024-10-30,28.19,C58935,Germany,140.95000000000002
112150,S576,Streaming subscription,1,2024-10-30,22.05,C16139,Germany,22.05
112147,S474,Streaming subscription,1,2024-10-30,30.85,C69868,Germany,30.85
112151,S420,Streaming subscription,1,2024-10-30,29.62,C36786,Germany,29.62
112156,S511,Streaming subscription,5,2024-10-30,31.78,C38177,United Kingdom,158.9
112153,S736,Streaming subscription,2,2024-10-30,28.58,C69959,United Kingdom,57.16
112154,S843,Streaming subscription,1,2024-10-30,28.11,C44200,United Kingdom,28.11
112155,S672,Streaming subscription,3,2024-10-30,30.32,C95852,United Kingdom,90.96000000000001
112157,S563,Streaming subscription,3,2024-10-30,29.14,C97625,United Kingdom,87.42
112158,S987,Streaming subscription,4,2024-10-30,30.73,C28721,United Kingdom,122.92
112159,S764,Streaming subscription,4,2024-10-30,29.68,C97930,United Kingdom,118.72
112160,S967,Streaming subscription,4,2024-10-30,30.15,C85319,United Kingdom,120.6
112143,S915,Streaming subscription,-1,2024-10-30,16.59,C15748,France,-16.59
112152,S624,Streaming subscription,5,2024-10-30,24.44,C69732,Germany,122.2
112142,S268,Streaming subscription,1,2024-10-30,22.62,C12255,France,22.62
112141,S800,Streaming subscription,3,2024-10-30,25.3,C90224,France,75.9
112121,S275,Streaming subscription,4,2024-10-30,25.61,C26847,Australia,102.44
112140,S446,Streaming subscription,2,2024-10-30,18.86,C35841,France,37.72
112122,S653,Streaming subscription,5,2024-10-30,16.62,C62062,Australia,83.10000000000001
112123,S804,Streaming subscription,1,2024-10-30,19.75,C42816,Australia,19.75
112124,S649,Streaming subscription,3,2024-10-30,13.36,C14584,Australia,40.08
112125,S427,Streaming subscription,4,2024-10-30,25.27,C97281,Australia,101.08
112127,S335,Streaming subscription,2,2024-10-30,18.75,C77284,Australia,37.5
112128,S260,Streaming subscription,5,2024-10-30,28.22,C93900,Australia,141.1
112129,S349,Streaming subscription,2,2024-10-30,23.55,C81347,Canada,47.1
112130,S366,Streaming subscription,3,2024-10-30,19.45,C69294,Canada,58.349999999999994
112126,S649,Streaming subscription,3,2024-10-30,21.14,C87529,Australia,63.42
112132,S229,Streaming subscription,1,2024-10-30,18.51,C20933,Canada,18.51
112131,S258,Streaming subscription,4,2024-10-30,20.12,C46131,Canada,80.48
112138,S310,Streaming subscription,4,2024-10-30,19.78,C54790,France,79.12
112137,S454,Streaming subscription,2,2024-10-30,26.22,C37097,France,52.44
112136,S987,Streaming subscription,2,2024-10-30,24.74,C48177,Canada,49.48
112139,S167,Streaming subscription,4,2024-10-30,18.15,C82457,France,72.6
112134,S469,Streaming subscription,5,2024-10-30,14.91,C82719,Canada,74.55
112133,S661,Streaming subscription,4,2024-10-30,7.37,C76502,Canada,29.48
112135,S314,Streaming subscription,2,2024-10-30,12.12,C15165,Canada,24.24
112190,S566,Streaming subscription,4,2024-10-31,24.26,C75820,Germany,97.04
112183,S677,Streaming subscription,3,2024-10-31,19.23,C80202,France,57.69
112184,S514,Streaming subscription,2,2024-10-31,28.06,C39373,France,56.12
112185,S459,Streaming subscription,5,2024-10-31,18.11,C58609,Germany,90.55
112186,S200,Streaming subscription,1,2024-10-31,26.24,C99014,Germany,26.24
112187,S662,Streaming subscription,5,2024-10-31,29.94,C15781,Germany,149.70000000000002
112188,S369,Streaming subscription,1,2024-10-31,18.93,C70787,Germany,18.93
112189,S302,Streaming subscription,1,2024-10-31,29.64,C56983,Germany,29.64
112191,S406,Streaming subscription,2,2024-10-31,26.19,C79548,Germany,52.38
112182,S411,Streaming subscription,5,2024-10-31,24.87,C32118,France,124.35000000000001
112193,S544,Streaming subscription,1,2024-10-31,26.89,C40046,United Kingdom,26.89
112194,S316,Streaming subscription,5,2024-10-31,31.21,C25075,United Kingdom,156.05
112195,S803,Streaming subscription,3,2024-10-31,30.57,C73570,United Kingdom,91.71000000000001
112196,S967,Streaming subscription,2,2024-10-31,34.25,C55988,United Kingdom,68.5
112197,S167,Streaming subscription,2,2024-10-31,34.77,C89769,United Kingdom,69.54
112198,S498,Streaming subscription,5,2024-10-31,30.41,C17313,United Kingdom,152.05
112199,S413,Streaming subscription,4,2024-10-31,30.12,C15468,United Kingdom,120.48
112200,S927,Streaming subscription,-1,2024-10-31,32.32,C56613,United Kingdom,-32.32
112192,S387,Streaming subscription,3,2024-10-31,29.85,C50163,Germany,89.55000000000001
112181,S727,Streaming subscription,3,2024-10-31,23.75,C40050,France,71.25
112161,S970,Streaming subscription,1,2024-10-31,24.14,C46849,Australia,24.14
112179,S738,Streaming subscription,4,2024-10-31,26.38,C24834,France,105.52
112180,S349,Streaming subscription,2,2024-10-31,25.28,C46854,France,50.56
112162,S605,Streaming subscription,2,2024-10-31,18.87,C24257,Australia,37.74
112163,S479,Streaming subscription,4,2024-10-31,20.53,C37016,Australia,82.12
112164,S169,Streaming subscription,1,2024-10-31,17.19,C76520,Australia,17.19
112165,S133,Streaming subscription,2,2024-10-31,15.73,C78098,Australia,31.46
112167,S385,Streaming subscription,3,2024-10-31,16.42,C11062,Australia,49.260000000000005
112168,S213,Streaming subscription,3,2024-10-31,20.54,C34491,Australia,61.62
112169,S291,Streaming subscription,4,2024-10-31,14.21,C67719,Canada,56.84
112166,S748,Streaming subscription,2,2024-10-31,23.88,C93775,Australia,47.76
112171,S306,Streaming subscription,4,2024-10-31,17.54,C18534,Canada,70.16
112172,S471,Streaming subscription,5,2024-10-31,22.94,C83587,Canada,114.7
112173,S358,Streaming subscription,4,2024-10-31,17.27,C40333,Canada,69.08
112174,S221,Streaming subscription,2,2024-10-31,9.46,C30650,Canada,18.92
112175,S171,Streaming subscription,3,2024-10-31,20.55,C56392,Canada,61.650000000000006
112176,S491,Streaming subscription,5,2024-10-31,15.51,C23622,Canada,77.55
112177,S424,Streaming subscription,3,2024-10-31,21.64,C31321,France,64.92
112170,S896,Streaming subscription,5,2024-10-31,21.28,C89238,Canada,106.4
112178,S896,Streaming subscription,4,2024-10-31,23.87,C16955,France,95.48
112229,S864,Streaming subscription,1,2024-11-01,26.31,C23879,Germany,26.31
112228,S218,Streaming subscription,2,2024-11-01,24.75,C22281,Germany,49.5
112227,S572,Streaming subscription,2,2024-11-01,24.27,C48660,Germany,48.54
112223,S348,Streaming subscription,5,2024-11-01,27.06,C37919,France,135.29999999999998
112225,S623,Streaming subscription,2,2024-11-01,23.85,C64235,Germany,47.7
112224,S280,Streaming subscription,1,2024-11-01,23.07,C94717,France,23.07
112230,S101,Streaming subscription,2,2024-11-01,27.25,C83894,Germany,54.5
112226,S696,Streaming subscription,2,2024-11-01,22.29,C72089,Germany,44.58
112231,S696,Streaming subscription,3,2024-11-01,29.2,C31492,Germany,87.6
112240,S896,Streaming subscription,5,2024-11-01,28.24,C39416,United Kingdom,141.2
112233,S940,Streaming subscription,3,2024-11-01,30.16,C38289,United Kingdom,90.48
112234,S263,Streaming subscription,1,2024-11-01,24.78,C93405,United Kingdom,24.78
112235,S742,Streaming subscription,2,2024-11-01,31.67,C55062,United Kingdom,63.34
112236,S323,Streaming subscription,1,2024-11-01,29.86,C92188,United Kingdom,29.86
112237,S883,Streaming subscription,1,2024-11-01,27.41,C31491,United Kingdom,27.41
112238,S613,Streaming subscription,2,2024-11-01,31.67,C80479,United Kingdom,63.34
112239,S896,Streaming subscription,5,2024-11-01,29.91,C21747,United Kingdom,149.55
112222,S869,Streaming subscription,5,2024-11-01,18.88,C28992,France,94.39999999999999
112232,S675,Streaming subscription,2,2024-11-01,28.78,C31424,Germany,57.56
112221,S556,Streaming subscription,1,2024-11-01,18.24,C73901,France,18.24
112201,S648,Streaming subscription,4,2024-11-01,18.11,C97190,Australia,72.44
112219,S942,Streaming subscription,4,2024-11-01,27.53,C60630,France,110.12
112202,S941,Streaming subscription,1,2024-11-01,24.71,C19489,Australia,24.71
112203,S536,Streaming subscription,2,2024-11-01,19.64,C21129,Australia,39.28
112204,S320,Streaming subscription,2,2024-11-01,17.29,C31340,Australia,34.58
112205,S490,Streaming subscription,1,2024-11-01,20.84,C97814,Australia,20.84
112206,S300,Streaming subscription,3,2024-11-01,21.58,C42065,Australia,64.74
112207,S540,Streaming subscription,1,2024-11-01,22.46,C34197,Australia,22.46
112208,S921,Streaming subscription,2,2024-11-01,18.81,C17659,Australia,37.62
112209,S250,Streaming subscription,3,2024-11-01,17.43,C68032,Canada,52.29
112220,S273,Streaming subscription,4,2024-11-01,24.66,C62202,France,98.64
112211,S460,Streaming subscription,1,2024-11-01,12.75,C70346,Canada,12.75
112212,S474,Streaming subscription,1,2024-11-01,14.4,C76715,Canada,14.4
112213,S247,Streaming subscription,1,2024-11-01,14.3,C52285,Canada,14.3
112214,S414,Streaming subscription,3,2024-11-01,17.71,C70498,Canada,53.13
112215,S676,Streaming subscription,4,2024-11-01,16.13,C73919,Canada,64.52
112216,S549,Streaming subscription,4,2024-11-01,19.33,C74450,Canada,77.32
112217,S668,Streaming subscription,5,2024-11-01,20.52,C69899,France,102.6
112218,S439,Streaming subscription,2,2024-11-01,21.3,C54666,France,42.6
112210,S764,Streaming subscription,1,2024-11-01,22.87,C40226,Canada,22.87
112268,S207,Streaming subscription,3,2024-11-02,18.21,C67263,Germany,54.63
112267,S412,Streaming subscription,1,2024-11-02,15.19,C24165,Germany,15.19
112263,S353,Streaming subscription,3,2024-11-02,21.43,C80771,France,64.28999999999999
112265,S540,Streaming subscription,4,2024-11-02,23.7,C28414,Germany,94.8
112264,S404,Streaming subscription,5,2024-11-02,15.07,C36763,France,75.35
112269,S482,Streaming subscription,-2,2024-11-02,19.68,C65645,Germany,-39.36
112266,S595,Streaming subscription,2,2024-11-02,22.64,C19978,Germany,45.28
112270,S848,Streaming subscription,1,2024-11-02,27.53,C10317,Germany,27.53
112275,S895,Streaming subscription,4,2024-11-02,22.09,C89998,United Kingdom,88.36
112272,S833,Streaming subscription,5,2024-11-02,18.35,C61963,Germany,91.75
112273,S846,Streaming subscription,5,2024-11-02,29.68,C22353,United Kingdom,148.4
112274,S760,Streaming subscription,2,2024-11-02,24.72,C68032,United Kingdom,49.44
112276,S406,Streaming subscription,4,2024-11-02,27.34,C64287,United Kingdom,109.36
112277,S289,Streaming subscription,-1,2024-11-02,24.41,C52892,United Kingdom,-24.41
112278,S590,Streaming subscription,5,2024-11-02,22.1,C79055,United Kingdom,110.5
112279,S559,Streaming subscription,2,2024-11-02,27.03,C54071,United Kingdom,54.06
112262,S472,Streaming subscription,5,2024-11-02,18.16,C75421,France,90.8
112271,S560,Streaming subscription,1,2024-11-02,23.88,C80203,Germany,23.88
112280,S809,Streaming subscription,5,2024-11-02,32.05,C26063,United Kingdom,160.25
112261,S510,Streaming subscription,2,2024-11-02,16.81,C27732,France,33.62
112259,S175,Streaming subscription,5,2024-11-02,17.21,C40622,France,86.05000000000001
112260,S290,Streaming subscription,3,2024-11-02,15.33,C60971,France,45.99
112241,S168,Streaming subscription,5,2024-11-02,11.88,C86940,Australia,59.400000000000006
112242,S328,Streaming subscription,4,2024-11-02,14.32,C40289,Australia,57.28
112243,S855,Streaming subscription,2,2024-11-02,19.95,C47652,Australia,39.9
112244,S787,Streaming subscription,-1,2024-11-02,18.83,C89430,Australia,-18.83
112246,S255,Streaming subscription,2,2024-11-02,22.41,C95248,Australia,44.82
112247,S987,Streaming subscription,1,2024-11-02,18.96,C86487,Australia,18.96
112248,S634,Streaming subscription,1,2024-11-02,19.78,C93575,Australia,19.78
112249,S977,Streaming subscription,3,2024-11-02,16.81,C25480,Canada,50.42999999999999
112245,S466,Streaming subscription,3,2024-11-02,15.08,C14621,Australia,45.24
112251,S731,Streaming subscription,1,2024-11-02,14.55,C90416,Canada,14.55
112250,S160,Streaming subscription,3,2024-11-02,10.08,C15071,Canada,30.240000000000002
112257,S662,Streaming subscription,4,2024-11-02,16.94,C60459,France,67.76
112256,S996,Streaming subscription,1,2024-11-02,7.84,C52457,Canada,7.84
112255,S478,Streaming subscription,1,2024-11-02,12.09,C20483,Canada,12.09
112258,S269,Streaming subscription,5,2024-11-02,18.37,C80038,France,91.85000000000001
112253,S350,Streaming subscription,5,2024-11-02,17.71,C11533,Canada,88.55000000000001
112252,S839,Streaming subscription,4,2024-11-02,12.01,C30075,Canada,48.04
112254,S637,Streaming subscription,3,2024-11-02,13.97,C73028,Canada,41.910000000000004
112310,S518,Streaming subscription,4,2024-11-03,24.83,C47691,Germany,99.32
112303,S296,Streaming subscription,5,2024-11-03,21.29,C56659,France,106.44999999999999
112304,S222,Streaming subscription,5,2024-11-03,26.23,C96557,France,131.15
112305,S632,Streaming subscription,2,2024-11-03,21.47,C17431,Germany,42.94
112306,S276,Streaming subscription,4,2024-11-03,18.62,C47505,Germany,74.48
112307,S451,Streaming subscription,1,2024-11-03,22.25,C78271,Germany,22.25
112308,S340,Streaming subscription,2,2024-11-03,22.34,C99195,Germany,44.68
112309,S734,Streaming subscription,4,2024-11-03,17.11,C97200,Germany,68.44
112311,S331,Streaming subscription,-1,2024-11-03,20.18,C88292,Germany,-20.18
112302,S473,Streaming subscription,3,2024-11-03,23.78,C33982,France,71.34
112313,S186,Streaming subscription,3,2024-11-03,23.64,C35220,United Kingdom,70.92
112314,S568,Streaming subscription,2,2024-11-03,31.12,C68906,United Kingdom,62.24
112315,S639,Streaming subscription,3,2024-11-03,29.24,C63312,United Kingdom,87.72
112316,S687,Streaming subscription,2,2024-11-03,23.61,C65554,United Kingdom,47.22
112317,S830,Streaming subscription,5,2024-11-03,23.84,C13577,United Kingdom,119.2
112318,S344,Streaming subscription,5,2024-11-03,23.16,C91922,United Kingdom,115.8
112319,S369,Streaming subscription,2,2024-11-03,27.65,C91764,United Kingdom,55.3
112320,S972,Streaming subscription,3,2024-11-03,29.62,C13186,United Kingdom,88.86
112312,S701,Streaming subscription,4,2024-11-03,26.8,C98420,Germany,107.2
112301,S611,Streaming subscription,1,2024-11-03,21.83,C42514,France,21.83
112300,S245,Streaming subscription,2,2024-11-03,23.3,C49073,France,46.6
112299,S109,Streaming subscription,5,2024-11-03,18.96,C60187,France,94.80000000000001
112281,S661,Streaming subscription,2,2024-11-03,24.88,C79323,Australia,49.76
112282,S366,Streaming subscription,1,2024-11-03,21.34,C75233,Australia,21.34
112283,S664,Streaming subscription,3,2024-11-03,15.64,C13041,Australia,46.92
112284,S515,Streaming subscription,2,2024-11-03,21.25,C96145,Australia,42.5
112285,S782,Streaming subscription,4,2024-11-03,15.8,C65483,Australia,63.2
112287,S948,Streaming subscription,5,2024-11-03,18.09,C18494,Australia,90.45
112288,S707,Streaming subscription,5,2024-11-03,15.73,C27122,Australia,78.65
112289,S348,Streaming subscription,1,2024-11-03,13.77,C45640,Canada,13.77
112286,S471,Streaming subscription,5,2024-11-03,20.34,C50639,Australia,101.7
112291,S182,Streaming subscription,2,2024-11-03,18.34,C59947,Canada,36.68
112290,S130,Streaming subscription,1,2024-11-03,12.34,C13611,Canada,12.34
112297,S280,Streaming subscription,3,2024-11-03,22.42,C43736,France,67.26
112296,S406,Streaming subscription,4,2024-11-03,18.66,C51645,Canada,74.64
112295,S251,Streaming subscription,1,2024-11-03,14.37,C81203,Canada,14.37
112298,S738,Streaming subscription,5,2024-11-03,18.93,C55877,France,94.65
112293,S629,Streaming subscription,1,2024-11-03,12.35,C61704,Canada,12.35
112292,S763,Streaming subscription,4,2024-11-03,14.21,C33406,Canada,56.84
112294,S215,Streaming subscription,5,2024-11-03,21.5,C43408,Canada,107.5
112350,S338,Streaming subscription,5,2024-11-04,26.18,C41114,Germany,130.9
112343,S128,Streaming subscription,5,2024-11-04,23.12,C40818,France,115.60000000000001
112344,S508,Streaming subscription,3,2024-11-04,25.85,C75107,France,77.55000000000001
112345,S621,Streaming subscription,4,2024-11-04,25.25,C99478,Germany,101.0
112346,S420,Streaming subscription,3,2024-11-04,24.76,C41533,Germany,74.28
112347,S357,Streaming subscription,2,2024-11-04,27.51,C17831,Germany,55.02
112348,S342,Streaming subscription,5,2024-11-04,23.56,C17929,Germany,117.8
112349,S703,Streaming subscription,-2,2024-11-04,19.87,C99405,Germany,-39.74
112351,S542,Streaming subscription,5,2024-11-04,27.65,C54483,Germany,138.25
112360,S427,Streaming subscription,3,2024-11-04,27.93,C84291,United Kingdom,83.78999999999999
112353,S574,Streaming subscription,5,2024-11-04,33.5,C99418,United Kingdom,167.5
112354,S259,Streaming subscription,1,2024-11-04,28.26,C73685,United Kingdom,28.26
112355,S946,Streaming subscription,5,2024-11-04,30.37,C40730,United Kingdom,151.85
112356,S987,Streaming subscription,5,2024-11-04,24.54,C55249,United Kingdom,122.69999999999999
112357,S418,Streaming subscription,5,2024-11-04,28.0,C23367,United Kingdom,140.0
112358,S332,Streaming subscription,5,2024-11-04,29.02,C14558,United Kingdom,145.1
112359,S823,Streaming subscription,1,2024-11-04,29.59,C52577,United Kingdom,29.59
112342,S157,Streaming subscription,3,2024-11-04,16.71,C99725,France,50.13
112352,S393,Streaming subscription,4,2024-11-04,22.39,C18910,Germany,89.56
112341,S151,Streaming subscription,1,2024-11-04,12.38,C35433,France,12.38
112340,S688,Streaming subscription,2,2024-11-04,15.16,C32653,France,30.32
112339,S370,Streaming subscription,5,2024-11-04,22.52,C15854,France,112.6
112322,S761,Streaming subscription,4,2024-11-04,24.48,C57056,Australia,97.92
112323,S320,Streaming subscription,1,2024-11-04,21.39,C14008,Australia,21.39
112324,S374,Streaming subscription,1,2024-11-04,18.44,C18105,Australia,18.44
112325,S421,Streaming subscription,4,2024-11-04,17.29,C20686,Australia,69.16
112326,S170,Streaming subscription,4,2024-11-04,22.48,C82292,Australia,89.92
112327,S186,Streaming subscription,2,2024-11-04,22.47,C16805,Australia,44.94
112328,S383,Streaming subscription,4,2024-11-04,20.43,C17945,Australia,81.72
112329,S658,Streaming subscription,4,2024-11-04,21.63,C84369,Canada,86.52
112321,S286,Streaming subscription,1,2024-11-04,20.48,C51338,Australia,20.48
112331,S899,Streaming subscription,2,2024-11-04,13.56,C44025,Canada,27.12
112332,S749,Streaming subscription,5,2024-11-04,13.51,C77250,Canada,67.55
112333,S941,Streaming subscription,3,2024-11-04,18.24,C42462,Canada,54.72
112334,S715,Streaming subscription,1,2024-11-04,14.49,C11937,Canada,14.49
112335,S509,Streaming subscription,4,2024-11-04,14.64,C83192,Canada,58.56
112336,S410,Streaming subscription,5,2024-11-04,10.91,C61237,Canada,54.55
112337,S980,Streaming subscription,2,2024-11-04,22.05,C91099,France,44.1
112338,S824,Streaming subscription,4,2024-11-04,24.65,C25575,France,98.6
112330,S546,Streaming subscription,1,2024-11-04,14.05,C15596,Canada,14.05
112388,S632,Streaming subscription,3,2024-11-05,23.51,C96444,Germany,70.53
112387,S440,Streaming subscription,5,2024-11-05,30.47,C30987,Germany,152.35
112383,S557,Streaming subscription,1,2024-11-05,18.08,C11000,France,18.08
112385,S803,Streaming subscription,5,2024-11-05,23.91,C27043,Germany,119.55
112384,S758,Streaming subscription,2,2024-11-05,27.74,C89041,France,55.48
112389,S262,Streaming subscription,2,2024-11-05,31.76,C60288,Germany,63.52
112386,S338,Streaming subscription,4,2024-11-05,28.84,C64700,Germany,115.36
112390,S244,Streaming subscription,5,2024-11-05,25.12,C86816,Germany,125.60000000000001
112395,S281,Streaming subscription,2,2024-11-05,29.17,C97362,United Kingdom,58.34
112392,S390,Streaming subscription,5,2024-11-05,28.22,C32933,Germany,141.1
112393,S996,Streaming subscription,1,2024-11-05,28.08,C85051,United Kingdom,28.08
112394,S153,Streaming subscription,1,2024-11-05,32.97,C87929,United Kingdom,32.97
112396,S559,Streaming subscription,3,2024-11-05,28.0,C55715,United Kingdom,84.0
112397,S117,Streaming subscription,2,2024-11-05,32.73,C50058,United Kingdom,65.46
112398,S721,Streaming subscription,2,2024-11-05,30.4,C53173,United Kingdom,60.8
112399,S234,Streaming subscription,1,2024-11-05,29.07,C44378,United Kingdom,29.07
112382,S200,Streaming subscription,4,2024-11-05,23.89,C45365,France,95.56
112391,S948,Streaming subscription,1,2024-11-05,25.42,C48456,Germany,25.42
112381,S200,Streaming subscription,5,2024-11-05,13.01,C17683,France,65.05
112400,S156,Streaming subscription,-1,2024-11-05,29.9,C46636,United Kingdom,-29.9
112379,S680,Streaming subscription,1,2024-11-05,18.25,C64452,France,18.25
112361,S188,Streaming subscription,1,2024-11-05,19.78,C43253,Australia,19.78
112362,S835,Streaming subscription,2,2024-11-05,21.09,C65902,Australia,42.18
112363,S951,Streaming subscription,3,2024-11-05,24.36,C44115,Australia,73.08
112364,S789,Streaming subscription,1,2024-11-05,22.66,C57344,Australia,22.66
112365,S369,Streaming subscription,2,2024-11-05,21.29,C59842,Australia,42.58
112366,S512,Streaming subscription,4,2024-11-05,18.15,C42957,Australia,72.6
112367,S794,Streaming subscription,2,2024-11-05,20.08,C90130,Australia,40.16
112368,S368,Streaming subscription,2,2024-11-05,24.54,C18633,Australia,49.08
112369,S248,Streaming subscription,1,2024-11-05,9.76,C53178,Canada,9.76
112380,S585,Streaming subscription,5,2024-11-05,22.39,C96296,France,111.95
112371,S786,Streaming subscription,2,2024-11-05,14.53,C39316,Canada,29.06
112372,S505,Streaming subscription,5,2024-11-05,17.74,C23521,Canada,88.69999999999999
112373,S671,Streaming subscription,3,2024-11-05,16.55,C45251,Canada,49.650000000000006
112374,S825,Streaming subscription,5,2024-11-05,23.21,C26459,Canada,116.05000000000001
112375,S513,Streaming subscription,1,2024-11-05,16.91,C84106,Canada,16.91
112376,S974,Streaming subscription,3,2024-11-05,18.32,C11283,Canada,54.96
112377,S998,Streaming subscription,4,2024-11-05,23.17,C99726,France,92.68
112378,S770,Streaming subscription,3,2024-11-05,22.71,C69196,France,68.13
112370,S145,Streaming subscription,3,2024-11-05,15.18,C14377,Canada,45.54
112428,S785,Streaming subscription,3,2024-11-06,29.16,C82316,Germany,87.48
112427,S748,Streaming subscription,4,2024-11-06,29.43,C24717,Germany,117.72
112423,S560,Streaming subscription,5,2024-11-06,23.7,C60337,France,118.5
112425,S692,Streaming subscription,3,2024-11-06,23.37,C35227,Germany,70.11
112424,S222,Streaming subscription,1,2024-11-06,23.77,C59900,France,23.77
112429,S291,Streaming subscription,5,2024-11-06,27.41,C78885,Germany,137.05
112426,S944,Streaming subscription,4,2024-11-06,29.56,C50835,Germany,118.24
112430,S474,Streaming subscription,3,2024-11-06,23.87,C66617,Germany,71.61
112435,S547,Streaming subscription,2,2024-11-06,34.78,C50880,United Kingdom,69.56
112432,S896,Streaming subscription,5,2024-11-06,29.03,C84031,Germany,145.15
112433,S875,Streaming subscription,1,2024-11-06,29.34,C47024,United Kingdom,29.34
112434,S738,Streaming subscription,1,2024-11-06,29.7,C13469,United Kingdom,29.7
112436,S671,Streaming subscription,5,2024-11-06,31.84,C53607,United Kingdom,159.2
112437,S696,Streaming subscription,1,2024-11-06,27.46,C92059,United Kingdom,27.46
112438,S836,Streaming subscription,5,2024-11-06,35.42,C23421,United Kingdom,177.10000000000002
112439,S866,Streaming subscription,2,2024-11-06,32.11,C77883,United Kingdom,64.22
112422,S647,Streaming subscription,1,2024-11-06,22.28,C78849,France,22.28
112431,S538,Streaming subscription,3,2024-11-06,25.29,C25651,Germany,75.87
112421,S101,Streaming subscription,4,2024-11-06,19.79,C98300,France,79.16
112440,S273,Streaming subscription,3,2024-11-06,26.84,C48195,United Kingdom,80.52
112419,S455,Streaming subscription,4,2024-11-06,16.03,C15789,France,64.12
112401,S235,Streaming subscription,2,2024-11-06,23.28,C17617,Australia,46.56
112402,S967,Streaming subscription,5,2024-11-06,25.21,C53542,Australia,126.05000000000001
112403,S193,Streaming subscription,2,2024-11-06,23.21,C80909,Australia,46.42
112404,S153,Streaming subscription,2,2024-11-06,19.75,C77630,Australia,39.5
112405,S461,Streaming subscription,5,2024-11-06,16.15,C97705,Australia,80.75
112406,S720,Streaming subscription,2,2024-11-06,21.43,C82031,Australia,42.86
112407,S542,Streaming subscription,2,2024-11-06,25.07,C86906,Australia,50.14
112408,S102,Streaming subscription,2,2024-11-06,16.35,C38624,Australia,32.7
112409,S328,Streaming subscription,1,2024-11-06,14.86,C78132,Canada,14.86
112420,S321,Streaming subscription,1,2024-11-06,25.74,C49773,France,25.74
112411,S747,Streaming subscription,4,2024-11-06,19.73,C74250,Canada,78.92
112412,S544,Streaming subscription,5,2024-11-06,14.92,C81789,Canada,74.6
112413,S322,Streaming subscription,4,2024-11-06,25.58,C50919,Canada,102.32
112414,S505,Streaming subscription,1,2024-11-06,23.57,C41467,Canada,23.57
112415,S901,Streaming subscription,5,2024-11-06,14.63,C55304,Canada,73.15
112416,S655,Streaming subscription,2,2024-11-06,13.8,C52633,Canada,27.6
112417,S558,Streaming subscription,3,2024-11-06,20.85,C88132,France,62.550000000000004
112418,S921,Streaming subscription,1,2024-11-06,20.75,C82904,France,20.75
112410,S567,Streaming subscription,3,2024-11-06,19.58,C26529,Canada,58.739999999999995
112468,S336,Streaming subscription,1,2024-11-07,29.04,C63874,Germany,29.04
112467,S953,Streaming subscription,4,2024-11-07,23.27,C77025,Germany,93.08
112466,S152,Streaming subscription,1,2024-11-07,21.92,C16187,Germany,21.92
112462,S591,Streaming subscription,2,2024-11-07,21.2,C86673,France,42.4
112464,S307,Streaming subscription,3,2024-11-07,20.95,C82236,France,62.849999999999994
112463,S885,Streaming subscription,5,2024-11-07,23.58,C42657,France,117.89999999999999
112469,S792,Streaming subscription,-1,2024-11-07,24.09,C34000,Germany,-24.09
112465,S556,Streaming subscription,1,2024-11-07,25.11,C47965,Germany,25.11
112470,S742,Streaming subscription,5,2024-11-07,28.06,C16526,Germany,140.29999999999998
112474,S937,Streaming subscription,-1,2024-11-07,29.65,C26528,United Kingdom,-29.65
112472,S744,Streaming subscription,2,2024-11-07,23.88,C74114,Germany,47.76
112473,S212,Streaming subscription,4,2024-11-07,30.3,C77381,United Kingdom,121.2
112475,S770,Streaming subscription,5,2024-11-07,32.61,C50303,United Kingdom,163.05
112476,S472,Streaming subscription,1,2024-11-07,24.12,C57706,United Kingdom,24.12
112477,S619,Streaming subscription,4,2024-11-07,33.53,C46408,United Kingdom,134.12
112478,S882,Streaming subscription,2,2024-11-07,28.25,C76607,United Kingdom,56.5
112479,S890,Streaming subscription,-2,2024-11-07,27.73,C77409,United Kingdom,-55.46
112461,S260,Streaming subscription,5,2024-11-07,16.47,C71808,France,82.35
112471,S153,Streaming subscription,4,2024-11-07,24.22,C56135,Germany,96.88
112480,S533,Streaming subscription,5,2024-11-07,29.86,C22843,United Kingdom,149.3
112460,S715,Streaming subscription,1,2024-11-07,20.98,C54999,France,20.98
112458,S915,Streaming subscription,1,2024-11-07,20.12,C68819,France,20.12
112459,S804,Streaming subscription,1,2024-11-07,23.49,C82609,France,23.49
112441,S231,Streaming subscription,5,2024-11-07,24.97,C69491,Australia,124.85
112442,S645,Streaming subscription,1,2024-11-07,16.53,C16279,Australia,16.53
112443,S109,Streaming subscription,2,2024-11-07,20.18,C13832,Australia,40.36
112444,S794,Streaming subscription,2,2024-11-07,16.98,C20719,Australia,33.96
112446,S920,Streaming subscription,3,2024-11-07,18.95,C65223,Australia,56.849999999999994
112447,S238,Streaming subscription,5,2024-11-07,21.48,C93106,Australia,107.4
112448,S427,Streaming subscription,1,2024-11-07,19.19,C52101,Australia,19.19
112445,S514,Streaming subscription,5,2024-11-07,11.53,C43294,Australia,57.65
112450,S808,Streaming subscription,5,2024-11-07,18.46,C88214,Canada,92.30000000000001
112449,S458,Streaming subscription,5,2024-11-07,17.27,C84806,Canada,86.35
112456,S528,Streaming subscription,1,2024-11-07,21.43,C85569,Canada,21.43
112455,S352,Streaming subscription,3,2024-11-07,14.61,C65245,Canada,43.83
112454,S635,Streaming subscription,3,2024-11-07,15.99,C97670,Canada,47.97
112457,S372,Streaming subscription,4,2024-11-07,27.47,C75074,France,109.88
112452,S482,Streaming subscription,5,2024-11-07,12.82,C11813,Canada,64.1
112451,S532,Streaming subscription,2,2024-11-07,19.12,C93394,Canada,38.24
112453,S124,Streaming subscription,5,2024-11-07,14.67,C29819,Canada,73.35
112510,S541,Streaming subscription,4,2024-11-08,26.22,C92912,Germany,104.88
112504,S148,Streaming subscription,4,2024-11-08,22.31,C14050,France,89.24
112505,S694,Streaming subscription,4,2024-11-08,23.12,C12539,Germany,92.48
112506,S631,Streaming subscription,1,2024-11-08,25.15,C37892,Germany,25.15
112507,S459,Streaming subscription,4,2024-11-08,20.67,C62870,Germany,82.68
112508,S945,Streaming subscription,5,2024-11-08,24.36,C60122,Germany,121.8
112509,S864,Streaming subscription,5,2024-11-08,18.64,C49364,Germany,93.2
112511,S602,Streaming subscription,2,2024-11-08,30.36,C59694,Germany,60.72
112503,S741,Streaming subscription,4,2024-11-08,22.59,C85870,France,90.36
112513,S359,Streaming subscription,2,2024-11-08,27.0,C62390,United Kingdom,54.0
112514,S595,Streaming subscription,1,2024-11-08,28.05,C48657,United Kingdom,28.05
112515,S817,Streaming subscription,3,2024-11-08,26.5,C17067,United Kingdom,79.5
112516,S574,Streaming subscription,1,2024-11-08,30.52,C18261,United Kingdom,30.52
112517,S265,Streaming subscription,4,2024-11-08,25.48,C93113,United Kingdom,101.92
112518,S814,Streaming subscription,1,2024-11-08,33.35,C13872,United Kingdom,33.35
112519,S550,Streaming subscription,4,2024-11-08,29.76,C95284,United Kingdom,119.04
112520,S516,Streaming subscription,5,2024-11-08,27.3,C83413,United Kingdom,136.5
112512,S240,Streaming subscription,4,2024-11-08,24.06,C98894,Germany,96.24
112502,S814,Streaming subscription,5,2024-11-08,18.15,C79242,France,90.75
112501,S906,Streaming subscription,4,2024-11-08,17.98,C40379,France,71.92
112500,S714,Streaming subscription,2,2024-11-08,28.01,C92193,France,56.02
112482,S328,Streaming subscription,2,2024-11-08,22.93,C47859,Australia,45.86
112483,S819,Streaming subscription,1,2024-11-08,27.55,C62111,Australia,27.55
112484,S207,Streaming subscription,3,2024-11-08,20.21,C90106,Australia,60.63
112485,S129,Streaming subscription,3,2024-11-08,22.08,C63876,Australia,66.24
112486,S288,Streaming subscription,4,2024-11-08,18.96,C22982,Australia,75.84
112487,S605,Streaming subscription,5,2024-11-08,23.17,C35471,Australia,115.85000000000001
112488,S223,Streaming subscription,3,2024-11-08,19.65,C86933,Australia,58.949999999999996
112489,S910,Streaming subscription,2,2024-11-08,19.59,C39890,Canada,39.18
112490,S401,Streaming subscription,3,2024-11-08,9.81,C93378,Canada,29.43
112481,S764,Streaming subscription,2,2024-11-08,17.56,C90441,Australia,35.12
112492,S555,Streaming subscription,5,2024-11-08,20.31,C82718,Canada,101.55
112493,S830,Streaming subscription,4,2024-11-08,17.46,C17568,Canada,69.84
112494,S124,Streaming subscription,1,2024-11-08,16.16,C59801,Canada,16.16
112495,S160,Streaming subscription,2,2024-11-08,17.1,C76003,Canada,34.2
112496,S804,Streaming subscription,3,2024-11-08,11.29,C19141,Canada,33.87
112497,S807,Streaming subscription,2,2024-11-08,26.66,C78625,France,53.32
112498,S186,Streaming subscription,5,2024-11-08,18.17,C56987,France,90.85000000000001
112499,S493,Streaming subscription,5,2024-11-08,18.19,C34668,France,90.95
112491,S177,Streaming subscription,4,2024-11-08,14.72,C77844,Canada,58.88
112549,S455,Streaming subscription,2,2024-11-09,26.55,C31949,Germany,53.1
112548,S173,Streaming subscription,2,2024-11-09,22.77,C27955,Germany,45.54
112547,S219,Streaming subscription,1,2024-11-09,18.89,C18751,Germany,18.89
112543,S100,Streaming subscription,1,2024-11-09,11.88,C64861,France,11.88
112545,S168,Streaming subscription,4,2024-11-09,22.81,C66361,Germany,91.24
112544,S955,Streaming subscription,3,2024-11-09,10.92,C42433,France,32.76
112550,S963,Streaming subscription,5,2024-11-09,20.43,C78911,Germany,102.15
112546,S931,Streaming subscription,5,2024-11-09,22.68,C86203,Germany,113.4
112551,S259,Streaming subscription,5,2024-11-09,25.55,C49021,Germany,127.75
112555,S700,Streaming subscription,2,2024-11-09,29.0,C60810,United Kingdom,58.0
112553,S341,Streaming subscription,5,2024-11-09,23.73,C59826,United Kingdom,118.65
112554,S954,Streaming subscription,4,2024-11-09,23.37,C36365,United Kingdom,93.48
112556,S120,Streaming subscription,3,2024-11-09,17.72,C57481,United Kingdom,53.16
112557,S248,Streaming subscription,3,2024-11-09,27.97,C18301,United Kingdom,83.91
112558,S850,Streaming subscription,4,2024-11-09,18.52,C10542,United Kingdom,74.08
112559,S193,Streaming subscription,2,2024-11-09,27.59,C85596,United Kingdom,55.18
112560,S426,Streaming subscription,3,2024-11-09,25.72,C55432,United Kingdom,77.16
112542,S282,Streaming subscription,1,2024-11-09,17.98,C52891,France,17.98
112552,S627,Streaming subscription,2,2024-11-09,21.47,C64539,Germany,42.94
112541,S663,Streaming subscription,4,2024-11-09,19.43,C81817,France,77.72
112540,S410,Streaming subscription,4,2024-11-09,18.81,C51776,France,75.24
112539,S977,Streaming subscription,-2,2024-11-09,17.13,C32444,France,-34.26
112522,S278,Streaming subscription,3,2024-11-09,20.14,C86835,Australia,60.42
112523,S880,Streaming subscription,3,2024-11-09,17.06,C83871,Australia,51.17999999999999
112524,S154,Streaming subscription,5,2024-11-09,9.59,C15560,Australia,47.95
112525,S148,Streaming subscription,1,2024-11-09,12.07,C72226,Australia,12.07
112526,S670,Streaming subscription,1,2024-11-09,19.03,C12966,Australia,19.03
112527,S635,Streaming subscription,1,2024-11-09,20.45,C81941,Australia,20.45
112528,S457,Streaming subscription,2,2024-11-09,12.13,C87967,Australia,24.26
112529,S574,Streaming subscription,1,2024-11-09,10.64,C62820,Canada,10.64
112521,S549,Streaming subscription,-2,2024-11-09,15.66,C88675,Australia,-31.32
112531,S956,Streaming subscription,1,2024-11-09,13.34,C32049,Canada,13.34
112532,S643,Streaming subscription,4,2024-11-09,7.6,C37201,Canada,30.4
112533,S664,Streaming subscription,5,2024-11-09,14.22,C43037,Canada,71.10000000000001
112534,S284,Streaming subscription,3,2024-11-09,10.49,C26356,Canada,31.47
112535,S511,Streaming subscription,1,2024-11-09,17.69,C98096,Canada,17.69
112536,S572,Streaming subscription,3,2024-11-09,15.59,C44597,Canada,46.769999999999996
112537,S937,Streaming subscription,1,2024-11-09,20.47,C38441,France,20.47
112538,S847,Streaming subscription,5,2024-11-09,17.33,C75857,France,86.64999999999999
112530,S160,Streaming subscription,1,2024-11-09,16.95,C69638,Canada,16.95
112588,S323,Streaming subscription,2,2024-11-10,22.71,C16483,Germany,45.42
112587,S863,Streaming subscription,2,2024-11-10,25.45,C33063,Germany,50.9
112583,S334,Streaming subscription,3,2024-11-10,20.45,C49248,France,61.349999999999994
112585,S318,Streaming subscription,2,2024-11-10,20.21,C27894,Germany,40.42
112584,S993,Streaming subscription,5,2024-11-10,19.31,C66064,France,96.55
112589,S995,Streaming subscription,5,2024-11-10,23.13,C48605,Germany,115.64999999999999
112586,S901,Streaming subscription,4,2024-11-10,22.94,C22465,Germany,91.76
112590,S287,Streaming subscription,4,2024-11-10,21.54,C92920,Germany,86.16
112595,S667,Streaming subscription,1,2024-11-10,19.13,C47923,United Kingdom,19.13
112592,S170,Streaming subscription,3,2024-11-10,21.01,C88528,Germany,63.03
112593,S942,Streaming subscription,5,2024-11-10,30.04,C80173,United Kingdom,150.2
112594,S713,Streaming subscription,2,2024-11-10,27.41,C27007,United Kingdom,54.82
112596,S669,Streaming subscription,4,2024-11-10,25.77,C11825,United Kingdom,103.08
112597,S258,Streaming subscription,1,2024-11-10,23.64,C71621,United Kingdom,23.64
112598,S670,Streaming subscription,4,2024-11-10,24.32,C66697,United Kingdom,97.28
112599,S795,Streaming subscription,4,2024-11-10,30.36,C82763,United Kingdom,121.44
112582,S589,Streaming subscription,3,2024-11-10,23.07,C35499,France,69.21000000000001
112591,S123,Streaming subscription,4,2024-11-10,14.3,C24276,Germany,57.2
112581,S903,Streaming subscription,2,2024-11-10,14.03,C64234,France,28.06
112600,S344,Streaming subscription,4,2024-11-10,28.74,C34372,United Kingdom,114.96
112579,S283,Streaming subscription,3,2024-11-10,14.73,C12227,France,44.19
112561,S881,Streaming subscription,5,2024-11-10,24.13,C23956,Australia,120.64999999999999
112562,S499,Streaming subscription,1,2024-11-10,14.43,C21480,Australia,14.43
112563,S419,Streaming subscription,5,2024-11-10,20.02,C33394,Australia,100.1
112564,S130,Streaming subscription,5,2024-11-10,11.12,C60608,Australia,55.599999999999994
112565,S918,Streaming subscription,2,2024-11-10,15.27,C21069,Australia,30.54
112566,S163,Streaming subscription,3,2024-11-10,22.18,C90542,Australia,66.53999999999999
112567,S862,Streaming subscription,2,2024-11-10,11.94,C30400,Australia,23.88
112568,S697,Streaming subscription,4,2024-11-10,10.5,C82266,Australia,42.0
112569,S512,Streaming subscription,1,2024-11-10,14.13,C10390,Canada,14.13
112580,S568,Streaming subscription,1,2024-11-10,16.83,C17272,France,16.83
112571,S773,Streaming subscription,1,2024-11-10,15.46,C30270,Canada,15.46
112572,S381,Streaming subscription,2,2024-11-10,15.55,C44950,Canada,31.1
112573,S842,Streaming subscription,2,2024-11-10,10.94,C89915,Canada,21.88
112574,S694,Streaming subscription,5,2024-11-10,8.72,C89379,Canada,43.6
112575,S318,Streaming subscription,2,2024-11-10,16.26,C46348,Canada,32.52
112576,S530,Streaming subscription,3,2024-11-10,14.43,C99286,Canada,43.29
112577,S990,Streaming subscription,4,2024-11-10,15.33,C90961,France,61.32
112578,S177,Streaming subscription,3,2024-11-10,21.37,C78175,France,64.11
112570,S602,Streaming subscription,5,2024-11-10,21.32,C67314,Canada,106.6
112628,S927,Streaming subscription,3,2024-11-11,20.44,C52569,Germany,61.32000000000001
112627,S378,Streaming subscription,4,2024-11-11,23.21,C45205,Germany,92.84
112623,S423,Streaming subscription,3,2024-11-11,21.24,C85215,France,63.72
112625,S438,Streaming subscription,3,2024-11-11,27.7,C25707,Germany,83.1
112624,S852,Streaming subscription,4,2024-11-11,25.39,C44956,France,101.56
112629,S361,Streaming subscription,2,2024-11-11,27.51,C74335,Germany,55.02
112626,S525,Streaming subscription,1,2024-11-11,30.56,C59928,Germany,30.56
112630,S786,Streaming subscription,5,2024-11-11,23.88,C57149,Germany,119.39999999999999
112635,S376,Streaming subscription,5,2024-11-11,27.63,C90350,United Kingdom,138.15
112632,S506,Streaming subscription,4,2024-11-11,28.82,C17953,Germany,115.28
112633,S782,Streaming subscription,4,2024-11-11,25.65,C56326,United Kingdom,102.6
112634,S397,Streaming subscription,1,2024-11-11,25.9,C52255,United Kingdom,25.9
112636,S778,Streaming subscription,4,2024-11-11,25.37,C19213,United Kingdom,101.48
112637,S363,Streaming subscription,3,2024-11-11,25.3,C17497,United Kingdom,75.9
112638,S725,Streaming subscription,1,2024-11-11,24.05,C66664,United Kingdom,24.05
112639,S709,Streaming subscription,1,2024-11-11,29.87,C13077,United Kingdom,29.87
112622,S326,Streaming subscription,5,2024-11-11,25.37,C66266,France,126.85000000000001
112631,S317,Streaming subscription,1,2024-11-11,29.41,C49506,Germany,29.41
112621,S475,Streaming subscription,2,2024-11-11,17.92,C98623,France,35.84
112640,S448,Streaming subscription,4,2024-11-11,33.16,C72344,United Kingdom,132.64
112619,S227,Streaming subscription,4,2024-11-11,21.93,C70996,France,87.72
112601,S175,Streaming subscription,1,2024-11-11,24.33,C15461,Australia,24.33
112602,S917,Streaming subscription,5,2024-11-11,18.89,C11078,Australia,94.45
112603,S499,Streaming subscription,1,2024-11-11,24.09,C37188,Australia,24.09
112604,S931,Streaming subscription,2,2024-11-11,27.52,C17612,Australia,55.04
112605,S891,Streaming subscription,4,2024-11-11,16.5,C75466,Australia,66.0
112606,S861,Streaming subscription,1,2024-11-11,18.21,C85029,Australia,18.21
112607,S414,Streaming subscription,4,2024-11-11,19.73,C87001,Australia,78.92
112608,S667,Streaming subscription,5,2024-11-11,22.9,C30924,Australia,114.5
112609,S332,Streaming subscription,2,2024-11-11,22.82,C48666,Canada,45.64
112620,S538,Streaming subscription,4,2024-11-11,18.67,C73056,France,74.68
112611,S739,Streaming subscription,4,2024-11-11,5.0,C51978,Canada,20.0
112612,S850,Streaming subscription,5,2024-11-11,18.02,C16228,Canada,90.1
112613,S248,Streaming subscription,1,2024-11-11,10.04,C70386,Canada,10.04
112614,S990,Streaming subscription,4,2024-11-11,8.93,C62584,Canada,35.72
112615,S519,Streaming subscription,-1,2024-11-11,16.54,C29822,Canada,-16.54
112616,S467,Streaming subscription,3,2024-11-11,19.89,C12299,Canada,59.67
112617,S667,Streaming subscription,1,2024-11-11,21.36,C61620,France,21.36
112618,S466,Streaming subscription,3,2024-11-11,19.93,C47845,France,59.79
112610,S927,Streaming subscription,5,2024-11-11,19.85,C94764,Canada,99.25
112668,S247,Streaming subscription,1,2024-11-12,24.07,C61758,Germany,24.07
112667,S172,Streaming subscription,3,2024-11-12,30.12,C13383,Germany,90.36
112666,S229,Streaming subscription,5,2024-11-12,26.32,C50136,Germany,131.6
112662,S232,Streaming subscription,3,2024-11-12,18.67,C77991,France,56.010000000000005
112664,S713,Streaming subscription,3,2024-11-12,20.67,C24760,France,62.010000000000005
112663,S263,Streaming subscription,5,2024-11-12,21.68,C50463,France,108.4
112669,S783,Streaming subscription,5,2024-11-12,24.57,C20587,Germany,122.85
112665,S338,Streaming subscription,5,2024-11-12,27.47,C64248,Germany,137.35
112670,S686,Streaming subscription,1,2024-11-12,33.05,C50890,Germany,33.05
112674,S444,Streaming subscription,1,2024-11-12,25.68,C83550,United Kingdom,25.68
112672,S171,Streaming subscription,5,2024-11-12,29.26,C92461,Germany,146.3
112673,S785,Streaming subscription,1,2024-11-12,25.02,C18781,United Kingdom,25.02
112675,S788,Streaming subscription,3,2024-11-12,30.92,C92756,United Kingdom,92.76
112676,S964,Streaming subscription,2,2024-11-12,31.39,C53460,United Kingdom,62.78
112677,S547,Streaming subscription,5,2024-11-12,17.72,C22746,United Kingdom,88.6
112678,S256,Streaming subscription,2,2024-11-12,23.77,C37948,United Kingdom,47.54
112679,S715,Streaming subscription,4,2024-11-12,28.48,C82448,United Kingdom,113.92
112661,S739,Streaming subscription,4,2024-11-12,25.68,C89267,France,102.72
112671,S981,Streaming subscription,2,2024-11-12,28.66,C68152,Germany,57.32
112680,S683,Streaming subscription,3,2024-11-12,29.41,C96983,United Kingdom,88.23
112660,S247,Streaming subscription,3,2024-11-12,18.31,C22744,France,54.92999999999999
112658,S979,Streaming subscription,2,2024-11-12,21.8,C74813,France,43.6
112659,S531,Streaming subscription,2,2024-11-12,23.79,C21907,France,47.58
112641,S620,Streaming subscription,5,2024-11-12,24.76,C21092,Australia,123.80000000000001
112642,S871,Streaming subscription,2,2024-11-12,16.86,C91486,Australia,33.72
112643,S976,Streaming subscription,1,2024-11-12,20.36,C99873,Australia,20.36
112644,S685,Streaming subscription,4,2024-11-12,21.95,C97166,Australia,87.8
112646,S272,Streaming subscription,4,2024-11-12,18.6,C99814,Australia,74.4
112647,S164,Streaming subscription,1,2024-11-12,20.14,C47485,Australia,20.14
112648,S338,Streaming subscription,2,2024-11-12,20.12,C90946,Australia,40.24
112645,S580,Streaming subscription,5,2024-11-12,20.46,C93908,Australia,102.30000000000001
112650,S414,Streaming subscription,3,2024-11-12,16.45,C99373,Canada,49.349999999999994
112651,S643,Streaming subscription,5,2024-11-12,12.85,C70130,Canada,64.25
112652,S550,Streaming subscription,2,2024-11-12,17.28,C50917,Canada,34.56
112653,S952,Streaming subscription,1,2024-11-12,13.4,C23112,Canada,13.4
112654,S714,Streaming subscription,1,2024-11-12,11.37,C28621,Canada,11.37
112655,S434,Streaming subscription,2,2024-11-12,12.45,C71733,Canada,24.9
112656,S604,Streaming subscription,4,2024-11-12,15.24,C20768,Canada,60.96
112649,S561,Streaming subscription,4,2024-11-12,19.3,C53019,Canada,77.2
112657,S128,Streaming subscription,5,2024-11-12,19.24,C88646,France,96.19999999999999
112709,S611,Streaming subscription,2,2024-11-13,19.88,C79752,Germany,39.76
112708,S580,Streaming subscription,-1,2024-11-13,23.42,C85445,Germany,-23.42
112707,S358,Streaming subscription,2,2024-11-13,27.28,C28900,Germany,54.56
112703,S848,Streaming subscription,2,2024-11-13,25.31,C87794,France,50.62
112705,S486,Streaming subscription,5,2024-11-13,23.05,C24091,Germany,115.25
112704,S998,Streaming subscription,5,2024-11-13,19.01,C66343,France,95.05000000000001
112710,S397,Streaming subscription,4,2024-11-13,34.19,C40174,Germany,136.76
112706,S449,Streaming subscription,3,2024-11-13,24.5,C55066,Germany,73.5
112711,S926,Streaming subscription,1,2024-11-13,30.84,C55960,Germany,30.84
112720,S186,Streaming subscription,1,2024-11-13,26.68,C30179,United Kingdom,26.68
112713,S315,Streaming subscription,3,2024-11-13,27.46,C55799,United Kingdom,82.38
112714,S219,Streaming subscription,3,2024-11-13,29.62,C51007,United Kingdom,88.86
112715,S652,Streaming subscription,2,2024-11-13,28.07,C77874,United Kingdom,56.14
112716,S274,Streaming subscription,5,2024-11-13,25.31,C27381,United Kingdom,126.55
112717,S501,Streaming subscription,5,2024-11-13,26.75,C37459,United Kingdom,133.75
112718,S173,Streaming subscription,4,2024-11-13,30.24,C88233,United Kingdom,120.96
112719,S979,Streaming subscription,3,2024-11-13,20.73,C66740,United Kingdom,62.19
112702,S386,Streaming subscription,5,2024-11-13,21.19,C26298,France,105.95
112712,S457,Streaming subscription,1,2024-11-13,24.76,C78189,Germany,24.76
112700,S452,Streaming subscription,5,2024-11-13,14.91,C54890,France,74.55
112695,S599,Streaming subscription,1,2024-11-13,22.49,C17365,Canada,22.49
112699,S937,Streaming subscription,2,2024-11-13,17.1,C76573,France,34.2
112681,S217,Streaming subscription,4,2024-11-13,20.79,C75275,Australia,83.16
112682,S174,Streaming subscription,4,2024-11-13,17.34,C92550,Australia,69.36
112683,S297,Streaming subscription,4,2024-11-13,24.59,C52308,Australia,98.36
112684,S747,Streaming subscription,1,2024-11-13,22.25,C75975,Australia,22.25
112685,S563,Streaming subscription,2,2024-11-13,15.99,C88647,Australia,31.98
112687,S769,Streaming subscription,3,2024-11-13,20.2,C52501,Australia,60.599999999999994
112688,S576,Streaming subscription,4,2024-11-13,14.23,C72478,Australia,56.92
112689,S235,Streaming subscription,1,2024-11-13,9.76,C65616,Canada,9.76
112686,S444,Streaming subscription,1,2024-11-13,20.59,C43341,Australia,20.59
112691,S669,Streaming subscription,5,2024-11-13,20.34,C75982,Canada,101.7
112690,S852,Streaming subscription,5,2024-11-13,14.45,C62083,Canada,72.25
112697,S961,Streaming subscription,3,2024-11-13,24.12,C16817,France,72.36
112696,S817,Streaming subscription,5,2024-11-13,18.17,C28241,Canada,90.85000000000001
112701,S905,Streaming subscription,2,2024-11-13,17.71,C27591,France,35.42
112698,S743,Streaming subscription,5,2024-11-13,21.8,C42686,France,109.0
112693,S720,Streaming subscription,5,2024-11-13,21.79,C90282,Canada,108.94999999999999
112692,S845,Streaming subscription,1,2024-11-13,17.56,C77011,Canada,17.56
112694,S946,Streaming subscription,4,2024-11-13,18.46,C26886,Canada,73.84
112750,S754,Streaming subscription,1,2024-11-14,26.71,C90314,Germany,26.71
112743,S989,Streaming subscription,4,2024-11-14,24.18,C40222,France,96.72
112744,S636,Streaming subscription,4,2024-11-14,22.66,C89733,France,90.64
112745,S461,Streaming subscription,5,2024-11-14,27.21,C22445,Germany,136.05
112746,S623,Streaming subscription,1,2024-11-14,31.8,C85862,Germany,31.8
112747,S848,Streaming subscription,-1,2024-11-14,19.68,C19558,Germany,-19.68
112748,S861,Streaming subscription,2,2024-11-14,26.93,C37393,Germany,53.86
112749,S624,Streaming subscription,2,2024-11-14,21.57,C46875,Germany,43.14
112751,S790,Streaming subscription,2,2024-11-14,26.12,C10194,Germany,52.24
112760,S516,Streaming subscription,3,2024-11-14,29.64,C63084,United Kingdom,88.92
112753,S889,Streaming subscription,2,2024-11-14,27.37,C54805,United Kingdom,54.74
112754,S655,Streaming subscription,1,2024-11-14,28.45,C19237,United Kingdom,28.45
112755,S617,Streaming subscription,2,2024-11-14,33.17,C33654,United Kingdom,66.34
112756,S911,Streaming subscription,2,2024-11-14,30.07,C30353,United Kingdom,60.14
112757,S464,Streaming subscription,1,2024-11-14,28.95,C51210,United Kingdom,28.95
112758,S757,Streaming subscription,1,2024-11-14,26.67,C36627,United Kingdom,26.67
112759,S301,Streaming subscription,-1,2024-11-14,28.56,C96089,United Kingdom,-28.56
112742,S435,Streaming subscription,1,2024-11-14,26.48,C85831,France,26.48
112752,S778,Streaming subscription,1,2024-11-14,25.8,C75430,Germany,25.8
112741,S659,Streaming subscription,3,2024-11-14,19.35,C83257,France,58.050000000000004
112740,S801,Streaming subscription,2,2024-11-14,25.35,C97774,France,50.7
112739,S852,Streaming subscription,1,2024-11-14,18.28,C28806,France,18.28
112722,S824,Streaming subscription,5,2024-11-14,17.77,C34030,Australia,88.85
112723,S878,Streaming subscription,2,2024-11-14,16.67,C97428,Australia,33.34
112724,S842,Streaming subscription,2,2024-11-14,22.07,C25317,Australia,44.14
112725,S981,Streaming subscription,3,2024-11-14,22.51,C84767,Australia,67.53
112726,S666,Streaming subscription,1,2024-11-14,18.33,C26004,Australia,18.33
112727,S330,Streaming subscription,4,2024-11-14,19.91,C24575,Australia,79.64
112728,S297,Streaming subscription,3,2024-11-14,21.13,C17683,Australia,63.39
112729,S578,Streaming subscription,1,2024-11-14,15.62,C82860,Canada,15.62
112721,S655,Streaming subscription,2,2024-11-14,15.82,C49966,Australia,31.64
112731,S658,Streaming subscription,4,2024-11-14,15.97,C87728,Canada,63.88
112732,S528,Streaming subscription,5,2024-11-14,20.14,C30479,Canada,100.7
112733,S339,Streaming subscription,5,2024-11-14,11.48,C54737,Canada,57.400000000000006
112734,S275,Streaming subscription,2,2024-11-14,17.61,C64313,Canada,35.22
112735,S135,Streaming subscription,4,2024-11-14,12.99,C19136,Canada,51.96
112736,S786,Streaming subscription,5,2024-11-14,16.65,C71239,Canada,83.25
112737,S401,Streaming subscription,5,2024-11-14,22.35,C85981,France,111.75
112738,S171,Streaming subscription,5,2024-11-14,17.09,C93449,France,85.45
112730,S930,Streaming subscription,4,2024-11-14,14.99,C25771,Canada,59.96
112788,S673,Streaming subscription,3,2024-11-15,20.21,C10928,Germany,60.63
112787,S964,Streaming subscription,4,2024-11-15,28.33,C34750,Germany,113.32
112783,S690,Streaming subscription,1,2024-11-15,27.22,C87966,France,27.22
112785,S146,Streaming subscription,1,2024-11-15,29.03,C74714,Germany,29.03
112784,S838,Streaming subscription,2,2024-11-15,27.51,C81387,France,55.02
112789,S370,Streaming subscription,3,2024-11-15,19.28,C43458,Germany,57.84
112786,S842,Streaming subscription,5,2024-11-15,25.73,C46383,Germany,128.65
112790,S121,Streaming subscription,4,2024-11-15,20.8,C86521,Germany,83.2
112800,S772,Streaming subscription,2,2024-11-15,29.38,C59243,United Kingdom,58.76
112792,S738,Streaming subscription,5,2024-11-15,24.18,C95940,Germany,120.9
112793,S788,Streaming subscription,5,2024-11-15,25.6,C91597,United Kingdom,128.0
112794,S466,Streaming subscription,2,2024-11-15,34.34,C21492,United Kingdom,68.68
112796,S457,Streaming subscription,5,2024-11-15,28.52,C15398,United Kingdom,142.6
112797,S358,Streaming subscription,3,2024-11-15,33.86,C63504,United Kingdom,101.58
112798,S333,Streaming subscription,3,2024-11-15,28.78,C20738,United Kingdom,86.34
112799,S629,Streaming subscription,-1,2024-11-15,29.39,C68584,United Kingdom,-29.39
112782,S219,Streaming subscription,2,2024-11-15,20.11,C54260,France,40.22
112791,S198,Streaming subscription,1,2024-11-15,27.15,C25042,Germany,27.15
112781,S755,Streaming subscription,-1,2024-11-15,23.0,C41285,France,-23.0
112795,S630,Streaming subscription,3,2024-11-15,27.5,C10547,United Kingdom,82.5
112779,S444,Streaming subscription,1,2024-11-15,16.3,C54909,France,16.3
112780,S269,Streaming subscription,3,2024-11-15,15.45,C68042,France,46.349999999999994
112761,S901,Streaming subscription,5,2024-11-15,18.66,C46958,Australia,93.3
112762,S578,Streaming subscription,4,2024-11-15,21.6,C47069,Australia,86.4
112763,S380,Streaming subscription,3,2024-11-15,18.83,C64593,Australia,56.489999999999995
112764,S233,Streaming subscription,4,2024-11-15,17.53,C23226,Australia,70.12
112765,S497,Streaming subscription,4,2024-11-15,24.49,C62307,Australia,97.96
112767,S759,Streaming subscription,1,2024-11-15,18.38,C70652,Australia,18.38
112768,S886,Streaming subscription,5,2024-11-15,20.79,C95975,Australia,103.94999999999999
112769,S256,Streaming subscription,3,2024-11-15,17.87,C67924,Canada,53.61
112766,S482,Streaming subscription,2,2024-11-15,19.1,C39587,Australia,38.2
112771,S878,Streaming subscription,4,2024-11-15,14.29,C57190,Canada,57.16
112772,S614,Streaming subscription,1,2024-11-15,15.05,C86204,Canada,15.05
112773,S730,Streaming subscription,1,2024-11-15,15.55,C14391,Canada,15.55
112774,S404,Streaming subscription,5,2024-11-15,20.9,C93756,Canada,104.5
112775,S642,Streaming subscription,3,2024-11-15,13.55,C20994,Canada,40.650000000000006
112776,S630,Streaming subscription,4,2024-11-15,19.95,C77394,Canada,79.8
112777,S920,Streaming subscription,2,2024-11-15,24.09,C82219,France,48.18
112770,S741,Streaming subscription,4,2024-11-15,16.94,C42112,Canada,67.76
112778,S276,Streaming subscription,4,2024-11-15,22.47,C78462,France,89.88
112828,S133,Streaming subscription,5,2024-11-16,20.86,C61277,Germany,104.3
112827,S745,Streaming subscription,5,2024-11-16,19.82,C51788,Germany,99.1
112823,S487,Streaming subscription,1,2024-11-16,17.91,C47187,France,17.91
112825,S296,Streaming subscription,1,2024-11-16,23.05,C52290,Germany,23.05
112824,S382,Streaming subscription,4,2024-11-16,22.93,C67667,France,91.72
112829,S645,Streaming subscription,4,2024-11-16,25.28,C47854,Germany,101.12
112826,S587,Streaming subscription,1,2024-11-16,26.78,C92953,Germany,26.78
112830,S377,Streaming subscription,1,2024-11-16,25.23,C10325,Germany,25.23
112840,S534,Streaming subscription,3,2024-11-16,26.94,C80301,United Kingdom,80.82000000000001
112832,S990,Streaming subscription,3,2024-11-16,19.27,C45704,Germany,57.81
112833,S990,Streaming subscription,4,2024-11-16,27.85,C70255,United Kingdom,111.4
112834,S130,Streaming subscription,5,2024-11-16,24.25,C21515,United Kingdom,121.25
112836,S394,Streaming subscription,5,2024-11-16,27.24,C75119,United Kingdom,136.2
112837,S487,Streaming subscription,5,2024-11-16,23.85,C33354,United Kingdom,119.25
112838,S647,Streaming subscription,3,2024-11-16,22.5,C56059,United Kingdom,67.5
112839,S263,Streaming subscription,5,2024-11-16,25.05,C47735,United Kingdom,125.25
112822,S668,Streaming subscription,-1,2024-11-16,20.4,C80453,France,-20.4
112831,S385,Streaming subscription,2,2024-11-16,19.85,C74982,Germany,39.7
112821,S979,Streaming subscription,5,2024-11-16,18.96,C35656,France,94.80000000000001
112835,S415,Streaming subscription,5,2024-11-16,21.81,C55317,United Kingdom,109.05
112819,S645,Streaming subscription,1,2024-11-16,16.65,C87544,France,16.65
112820,S395,Streaming subscription,2,2024-11-16,19.03,C18453,France,38.06
112801,S391,Streaming subscription,1,2024-11-16,6.47,C75756,Australia,6.47
112802,S268,Streaming subscription,4,2024-11-16,14.49,C97874,Australia,57.96
112803,S857,Streaming subscription,1,2024-11-16,19.78,C23544,Australia,19.78
112804,S277,Streaming subscription,2,2024-11-16,19.1,C84945,Australia,38.2
112805,S678,Streaming subscription,3,2024-11-16,20.86,C26582,Australia,62.58
112807,S338,Streaming subscription,5,2024-11-16,20.66,C37976,Australia,103.3
112808,S753,Streaming subscription,1,2024-11-16,16.92,C88075,Australia,16.92
112809,S117,Streaming subscription,3,2024-11-16,14.42,C41189,Canada,43.26
112806,S334,Streaming subscription,4,2024-11-16,16.63,C51745,Australia,66.52
112811,S313,Streaming subscription,1,2024-11-16,10.41,C24905,Canada,10.41
112812,S336,Streaming subscription,1,2024-11-16,10.59,C33610,Canada,10.59
112813,S584,Streaming subscription,4,2024-11-16,12.6,C43405,Canada,50.4
112814,S965,Streaming subscription,5,2024-11-16,19.09,C42316,Canada,95.45
112815,S431,Streaming subscription,2,2024-11-16,10.18,C85805,Canada,20.36
112816,S864,Streaming subscription,3,2024-11-16,15.68,C92711,Canada,47.04
112817,S819,Streaming subscription,2,2024-11-16,18.34,C53032,France,36.68
112810,S575,Streaming subscription,1,2024-11-16,12.74,C20238,Canada,12.74
112818,S213,Streaming subscription,5,2024-11-16,18.17,C52463,France,90.85000000000001
112868,S285,Streaming subscription,3,2024-11-17,22.43,C42394,Germany,67.28999999999999
112867,S704,Streaming subscription,4,2024-11-17,22.26,C17637,Germany,89.04
112866,S828,Streaming subscription,5,2024-11-17,20.96,C75100,Germany,104.80000000000001
112863,S291,Streaming subscription,4,2024-11-17,20.92,C26938,France,83.68
112864,S592,Streaming subscription,4,2024-11-17,20.32,C88762,France,81.28
112869,S537,Streaming subscription,2,2024-11-17,26.48,C87291,Germany,52.96
112865,S724,Streaming subscription,3,2024-11-17,23.76,C88377,Germany,71.28
112870,S775,Streaming subscription,1,2024-11-17,18.92,C34385,Germany,18.92
112880,S961,Streaming subscription,1,2024-11-17,31.65,C88421,United Kingdom,31.65
112872,S238,Streaming subscription,4,2024-11-17,23.29,C37371,Germany,93.16
112873,S274,Streaming subscription,3,2024-11-17,25.74,C11560,United Kingdom,77.22
112874,S499,Streaming subscription,4,2024-11-17,30.64,C13416,United Kingdom,122.56
112875,S138,Streaming subscription,2,2024-11-17,23.97,C63060,United Kingdom,47.94
112876,S421,Streaming subscription,1,2024-11-17,26.38,C52151,United Kingdom,26.38
112877,S993,Streaming subscription,3,2024-11-17,25.96,C17340,United Kingdom,77.88
112878,S697,Streaming subscription,4,2024-11-17,25.39,C81221,United Kingdom,101.56
112879,S359,Streaming subscription,5,2024-11-17,24.16,C21240,United Kingdom,120.8
112862,S862,Streaming subscription,1,2024-11-17,24.59,C39253,France,24.59
112871,S133,Streaming subscription,5,2024-11-17,19.7,C94502,Germany,98.5
112861,S915,Streaming subscription,1,2024-11-17,19.06,C47720,France,19.06
112855,S154,Streaming subscription,5,2024-11-17,10.67,C20779,Canada,53.35
112859,S928,Streaming subscription,5,2024-11-17,20.28,C89588,France,101.4
112841,S421,Streaming subscription,4,2024-11-17,21.86,C11452,Australia,87.44
112842,S339,Streaming subscription,3,2024-11-17,14.96,C13801,Australia,44.88
112843,S544,Streaming subscription,2,2024-11-17,22.38,C64579,Australia,44.76
112844,S430,Streaming subscription,2,2024-11-17,20.85,C57275,Australia,41.7
112860,S777,Streaming subscription,5,2024-11-17,17.26,C61391,France,86.30000000000001
112846,S399,Streaming subscription,2,2024-11-17,17.75,C29722,Australia,35.5
112847,S319,Streaming subscription,5,2024-11-17,16.72,C11225,Australia,83.6
112848,S503,Streaming subscription,2,2024-11-17,21.84,C74906,Australia,43.68
112845,S891,Streaming subscription,5,2024-11-17,17.39,C46446,Australia,86.95
112850,S134,Streaming subscription,1,2024-11-17,18.33,C60373,Canada,18.33
112851,S603,Streaming subscription,2,2024-11-17,15.72,C26445,Canada,31.44
112852,S172,Streaming subscription,2,2024-11-17,9.15,C73248,Canada,18.3
112853,S204,Streaming subscription,3,2024-11-17,13.87,C58819,Canada,41.61
112854,S843,Streaming subscription,1,2024-11-17,15.61,C46788,Canada,15.61
112856,S215,Streaming subscription,1,2024-11-17,13.67,C78727,Canada,13.67
112857,S424,Streaming subscription,5,2024-11-17,23.88,C86037,France,119.39999999999999
112858,S732,Streaming subscription,5,2024-11-17,24.23,C15411,France,121.15
112849,S418,Streaming subscription,1,2024-11-17,13.4,C71619,Canada,13.4
112909,S945,Streaming subscription,1,2024-11-18,19.05,C18636,Germany,19.05
112908,S577,Streaming subscription,1,2024-11-18,26.94,C93283,Germany,26.94
112907,S449,Streaming subscription,4,2024-11-18,19.7,C69279,Germany,78.8
112910,S495,Streaming subscription,5,2024-11-18,28.37,C38529,Germany,141.85
112905,S385,Streaming subscription,5,2024-11-18,24.51,C85360,Germany,122.55000000000001
112904,S384,Streaming subscription,2,2024-11-18,20.63,C29993,France,41.26
112903,S709,Streaming subscription,1,2024-11-18,25.71,C42132,France,25.71
112906,S950,Streaming subscription,1,2024-11-18,28.56,C16041,Germany,28.56
112911,S274,Streaming subscription,3,2024-11-18,27.63,C69372,Germany,82.89
112902,S690,Streaming subscription,4,2024-11-18,25.26,C39516,France,101.04
112913,S587,Streaming subscription,1,2024-11-18,31.37,C26815,United Kingdom,31.37
112914,S685,Streaming subscription,3,2024-11-18,29.46,C49916,United Kingdom,88.38
112915,S746,Streaming subscription,5,2024-11-18,33.89,C17395,United Kingdom,169.45
112916,S779,Streaming subscription,5,2024-11-18,27.4,C37931,United Kingdom,137.0
112917,S340,Streaming subscription,4,2024-11-18,31.2,C49236,United Kingdom,124.8
112918,S342,Streaming subscription,5,2024-11-18,29.64,C95713,United Kingdom,148.2
112919,S263,Streaming subscription,3,2024-11-18,34.16,C48684,United Kingdom,102.47999999999999
112920,S639,Streaming subscription,5,2024-11-18,29.27,C19053,United Kingdom,146.35
112912,S645,Streaming subscription,4,2024-11-18,20.98,C81051,Germany,83.92
112901,S225,Streaming subscription,3,2024-11-18,23.44,C72164,France,70.32000000000001
112881,S264,Streaming subscription,4,2024-11-18,19.16,C44547,Australia,76.64
112899,S244,Streaming subscription,4,2024-11-18,22.92,C62767,France,91.68
112900,S687,Streaming subscription,3,2024-11-18,20.79,C22440,France,62.37
112882,S436,Streaming subscription,3,2024-11-18,23.39,C47451,Australia,70.17
112883,S763,Streaming subscription,-2,2024-11-18,27.97,C10879,Australia,-55.94
112884,S523,Streaming subscription,3,2024-11-18,18.12,C14681,Australia,54.36
112885,S646,Streaming subscription,4,2024-11-18,16.22,C65737,Australia,64.88
112887,S848,Streaming subscription,5,2024-11-18,21.22,C48638,Australia,106.1
112888,S214,Streaming subscription,3,2024-11-18,22.82,C13990,Australia,68.46000000000001
112889,S407,Streaming subscription,2,2024-11-18,18.71,C44983,Canada,37.42
112886,S333,Streaming subscription,3,2024-11-18,18.29,C21870,Australia,54.87
112891,S199,Streaming subscription,2,2024-11-18,12.04,C25528,Canada,24.08
112890,S456,Streaming subscription,5,2024-11-18,16.26,C57974,Canada,81.30000000000001
112897,S244,Streaming subscription,2,2024-11-18,22.43,C36523,France,44.86
112896,S150,Streaming subscription,2,2024-11-18,16.87,C81838,Canada,33.74
112895,S107,Streaming subscription,1,2024-11-18,9.49,C92250,Canada,9.49
112898,S252,Streaming subscription,4,2024-11-18,21.59,C80338,France,86.36
112893,S107,Streaming subscription,4,2024-11-18,20.56,C51192,Canada,82.24
112892,S628,Streaming subscription,5,2024-11-18,19.16,C51012,Canada,95.8
112894,S469,Streaming subscription,2,2024-11-18,13.27,C28928,Canada,26.54
112950,S689,Streaming subscription,4,2024-11-19,26.92,C88201,Germany,107.68
112943,S594,Streaming subscription,1,2024-11-19,26.28,C29923,France,26.28
112944,S158,Streaming subscription,4,2024-11-19,26.93,C14464,France,107.72
112945,S123,Streaming subscription,3,2024-11-19,20.58,C73084,Germany,61.739999999999995
112946,S112,Streaming subscription,4,2024-11-19,25.17,C29127,Germany,100.68
112947,S415,Streaming subscription,5,2024-11-19,19.91,C70834,Germany,99.55
112948,S521,Streaming subscription,3,2024-11-19,32.56,C78556,Germany,97.68
112949,S335,Streaming subscription,5,2024-11-19,23.42,C40975,Germany,117.10000000000001
112951,S883,Streaming subscription,5,2024-11-19,28.69,C58376,Germany,143.45000000000002
112960,S330,Streaming subscription,5,2024-11-19,26.74,C18620,United Kingdom,133.7
112953,S373,Streaming subscription,5,2024-11-19,30.69,C87534,United Kingdom,153.45000000000002
112954,S131,Streaming subscription,5,2024-11-19,29.99,C21246,United Kingdom,149.95
112955,S340,Streaming subscription,5,2024-11-19,28.15,C80933,United Kingdom,140.75
112956,S194,Streaming subscription,3,2024-11-19,29.57,C80498,United Kingdom,88.71000000000001
112957,S164,Streaming subscription,5,2024-11-19,30.8,C95580,United Kingdom,154.0
112958,S584,Streaming subscription,4,2024-11-19,29.61,C81810,United Kingdom,118.44
112959,S962,Streaming subscription,1,2024-11-19,31.61,C37373,United Kingdom,31.61
112942,S512,Streaming subscription,1,2024-11-19,22.29,C26269,France,22.29
112952,S625,Streaming subscription,2,2024-11-19,16.62,C52682,Germany,33.24
112941,S467,Streaming subscription,5,2024-11-19,26.07,C30044,France,130.35
112940,S658,Streaming subscription,4,2024-11-19,26.11,C77730,France,104.44
112939,S260,Streaming subscription,4,2024-11-19,23.45,C67088,France,93.8
112922,S159,Streaming subscription,2,2024-11-19,14.29,C72899,Australia,28.58
112923,S541,Streaming subscription,1,2024-11-19,23.02,C51347,Australia,23.02
112924,S435,Streaming subscription,1,2024-11-19,18.86,C44514,Australia,18.86
112925,S369,Streaming subscription,4,2024-11-19,18.24,C18982,Australia,72.96
112926,S796,Streaming subscription,3,2024-11-19,18.34,C20780,Australia,55.019999999999996
112927,S966,Streaming subscription,5,2024-11-19,24.79,C85989,Australia,123.94999999999999
112928,S815,Streaming subscription,2,2024-11-19,18.62,C82861,Australia,37.24
112929,S958,Streaming subscription,4,2024-11-19,12.81,C33361,Canada,51.24
112921,S738,Streaming subscription,3,2024-11-19,21.07,C74461,Australia,63.21
112931,S155,Streaming subscription,4,2024-11-19,11.07,C37167,Canada,44.28
112932,S825,Streaming subscription,5,2024-11-19,11.35,C74878,Canada,56.75
112933,S254,Streaming subscription,3,2024-11-19,17.29,C85785,Canada,51.87
112934,S249,Streaming subscription,1,2024-11-19,14.06,C82783,Canada,14.06
112935,S812,Streaming subscription,1,2024-11-19,13.58,C28515,Canada,13.58
112936,S400,Streaming subscription,3,2024-11-19,18.81,C30495,Canada,56.42999999999999
112937,S627,Streaming subscription,5,2024-11-19,24.4,C70639,France,122.0
112938,S435,Streaming subscription,-2,2024-11-19,27.62,C45831,France,-55.24
112930,S247,Streaming subscription,1,2024-11-19,17.91,C87453,Canada,17.91
112988,S957,Streaming subscription,3,2024-11-20,23.82,C65488,Germany,71.46000000000001
112987,S687,Streaming subscription,5,2024-11-20,28.15,C30293,Germany,140.75
112983,S906,Streaming subscription,2,2024-11-20,18.04,C15722,France,36.08
112985,S667,Streaming subscription,5,2024-11-20,22.65,C29197,Germany,113.25
112984,S657,Streaming subscription,2,2024-11-20,21.4,C77333,France,42.8
112989,S192,Streaming subscription,4,2024-11-20,22.33,C35369,Germany,89.32
112986,S369,Streaming subscription,5,2024-11-20,27.08,C57407,Germany,135.39999999999998
112990,S776,Streaming subscription,4,2024-11-20,24.89,C80306,Germany,99.56
112995,S664,Streaming subscription,2,2024-11-20,30.91,C18784,United Kingdom,61.82
112992,S488,Streaming subscription,1,2024-11-20,26.11,C68334,Germany,26.11
112993,S361,Streaming subscription,4,2024-11-20,33.26,C32532,United Kingdom,133.04
112994,S448,Streaming subscription,5,2024-11-20,29.65,C15842,United Kingdom,148.25
112996,S687,Streaming subscription,2,2024-11-20,33.21,C20908,United Kingdom,66.42
112997,S739,Streaming subscription,1,2024-11-20,30.15,C14478,United Kingdom,30.15
112998,S997,Streaming subscription,1,2024-11-20,29.61,C41367,United Kingdom,29.61
112999,S695,Streaming subscription,2,2024-11-20,28.38,C23050,United Kingdom,56.76
112982,S180,Streaming subscription,4,2024-11-20,27.52,C69406,France,110.08
112991,S638,Streaming subscription,5,2024-11-20,23.69,C57204,Germany,118.45
112981,S861,Streaming subscription,4,2024-11-20,23.19,C13658,France,92.76
113000,S963,Streaming subscription,4,2024-11-20,38.4,C57038,United Kingdom,153.6
112979,S140,Streaming subscription,4,2024-11-20,31.48,C89351,France,125.92
112961,S825,Streaming subscription,5,2024-11-20,22.38,C19025,Australia,111.89999999999999
112962,S609,Streaming subscription,4,2024-11-20,26.55,C40284,Australia,106.2
112963,S982,Streaming subscription,5,2024-11-20,19.71,C89178,Australia,98.55000000000001
112964,S120,Streaming subscription,2,2024-11-20,24.66,C93461,Australia,49.32
112965,S229,Streaming subscription,3,2024-11-20,26.36,C64114,Australia,79.08
112966,S529,Streaming subscription,4,2024-11-20,18.62,C55029,Australia,74.48
112967,S394,Streaming subscription,2,2024-11-20,18.1,C71579,Australia,36.2
112968,S683,Streaming subscription,2,2024-11-20,22.02,C62016,Australia,44.04
112969,S639,Streaming subscription,4,2024-11-20,13.6,C42957,Canada,54.4
112980,S820,Streaming subscription,3,2024-11-20,27.64,C63743,France,82.92
112971,S971,Streaming subscription,5,2024-11-20,14.22,C23188,Canada,71.10000000000001
112972,S645,Streaming subscription,1,2024-11-20,19.91,C70428,Canada,19.91
112973,S223,Streaming subscription,4,2024-11-20,24.03,C51799,Canada,96.12
112974,S843,Streaming subscription,4,2024-11-20,16.67,C63704,Canada,66.68
112975,S174,Streaming subscription,5,2024-11-20,16.85,C76911,Canada,84.25
112976,S745,Streaming subscription,3,2024-11-20,15.9,C28894,Canada,47.7
112977,S910,Streaming subscription,3,2024-11-20,34.13,C14500,France,102.39000000000001
112978,S977,Streaming subscription,4,2024-11-20,17.8,C80797,France,71.2
112970,S384,Streaming subscription,4,2024-11-20,22.43,C80122,Canada,89.72
113028,S510,Streaming subscription,-1,2024-11-21,29.34,C66953,Germany,-29.34
113027,S519,Streaming subscription,1,2024-11-21,23.59,C79160,Germany,23.59
113023,S576,Streaming subscription,2,2024-11-21,23.51,C45769,France,47.02
113025,S340,Streaming subscription,2,2024-11-21,26.77,C77704,Germany,53.54
113024,S357,Streaming subscription,3,2024-11-21,21.04,C67365,France,63.12
113029,S345,Streaming subscription,2,2024-11-21,25.28,C93103,Germany,50.56
113026,S212,Streaming subscription,3,2024-11-21,28.11,C15023,Germany,84.33
113030,S761,Streaming subscription,2,2024-11-21,33.42,C37894,Germany,66.84
113035,S958,Streaming subscription,5,2024-11-21,33.33,C10898,United Kingdom,166.64999999999998
113032,S108,Streaming subscription,1,2024-11-21,25.05,C12099,Germany,25.05
113033,S857,Streaming subscription,4,2024-11-21,31.0,C68380,United Kingdom,124.0
113034,S841,Streaming subscription,2,2024-11-21,38.4,C10610,United Kingdom,76.8
113036,S738,Streaming subscription,3,2024-11-21,32.46,C96316,United Kingdom,97.38
113037,S587,Streaming subscription,1,2024-11-21,36.17,C43313,United Kingdom,36.17
113038,S946,Streaming subscription,2,2024-11-21,28.01,C84575,United Kingdom,56.02
113039,S901,Streaming subscription,4,2024-11-21,34.51,C24980,United Kingdom,138.04
113022,S714,Streaming subscription,2,2024-11-21,19.5,C19311,France,39.0
113031,S678,Streaming subscription,3,2024-11-21,31.19,C28348,Germany,93.57000000000001
113021,S644,Streaming subscription,5,2024-11-21,21.13,C76398,France,105.64999999999999
113040,S538,Streaming subscription,4,2024-11-21,30.05,C11646,United Kingdom,120.2
113019,S250,Streaming subscription,3,2024-11-21,23.25,C93760,France,69.75
113001,S297,Streaming subscription,3,2024-11-21,20.65,C94381,Australia,61.949999999999996
113002,S642,Streaming subscription,5,2024-11-21,23.1,C76813,Australia,115.5
113003,S711,Streaming subscription,3,2024-11-21,25.78,C81949,Australia,77.34
113004,S743,Streaming subscription,5,2024-11-21,25.54,C56474,Australia,127.69999999999999
113005,S631,Streaming subscription,3,2024-11-21,23.88,C35167,Australia,71.64
113006,S466,Streaming subscription,5,2024-11-21,22.47,C31415,Australia,112.35
113007,S994,Streaming subscription,5,2024-11-21,23.93,C49615,Australia,119.65
113008,S968,Streaming subscription,3,2024-11-21,26.14,C45099,Australia,78.42
113009,S823,Streaming subscription,4,2024-11-21,21.26,C58405,Canada,85.04
113020,S444,Streaming subscription,5,2024-11-21,25.02,C94999,France,125.1
113011,S911,Streaming subscription,1,2024-11-21,22.41,C86095,Canada,22.41
113012,S650,Streaming subscription,3,2024-11-21,15.27,C44566,Canada,45.81
113013,S813,Streaming subscription,2,2024-11-21,19.8,C16913,Canada,39.6
113014,S546,Streaming subscription,2,2024-11-21,15.74,C18593,Canada,31.48
113015,S975,Streaming subscription,4,2024-11-21,17.91,C35343,Canada,71.64
113016,S978,Streaming subscription,1,2024-11-21,18.23,C87347,Canada,18.23
113017,S772,Streaming subscription,1,2024-11-21,26.64,C33909,France,26.64
113018,S343,Streaming subscription,5,2024-11-21,24.08,C55856,France,120.39999999999999
113010,S238,Streaming subscription,4,2024-11-21,19.44,C70720,Canada,77.76
113068,S812,Streaming subscription,2,2024-11-22,27.21,C51516,Germany,54.42
113067,S231,Streaming subscription,4,2024-11-22,35.35,C47397,Germany,141.4
113066,S737,Streaming subscription,5,2024-11-22,28.56,C10544,Germany,142.79999999999998
113062,S555,Streaming subscription,4,2024-11-22,25.49,C34229,France,101.96
113064,S107,Streaming subscription,2,2024-11-22,15.82,C75931,France,31.64
113063,S136,Streaming subscription,3,2024-11-22,25.57,C67890,France,76.71000000000001
113069,S646,Streaming subscription,2,2024-11-22,28.56,C83625,Germany,57.12
113065,S828,Streaming subscription,2,2024-11-22,26.69,C71019,Germany,53.38
113070,S331,Streaming subscription,3,2024-11-22,28.62,C37819,Germany,85.86
113074,S381,Streaming subscription,1,2024-11-22,32.35,C89706,United Kingdom,32.35
113072,S872,Streaming subscription,2,2024-11-22,29.2,C41236,Germany,58.4
113073,S585,Streaming subscription,1,2024-11-22,32.54,C87468,United Kingdom,32.54
113075,S325,Streaming subscription,3,2024-11-22,25.83,C59731,United Kingdom,77.49
113076,S387,Streaming subscription,2,2024-11-22,29.93,C28766,United Kingdom,59.86
113077,S571,Streaming subscription,2,2024-11-22,33.38,C52396,United Kingdom,66.76
113078,S323,Streaming subscription,4,2024-11-22,29.35,C96727,United Kingdom,117.4
113079,S689,Streaming subscription,3,2024-11-22,35.43,C28769,United Kingdom,106.28999999999999
113061,S315,Streaming subscription,5,2024-11-22,31.18,C89505,France,155.9
113071,S152,Streaming subscription,2,2024-11-22,32.11,C82050,Germany,64.22
113080,S653,Streaming subscription,2,2024-11-22,39.11,C98106,United Kingdom,78.22
113060,S486,Streaming subscription,2,2024-11-22,25.0,C18925,France,50.0
113058,S224,Streaming subscription,1,2024-11-22,21.23,C36754,France,21.23
113059,S142,Streaming subscription,5,2024-11-22,21.71,C15540,France,108.55000000000001
113041,S862,Streaming subscription,3,2024-11-22,20.42,C24000,Australia,61.260000000000005
113042,S807,Streaming subscription,3,2024-11-22,22.58,C73802,Australia,67.74
113043,S525,Streaming subscription,4,2024-11-22,19.27,C86472,Australia,77.08
113044,S474,Streaming subscription,-2,2024-11-22,14.04,C81146,Australia,-28.08
113046,S321,Streaming subscription,2,2024-11-22,22.4,C73250,Australia,44.8
113047,S398,Streaming subscription,4,2024-11-22,19.01,C96984,Australia,76.04
113048,S440,Streaming subscription,2,2024-11-22,19.03,C18438,Australia,38.06
113045,S660,Streaming subscription,2,2024-11-22,17.6,C11779,Australia,35.2
113050,S482,Streaming subscription,3,2024-11-22,18.36,C83853,Canada,55.08
113049,S852,Streaming subscription,5,2024-11-22,20.36,C23280,Canada,101.8
113056,S268,Streaming subscription,1,2024-11-22,17.74,C40893,Canada,17.74
113055,S609,Streaming subscription,3,2024-11-22,20.24,C65859,Canada,60.72
113054,S619,Streaming subscription,3,2024-11-22,20.34,C94351,Canada,61.019999999999996
113057,S759,Streaming subscription,2,2024-11-22,17.55,C12492,France,35.1
113052,S748,Streaming subscription,2,2024-11-22,15.73,C71734,Canada,31.46
113051,S899,Streaming subscription,4,2024-11-22,21.18,C91498,Canada,84.72
113053,S996,Streaming subscription,1,2024-11-22,23.98,C76821,Canada,23.98
113110,S972,Streaming subscription,4,2024-11-23,32.34,C56486,Germany,129.36
113104,S722,Streaming subscription,4,2024-11-23,19.63,C67827,France,78.52
113105,S497,Streaming subscription,2,2024-11-23,23.95,C58053,Germany,47.9
113106,S504,Streaming subscription,1,2024-11-23,22.11,C32687,Germany,22.11
113107,S527,Streaming subscription,2,2024-11-23,27.0,C86313,Germany,54.0
113108,S959,Streaming subscription,2,2024-11-23,18.55,C10299,Germany,37.1
113109,S103,Streaming subscription,1,2024-11-23,28.45,C94962,Germany,28.45
113111,S650,Streaming subscription,2,2024-11-23,18.38,C18027,Germany,36.76
113103,S527,Streaming subscription,5,2024-11-23,27.06,C46885,France,135.29999999999998
113113,S592,Streaming subscription,2,2024-11-23,20.53,C29891,United Kingdom,41.06
113114,S345,Streaming subscription,2,2024-11-23,30.49,C52237,United Kingdom,60.98
113115,S397,Streaming subscription,5,2024-11-23,32.05,C72048,United Kingdom,160.25
113116,S375,Streaming subscription,5,2024-11-23,32.72,C91571,United Kingdom,163.6
113117,S957,Streaming subscription,1,2024-11-23,21.8,C57668,United Kingdom,21.8
113118,S576,Streaming subscription,5,2024-11-23,28.18,C48708,United Kingdom,140.9
113119,S792,Streaming subscription,3,2024-11-23,34.06,C98993,United Kingdom,102.18
113120,S691,Streaming subscription,4,2024-11-23,32.25,C22822,United Kingdom,129.0
113112,S575,Streaming subscription,5,2024-11-23,26.43,C35251,Germany,132.15
113102,S562,Streaming subscription,2,2024-11-23,20.0,C88139,France,40.0
113101,S226,Streaming subscription,2,2024-11-23,21.99,C53477,France,43.98
113081,S478,Streaming subscription,2,2024-11-23,28.26,C99531,Australia,56.52
113100,S112,Streaming subscription,3,2024-11-23,17.25,C22958,France,51.75
113082,S436,Streaming subscription,3,2024-11-23,19.63,C29084,Australia,58.89
113083,S397,Streaming subscription,2,2024-11-23,21.79,C72474,Australia,43.58
113084,S167,Streaming subscription,1,2024-11-23,20.66,C10729,Australia,20.66
113085,S936,Streaming subscription,3,2024-11-23,19.26,C85234,Australia,57.78
113087,S521,Streaming subscription,1,2024-11-23,15.8,C39269,Australia,15.8
113088,S609,Streaming subscription,3,2024-11-23,20.55,C57918,Australia,61.650000000000006
113089,S675,Streaming subscription,4,2024-11-23,15.43,C84657,Canada,61.72
113090,S238,Streaming subscription,4,2024-11-23,20.01,C96753,Canada,80.04
113086,S805,Streaming subscription,2,2024-11-23,15.27,C96656,Australia,30.54
113092,S484,Streaming subscription,4,2024-11-23,18.29,C77573,Canada,73.16
113093,S218,Streaming subscription,5,2024-11-23,14.74,C93684,Canada,73.7
113094,S466,Streaming subscription,4,2024-11-23,15.37,C49791,Canada,61.48
113095,S626,Streaming subscription,4,2024-11-23,10.7,C38989,Canada,42.8
113096,S180,Streaming subscription,5,2024-11-23,12.67,C81372,Canada,63.35
113097,S303,Streaming subscription,4,2024-11-23,21.18,C47654,France,84.72
113098,S997,Streaming subscription,5,2024-11-23,21.23,C66711,France,106.15
113091,S206,Streaming subscription,3,2024-11-23,14.54,C42559,Canada,43.62
113099,S748,Streaming subscription,1,2024-11-23,27.77,C81112,France,27.77
113150,S794,Streaming subscription,2,2024-11-24,26.47,C84270,Germany,52.94
113149,S633,Streaming subscription,5,2024-11-24,29.59,C35123,Germany,147.95
113148,S148,Streaming subscription,4,2024-11-24,23.38,C47248,Germany,93.52
113144,S925,Streaming subscription,2,2024-11-24,21.77,C86208,France,43.54
113146,S610,Streaming subscription,2,2024-11-24,26.57,C81524,Germany,53.14
113145,S925,Streaming subscription,5,2024-11-24,21.93,C25699,Germany,109.65
113151,S121,Streaming subscription,4,2024-11-24,24.55,C43098,Germany,98.2
113147,S212,Streaming subscription,5,2024-11-24,20.0,C39823,Germany,100.0
113152,S271,Streaming subscription,3,2024-11-24,16.26,C76139,Germany,48.78
113140,S373,Streaming subscription,5,2024-11-24,16.59,C83015,France,82.95
113154,S163,Streaming subscription,2,2024-11-24,28.02,C16621,United Kingdom,56.04
113155,S995,Streaming subscription,5,2024-11-24,30.44,C49806,United Kingdom,152.20000000000002
113156,S832,Streaming subscription,4,2024-11-24,26.54,C61106,United Kingdom,106.16
113157,S241,Streaming subscription,1,2024-11-24,25.78,C72579,United Kingdom,25.78
113158,S886,Streaming subscription,2,2024-11-24,29.56,C59212,United Kingdom,59.12
113159,S364,Streaming subscription,3,2024-11-24,27.17,C68994,United Kingdom,81.51
113160,S915,Streaming subscription,4,2024-11-24,26.6,C38738,United Kingdom,106.4
113143,S498,Streaming subscription,5,2024-11-24,26.35,C58664,France,131.75
113153,S253,Streaming subscription,2,2024-11-24,24.59,C76870,United Kingdom,49.18
113142,S934,Streaming subscription,1,2024-11-24,17.44,C69000,France,17.44
113134,S534,Streaming subscription,3,2024-11-24,10.95,C88902,Canada,32.849999999999994
113127,S411,Streaming subscription,5,2024-11-24,18.16,C37153,Australia,90.8
113121,S693,Streaming subscription,1,2024-11-24,16.39,C38166,Australia,16.39
113122,S995,Streaming subscription,1,2024-11-24,16.12,C40163,Australia,16.12
113123,S260,Streaming subscription,4,2024-11-24,24.93,C56874,Australia,99.72
113124,S611,Streaming subscription,3,2024-11-24,16.21,C48505,Australia,48.63
113125,S822,Streaming subscription,3,2024-11-24,18.25,C57857,Australia,54.75
113126,S802,Streaming subscription,3,2024-11-24,13.42,C98798,Australia,40.26
113141,S745,Streaming subscription,1,2024-11-24,23.53,C78456,France,23.53
113128,S368,Streaming subscription,2,2024-11-24,17.97,C31202,Australia,35.94
113129,S796,Streaming subscription,4,2024-11-24,18.48,C25985,Canada,73.92
113130,S518,Streaming subscription,2,2024-11-24,12.82,C62448,Canada,25.64
113131,S554,Streaming subscription,1,2024-11-24,11.53,C40150,Canada,11.53
113132,S419,Streaming subscription,2,2024-11-24,12.62,C48811,Canada,25.24
113133,S287,Streaming subscription,3,2024-11-24,14.28,C87130,Canada,42.839999999999996
113135,S955,Streaming subscription,2,2024-11-24,17.3,C61527,Canada,34.6
113136,S593,Streaming subscription,1,2024-11-24,17.35,C53410,Canada,17.35
113137,S292,Streaming subscription,2,2024-11-24,19.98,C70914,France,39.96
113138,S914,Streaming subscription,3,2024-11-24,25.04,C19372,France,75.12
113139,S798,Streaming subscription,5,2024-11-24,28.24,C38211,France,141.2
113188,S890,Streaming subscription,4,2024-11-25,25.54,C43862,Germany,102.16
113187,S137,Streaming subscription,5,2024-11-25,27.87,C83698,Germany,139.35
113186,S814,Streaming subscription,5,2024-11-25,26.16,C17588,Germany,130.8
113183,S911,Streaming subscription,3,2024-11-25,28.9,C60059,France,86.69999999999999
113184,S150,Streaming subscription,4,2024-11-25,26.45,C65292,France,105.8
113189,S315,Streaming subscription,4,2024-11-25,28.46,C47317,Germany,113.84
113185,S121,Streaming subscription,2,2024-11-25,25.87,C27742,Germany,51.74
113190,S565,Streaming subscription,4,2024-11-25,30.26,C19317,Germany,121.04
113200,S533,Streaming subscription,3,2024-11-25,34.12,C74449,United Kingdom,102.35999999999999
113192,S734,Streaming subscription,1,2024-11-25,26.68,C94252,Germany,26.68
113193,S164,Streaming subscription,3,2024-11-25,33.49,C74534,United Kingdom,100.47
113194,S910,Streaming subscription,1,2024-11-25,34.06,C58566,United Kingdom,34.06
113196,S974,Streaming subscription,4,2024-11-25,35.2,C76620,United Kingdom,140.8
113197,S455,Streaming subscription,4,2024-11-25,34.31,C86006,United Kingdom,137.24
113198,S712,Streaming subscription,4,2024-11-25,33.34,C46650,United Kingdom,133.36
113199,S931,Streaming subscription,3,2024-11-25,32.01,C81597,United Kingdom,96.03
113182,S941,Streaming subscription,3,2024-11-25,21.34,C12428,France,64.02
113191,S762,Streaming subscription,2,2024-11-25,22.96,C52953,Germany,45.92
113181,S249,Streaming subscription,4,2024-11-25,27.22,C84168,France,108.88
113195,S456,Streaming subscription,4,2024-11-25,35.43,C84354,United Kingdom,141.72
113179,S616,Streaming subscription,5,2024-11-25,26.87,C11171,France,134.35
113180,S974,Streaming subscription,2,2024-11-25,25.96,C47707,France,51.92
113162,S268,Streaming subscription,3,2024-11-25,17.76,C96026,Australia,53.28
113163,S919,Streaming subscription,5,2024-11-25,20.97,C89171,Australia,104.85
113164,S354,Streaming subscription,1,2024-11-25,22.28,C42096,Australia,22.28
113165,S447,Streaming subscription,1,2024-11-25,25.99,C44786,Australia,25.99
113166,S741,Streaming subscription,3,2024-11-25,22.12,C28378,Australia,66.36
113167,S601,Streaming subscription,4,2024-11-25,23.74,C37909,Australia,94.96
113168,S892,Streaming subscription,1,2024-11-25,20.29,C47567,Australia,20.29
113169,S472,Streaming subscription,5,2024-11-25,21.17,C15807,Canada,105.85000000000001
113161,S372,Streaming subscription,4,2024-11-25,20.38,C91884,Australia,81.52
113171,S773,Streaming subscription,5,2024-11-25,20.29,C73494,Canada,101.44999999999999
113170,S645,Streaming subscription,4,2024-11-25,13.79,C74464,Canada,55.16
113177,S903,Streaming subscription,5,2024-11-25,28.86,C16547,France,144.3
113176,S406,Streaming subscription,2,2024-11-25,18.18,C16356,Canada,36.36
113175,S228,Streaming subscription,5,2024-11-25,23.63,C85294,Canada,118.14999999999999
113178,S922,Streaming subscription,-2,2024-11-25,29.62,C48894,France,-59.24
113173,S211,Streaming subscription,5,2024-11-25,20.53,C66924,Canada,102.65
113172,S891,Streaming subscription,1,2024-11-25,18.26,C23261,Canada,18.26
113174,S743,Streaming subscription,2,2024-11-25,18.26,C12328,Canada,36.52
113240,S749,Streaming subscription,3,2024-11-26,34.6,C70903,United Kingdom,103.80000000000001
113223,S164,Streaming subscription,3,2024-11-26,19.96,C50645,France,59.88
113224,S335,Streaming subscription,1,2024-11-26,27.79,C34445,France,27.79
113225,S798,Streaming subscription,4,2024-11-26,32.6,C20007,Germany,130.4
113226,S913,Streaming subscription,3,2024-11-26,26.85,C72654,Germany,80.55000000000001
113227,S972,Streaming subscription,3,2024-11-26,23.9,C53004,Germany,71.69999999999999
113228,S902,Streaming subscription,5,2024-11-26,20.18,C91175,Germany,100.9
113229,S628,Streaming subscription,4,2024-11-26,21.4,C66913,Germany,85.6
113230,S547,Streaming subscription,2,2024-11-26,33.13,C70535,Germany,66.26
113232,S478,Streaming subscription,1,2024-11-26,22.85,C94077,Germany,22.85
113233,S647,Streaming subscription,1,2024-11-26,32.44,C96437,United Kingdom,32.44
113234,S850,Streaming subscription,4,2024-11-26,30.5,C69504,United Kingdom,122.0
113236,S246,Streaming subscription,3,2024-11-26,31.08,C92949,United Kingdom,93.24
113237,S974,Streaming subscription,1,2024-11-26,28.37,C78201,United Kingdom,28.37
113238,S794,Streaming subscription,5,2024-11-26,34.56,C48837,United Kingdom,172.8
113239,S372,Streaming subscription,5,2024-11-26,26.02,C85416,United Kingdom,130.1
113222,S272,Streaming subscription,1,2024-11-26,23.14,C80747,France,23.14
113231,S455,Streaming subscription,4,2024-11-26,33.83,C67333,Germany,135.32
113221,S266,Streaming subscription,-2,2024-11-26,26.92,C75001,France,-53.84
113235,S923,Streaming subscription,1,2024-11-26,40.0,C10728,United Kingdom,40.0
113219,S655,Streaming subscription,4,2024-11-26,23.42,C39912,France,93.68
113220,S597,Streaming subscription,2,2024-11-26,24.94,C76211,France,49.88
113201,S533,Streaming subscription,3,2024-11-26,29.4,C54388,Australia,88.19999999999999
113202,S232,Streaming subscription,2,2024-11-26,17.69,C94065,Australia,35.38
113203,S217,Streaming subscription,1,2024-11-26,24.67,C65224,Australia,24.67
113204,S753,Streaming subscription,3,2024-11-26,24.84,C33161,Australia,74.52
113205,S584,Streaming subscription,4,2024-11-26,20.81,C30829,Australia,83.24
113207,S505,Streaming subscription,2,2024-11-26,16.63,C92283,Australia,33.26
113208,S774,Streaming subscription,4,2024-11-26,20.74,C66742,Australia,82.96
113209,S690,Streaming subscription,4,2024-11-26,17.64,C17667,Canada,70.56
113206,S611,Streaming subscription,3,2024-11-26,21.47,C24307,Australia,64.41
113211,S167,Streaming subscription,1,2024-11-26,17.61,C32653,Canada,17.61
113212,S579,Streaming subscription,5,2024-11-26,12.72,C63686,Canada,63.6
113213,S276,Streaming subscription,2,2024-11-26,17.43,C91930,Canada,34.86
113214,S254,Streaming subscription,2,2024-11-26,14.41,C33217,Canada,28.82
113215,S997,Streaming subscription,1,2024-11-26,21.21,C22133,Canada,21.21
113216,S231,Streaming subscription,1,2024-11-26,19.94,C87229,Canada,19.94
113217,S993,Streaming subscription,5,2024-11-26,20.35,C73497,France,101.75
113210,S922,Streaming subscription,4,2024-11-26,21.6,C18154,Canada,86.4
113218,S681,Streaming subscription,4,2024-11-26,27.6,C87627,France,110.4
113268,S905,Streaming subscription,4,2024-11-27,21.73,C27326,Germany,86.92
113267,S233,Streaming subscription,2,2024-11-27,27.59,C29089,Germany,55.18
113266,S856,Streaming subscription,3,2024-11-27,29.05,C20641,Germany,87.15
113263,S160,Streaming subscription,3,2024-11-27,27.9,C48157,France,83.69999999999999
113264,S589,Streaming subscription,1,2024-11-27,21.27,C86251,France,21.27
113269,S558,Streaming subscription,2,2024-11-27,24.54,C39469,Germany,49.08
113265,S270,Streaming subscription,5,2024-11-27,24.11,C75522,Germany,120.55
113270,S280,Streaming subscription,1,2024-11-27,29.18,C71807,Germany,29.18
113280,S898,Streaming subscription,2,2024-11-27,35.89,C84239,United Kingdom,71.78
113272,S387,Streaming subscription,4,2024-11-27,28.32,C73503,Germany,113.28
113273,S609,Streaming subscription,3,2024-11-27,35.03,C41391,United Kingdom,105.09
113274,S466,Streaming subscription,-2,2024-11-27,34.47,C21098,United Kingdom,-68.94
113275,S271,Streaming subscription,3,2024-11-27,33.25,C96148,United Kingdom,99.75
113276,S164,Streaming subscription,2,2024-11-27,36.58,C61975,United Kingdom,73.16
113277,S732,Streaming subscription,5,2024-11-27,32.63,C11455,United Kingdom,163.15
113278,S155,Streaming subscription,5,2024-11-27,34.9,C77336,United Kingdom,174.5
113279,S881,Streaming subscription,4,2024-11-27,32.62,C90196,United Kingdom,130.48
113262,S707,Streaming subscription,5,2024-11-27,26.8,C22280,France,134.0
113271,S759,Streaming subscription,4,2024-11-27,30.52,C38922,Germany,122.08
113261,S532,Streaming subscription,3,2024-11-27,22.36,C87705,France,67.08
113255,S615,Streaming subscription,5,2024-11-27,20.06,C42013,Canada,100.3
113259,S771,Streaming subscription,5,2024-11-27,29.24,C18287,France,146.2
113241,S166,Streaming subscription,2,2024-11-27,22.76,C45433,Australia,45.52
113242,S210,Streaming subscription,2,2024-11-27,20.34,C69974,Australia,40.68
113243,S734,Streaming subscription,3,2024-11-27,25.91,C88301,Australia,77.73
113244,S509,Streaming subscription,3,2024-11-27,23.5,C52337,Australia,70.5
113260,S399,Streaming subscription,4,2024-11-27,23.09,C56235,France,92.36
113246,S571,Streaming subscription,5,2024-11-27,25.61,C71333,Australia,128.05
113247,S855,Streaming subscription,3,2024-11-27,24.48,C97788,Australia,73.44
113248,S811,Streaming subscription,1,2024-11-27,26.8,C42074,Australia,26.8
113245,S934,Streaming subscription,2,2024-11-27,23.18,C69553,Australia,46.36
113250,S259,Streaming subscription,1,2024-11-27,18.33,C51687,Canada,18.33
113251,S545,Streaming subscription,1,2024-11-27,6.07,C73291,Canada,6.07
113252,S871,Streaming subscription,5,2024-11-27,18.51,C60231,Canada,92.55000000000001
113253,S855,Streaming subscription,4,2024-11-27,18.57,C56431,Canada,74.28
113254,S892,Streaming subscription,5,2024-11-27,17.98,C36602,Canada,89.9
113256,S502,Streaming subscription,-2,2024-11-27,14.85,C69480,Canada,-29.7
113257,S678,Streaming subscription,5,2024-11-27,25.26,C44013,France,126.30000000000001
113258,S462,Streaming subscription,5,2024-11-27,26.05,C50970,France,130.25
113249,S672,Streaming subscription,2,2024-11-27,20.17,C30555,Canada,40.34
113309,S269,Streaming subscription,1,2024-11-28,24.93,C29911,Germany,24.93
113308,S256,Streaming subscription,2,2024-11-28,27.04,C26936,Germany,54.08
113307,S106,Streaming subscription,5,2024-11-28,27.86,C10638,Germany,139.3
113310,S526,Streaming subscription,5,2024-11-28,29.3,C23365,Germany,146.5
113305,S804,Streaming subscription,3,2024-11-28,30.37,C44659,Germany,91.11
113304,S665,Streaming subscription,4,2024-11-28,23.43,C69784,France,93.72
113303,S658,Streaming subscription,5,2024-11-28,28.32,C63843,France,141.6
113306,S336,Streaming subscription,4,2024-11-28,27.29,C13647,Germany,109.16
113311,S239,Streaming subscription,2,2024-11-28,29.16,C55869,Germany,58.32
113302,S624,Streaming subscription,2,2024-11-28,21.35,C92131,France,42.7
113313,S324,Streaming subscription,5,2024-11-28,35.74,C16141,United Kingdom,178.70000000000002
113314,S320,Streaming subscription,3,2024-11-28,33.03,C24084,United Kingdom,99.09
113315,S789,Streaming subscription,4,2024-11-28,30.95,C10501,United Kingdom,123.8
113316,S175,Streaming subscription,3,2024-11-28,34.25,C86256,United Kingdom,102.75
113317,S709,Streaming subscription,4,2024-11-28,33.43,C75768,United Kingdom,133.72
113318,S387,Streaming subscription,2,2024-11-28,35.81,C81399,United Kingdom,71.62
113319,S595,Streaming subscription,4,2024-11-28,33.77,C59936,United Kingdom,135.08
113320,S676,Streaming subscription,2,2024-11-28,32.57,C91091,United Kingdom,65.14
113312,S575,Streaming subscription,-2,2024-11-28,25.67,C27192,Germany,-51.34
113301,S287,Streaming subscription,4,2024-11-28,28.21,C22109,France,112.84
113281,S866,Streaming subscription,5,2024-11-28,21.53,C51358,Australia,107.65
113299,S875,Streaming subscription,1,2024-11-28,26.28,C57767,France,26.28
113282,S905,Streaming subscription,5,2024-11-28,24.91,C92761,Australia,124.55
113283,S346,Streaming subscription,1,2024-11-28,20.57,C88006,Australia,20.57
113284,S703,Streaming subscription,2,2024-11-28,22.39,C45437,Australia,44.78
113285,S661,Streaming subscription,4,2024-11-28,24.34,C28079,Australia,97.36
113286,S805,Streaming subscription,3,2024-11-28,13.61,C94821,Australia,40.83
113287,S102,Streaming subscription,4,2024-11-28,20.41,C89558,Australia,81.64
113288,S527,Streaming subscription,2,2024-11-28,30.17,C68424,Australia,60.34
113289,S337,Streaming subscription,1,2024-11-28,17.79,C29322,Canada,17.79
113300,S758,Streaming subscription,1,2024-11-28,22.3,C37064,France,22.3
113291,S579,Streaming subscription,1,2024-11-28,16.34,C58982,Canada,16.34
113292,S854,Streaming subscription,3,2024-11-28,16.65,C70897,Canada,49.949999999999996
113293,S296,Streaming subscription,3,2024-11-28,19.67,C32192,Canada,59.010000000000005
113294,S575,Streaming subscription,1,2024-11-28,18.0,C68755,Canada,18.0
113295,S658,Streaming subscription,1,2024-11-28,19.17,C54580,Canada,19.17
113296,S300,Streaming subscription,4,2024-11-28,15.76,C41195,Canada,63.04
113297,S398,Streaming subscription,5,2024-11-28,27.9,C38068,France,139.5
113298,S669,Streaming subscription,3,2024-11-28,23.64,C82116,France,70.92
113290,S689,Streaming subscription,5,2024-11-28,17.63,C18974,Canada,88.14999999999999
113349,S621,Streaming subscription,3,2024-11-29,30.22,C13803,Germany,90.66
113348,S836,Streaming subscription,2,2024-11-29,23.6,C71072,Germany,47.2
113344,S920,Streaming subscription,4,2024-11-29,23.9,C96559,France,95.6
113346,S708,Streaming subscription,5,2024-11-29,25.08,C11063,Germany,125.39999999999999
113345,S716,Streaming subscription,5,2024-11-29,32.8,C21238,Germany,164.0
113350,S101,Streaming subscription,4,2024-11-29,25.32,C50842,Germany,101.28
113347,S740,Streaming subscription,4,2024-11-29,30.01,C36415,Germany,120.04
113351,S793,Streaming subscription,3,2024-11-29,23.4,C50828,Germany,70.19999999999999
113356,S433,Streaming subscription,5,2024-11-29,26.92,C44581,United Kingdom,134.60000000000002
113353,S635,Streaming subscription,2,2024-11-29,39.24,C47756,United Kingdom,78.48
113354,S629,Streaming subscription,2,2024-11-29,36.35,C25314,United Kingdom,72.7
113355,S324,Streaming subscription,2,2024-11-29,34.27,C99627,United Kingdom,68.54
113357,S714,Streaming subscription,-2,2024-11-29,37.1,C96899,United Kingdom,-74.2
113358,S838,Streaming subscription,1,2024-11-29,35.64,C22378,United Kingdom,35.64
113359,S659,Streaming subscription,5,2024-11-29,33.62,C76123,United Kingdom,168.1
113360,S699,Streaming subscription,3,2024-11-29,26.77,C70545,United Kingdom,80.31
113343,S418,Streaming subscription,5,2024-11-29,21.89,C70344,France,109.45
113352,S640,Streaming subscription,2,2024-11-29,36.3,C12333,Germany,72.6
113342,S783,Streaming subscription,2,2024-11-29,20.93,C13535,France,41.86
113341,S191,Streaming subscription,3,2024-11-29,25.61,C52189,France,76.83
113321,S759,Streaming subscription,2,2024-11-29,22.8,C46950,Australia,45.6
113340,S144,Streaming subscription,1,2024-11-29,24.01,C46802,France,24.01
113322,S767,Streaming subscription,4,2024-11-29,24.96,C85777,Australia,99.84
113323,S698,Streaming subscription,1,2024-11-29,18.6,C45715,Australia,18.6
113324,S281,Streaming subscription,4,2024-11-29,19.91,C20064,Australia,79.64
113325,S528,Streaming subscription,3,2024-11-29,23.38,C36953,Australia,70.14
113327,S537,Streaming subscription,1,2024-11-29,29.83,C71426,Australia,29.83
113328,S768,Streaming subscription,3,2024-11-29,23.16,C20643,Australia,69.48
113329,S169,Streaming subscription,4,2024-11-29,19.5,C75491,Canada,78.0
113330,S935,Streaming subscription,4,2024-11-29,19.2,C34311,Canada,76.8
113326,S818,Streaming subscription,5,2024-11-29,21.15,C96529,Australia,105.75
113332,S234,Streaming subscription,1,2024-11-29,24.96,C64501,Canada,24.96
113331,S416,Streaming subscription,5,2024-11-29,20.11,C62473,Canada,100.55
113338,S224,Streaming subscription,4,2024-11-29,22.25,C49520,France,89.0
113337,S146,Streaming subscription,4,2024-11-29,19.33,C25983,France,77.32
113336,S388,Streaming subscription,4,2024-11-29,17.44,C26033,Canada,69.76
113339,S605,Streaming subscription,1,2024-11-29,38.7,C76813,France,38.7
113334,S458,Streaming subscription,5,2024-11-29,18.71,C95206,Canada,93.55000000000001
113333,S498,Streaming subscription,3,2024-11-29,26.19,C49972,Canada,78.57000000000001
113335,S966,Streaming subscription,3,2024-11-29,13.15,C39487,Canada,39.45
113390,S580,Streaming subscription,3,2024-11-30,16.75,C58054,Germany,50.25
113383,S560,Streaming subscription,5,2024-11-30,18.09,C95080,France,90.45
113384,S456,Streaming subscription,3,2024-11-30,15.12,C92073,France,45.36
113385,S226,Streaming subscription,2,2024-11-30,24.66,C33049,Germany,49.32
113386,S903,Streaming subscription,2,2024-11-30,25.65,C58052,Germany,51.3
113387,S236,Streaming subscription,2,2024-11-30,21.75,C28441,Germany,43.5
113388,S255,Streaming subscription,1,2024-11-30,25.46,C96502,Germany,25.46
113389,S621,Streaming subscription,1,2024-11-30,24.12,C63498,Germany,24.12
113391,S363,Streaming subscription,1,2024-11-30,22.81,C61481,Germany,22.81
113382,S845,Streaming subscription,4,2024-11-30,20.64,C38054,France,82.56
113393,S135,Streaming subscription,2,2024-11-30,27.44,C25996,United Kingdom,54.88
113394,S124,Streaming subscription,3,2024-11-30,27.74,C16730,United Kingdom,83.22
113395,S882,Streaming subscription,4,2024-11-30,30.08,C92701,United Kingdom,120.32
113396,S551,Streaming subscription,1,2024-11-30,29.32,C43576,United Kingdom,29.32
113397,S949,Streaming subscription,5,2024-11-30,25.35,C14613,United Kingdom,126.75
113398,S234,Streaming subscription,4,2024-11-30,30.59,C24747,United Kingdom,122.36
113399,S577,Streaming subscription,2,2024-11-30,26.1,C48371,United Kingdom,52.2
113400,S503,Streaming subscription,1,2024-11-30,25.29,C56886,United Kingdom,25.29
113392,S252,Streaming subscription,1,2024-11-30,20.79,C32883,Germany,20.79
113381,S283,Streaming subscription,2,2024-11-30,21.06,C56143,France,42.12
113361,S571,Streaming subscription,5,2024-11-30,26.97,C77220,Australia,134.85
113379,S283,Streaming subscription,2,2024-11-30,21.02,C38543,France,42.04
113380,S276,Streaming subscription,5,2024-11-30,15.38,C94377,France,76.9
113362,S601,Streaming subscription,5,2024-11-30,17.18,C59474,Australia,85.9
113363,S964,Streaming subscription,2,2024-11-30,23.06,C30395,Australia,46.12
113364,S880,Streaming subscription,4,2024-11-30,18.96,C41098,Australia,75.84
113365,S529,Streaming subscription,4,2024-11-30,20.24,C96666,Australia,80.96
113367,S366,Streaming subscription,5,2024-11-30,22.46,C96159,Australia,112.30000000000001
113368,S965,Streaming subscription,3,2024-11-30,16.63,C61853,Australia,49.89
113369,S976,Streaming subscription,1,2024-11-30,11.03,C33201,Canada,11.03
113366,S814,Streaming subscription,5,2024-11-30,26.44,C72440,Australia,132.20000000000002
113371,S702,Streaming subscription,4,2024-11-30,12.37,C94504,Canada,49.48
113372,S961,Streaming subscription,5,2024-11-30,14.27,C18479,Canada,71.35
113373,S503,Streaming subscription,3,2024-11-30,12.69,C72618,Canada,38.07
113374,S405,Streaming subscription,-1,2024-11-30,20.84,C91178,Canada,-20.84
113375,S572,Streaming subscription,3,2024-11-30,20.51,C62292,Canada,61.53
113376,S968,Streaming subscription,2,2024-11-30,14.62,C41701,Canada,29.24
113377,S713,Streaming subscription,4,2024-11-30,23.31,C77595,France,93.24
113370,S910,Streaming subscription,1,2024-11-30,14.72,C48279,Canada,14.72
113378,S340,Streaming subscription,3,2024-11-30,23.12,C74608,France,69.36
113429,S481,Streaming subscription,1,2024-12-01,27.29,C84039,Germany,27.29
113428,S952,Streaming subscription,4,2024-12-01,25.16,C20692,Germany,100.64
113427,S827,Streaming subscription,3,2024-12-01,22.39,C97965,Germany,67.17
113423,S393,Streaming subscription,2,2024-12-01,21.67,C54482,France,43.34
113425,S166,Streaming subscription,3,2024-12-01,26.32,C31135,Germany,78.96000000000001
113424,S259,Streaming subscription,3,2024-12-01,19.16,C78978,France,57.480000000000004
113430,S301,Streaming subscription,3,2024-12-01,27.93,C21042,Germany,83.78999999999999
113426,S766,Streaming subscription,3,2024-12-01,26.56,C51448,Germany,79.67999999999999
113431,S609,Streaming subscription,2,2024-12-01,26.61,C23340,Germany,53.22
113440,S367,Streaming subscription,2,2024-12-01,29.82,C41293,United Kingdom,59.64
113433,S984,Streaming subscription,5,2024-12-01,27.48,C20264,United Kingdom,137.4
113434,S450,Streaming subscription,1,2024-12-01,31.69,C99009,United Kingdom,31.69
113435,S968,Streaming subscription,2,2024-12-01,25.8,C24987,United Kingdom,51.6
113436,S219,Streaming subscription,1,2024-12-01,26.65,C12191,United Kingdom,26.65
113437,S705,Streaming subscription,2,2024-12-01,27.55,C41117,United Kingdom,55.1
113438,S357,Streaming subscription,1,2024-12-01,24.37,C77814,United Kingdom,24.37
113439,S862,Streaming subscription,1,2024-12-01,23.23,C97374,United Kingdom,23.23
113422,S136,Streaming subscription,3,2024-12-01,21.31,C21232,France,63.92999999999999
113432,S513,Streaming subscription,4,2024-12-01,16.48,C18863,Germany,65.92
113421,S445,Streaming subscription,1,2024-12-01,11.66,C83944,France,11.66
113401,S234,Streaming subscription,1,2024-12-01,19.54,C84290,Australia,19.54
113419,S961,Streaming subscription,2,2024-12-01,16.72,C44292,France,33.44
113402,S374,Streaming subscription,5,2024-12-01,17.49,C35978,Australia,87.44999999999999
113403,S403,Streaming subscription,1,2024-12-01,20.62,C97624,Australia,20.62
113404,S869,Streaming subscription,4,2024-12-01,16.65,C30382,Australia,66.6
113405,S703,Streaming subscription,5,2024-12-01,24.21,C39267,Australia,121.05000000000001
113406,S591,Streaming subscription,1,2024-12-01,16.17,C15543,Australia,16.17
113407,S328,Streaming subscription,3,2024-12-01,13.59,C58008,Australia,40.769999999999996
113408,S230,Streaming subscription,5,2024-12-01,18.88,C12470,Australia,94.39999999999999
113409,S508,Streaming subscription,4,2024-12-01,16.63,C46037,Canada,66.52
113420,S452,Streaming subscription,1,2024-12-01,20.67,C79222,France,20.67
113411,S763,Streaming subscription,4,2024-12-01,15.0,C48306,Canada,60.0
113412,S738,Streaming subscription,5,2024-12-01,10.12,C73375,Canada,50.599999999999994
113413,S814,Streaming subscription,1,2024-12-01,13.39,C70267,Canada,13.39
113414,S180,Streaming subscription,5,2024-12-01,14.7,C21441,Canada,73.5
113415,S713,Streaming subscription,2,2024-12-01,15.96,C11569,Canada,31.92
113416,S356,Streaming subscription,1,2024-12-01,14.16,C55908,Canada,14.16
113417,S388,Streaming subscription,2,2024-12-01,18.7,C92403,France,37.4
113418,S361,Streaming subscription,1,2024-12-01,22.43,C57112,France,22.43
113410,S810,Streaming subscription,5,2024-12-01,8.86,C55047,Canada,44.3
113468,S375,Streaming subscription,3,2024-12-02,27.16,C47782,Germany,81.48
113467,S775,Streaming subscription,2,2024-12-02,27.98,C93582,Germany,55.96
113463,S719,Streaming subscription,3,2024-12-02,22.97,C70384,France,68.91
113465,S170,Streaming subscription,1,2024-12-02,27.51,C19964,Germany,27.51
113464,S199,Streaming subscription,4,2024-12-02,23.6,C91582,France,94.4
113469,S122,Streaming subscription,1,2024-12-02,28.36,C68199,Germany,28.36
113466,S718,Streaming subscription,4,2024-12-02,31.86,C44938,Germany,127.44
113470,S442,Streaming subscription,3,2024-12-02,24.44,C34902,Germany,73.32000000000001
113475,S151,Streaming subscription,1,2024-12-02,22.37,C18030,United Kingdom,22.37
113472,S975,Streaming subscription,3,2024-12-02,29.42,C15641,Germany,88.26
113473,S121,Streaming subscription,3,2024-12-02,33.16,C69280,United Kingdom,99.47999999999999
113474,S223,Streaming subscription,1,2024-12-02,31.04,C96267,United Kingdom,31.04
113476,S834,Streaming subscription,1,2024-12-02,28.29,C60336,United Kingdom,28.29
113477,S248,Streaming subscription,1,2024-12-02,34.29,C48977,United Kingdom,34.29
113478,S566,Streaming subscription,2,2024-12-02,29.18,C70764,United Kingdom,58.36
113479,S204,Streaming subscription,3,2024-12-02,32.58,C70006,United Kingdom,97.74
113462,S908,Streaming subscription,2,2024-12-02,23.41,C45965,France,46.82
113471,S589,Streaming subscription,1,2024-12-02,27.46,C31387,Germany,27.46
113480,S688,Streaming subscription,5,2024-12-02,35.13,C56202,United Kingdom,175.65
113461,S910,Streaming subscription,1,2024-12-02,16.34,C51670,France,16.34
113459,S821,Streaming subscription,2,2024-12-02,23.11,C32731,France,46.22
113460,S785,Streaming subscription,5,2024-12-02,27.14,C62202,France,135.7
113441,S768,Streaming subscription,4,2024-12-02,21.79,C92142,Australia,87.16
113442,S201,Streaming subscription,2,2024-12-02,20.04,C69223,Australia,40.08
113443,S309,Streaming subscription,2,2024-12-02,26.29,C72953,Australia,52.58
113444,S789,Streaming subscription,4,2024-12-02,19.44,C22482,Australia,77.76
113446,S736,Streaming subscription,5,2024-12-02,27.13,C86062,Australia,135.65
113447,S223,Streaming subscription,1,2024-12-02,16.5,C29081,Australia,16.5
113448,S985,Streaming subscription,5,2024-12-02,24.45,C48951,Australia,122.25
113449,S757,Streaming subscription,1,2024-12-02,13.8,C66529,Canada,13.8
113445,S209,Streaming subscription,5,2024-12-02,14.77,C16564,Australia,73.85
113451,S689,Streaming subscription,5,2024-12-02,20.7,C88297,Canada,103.5
113450,S982,Streaming subscription,1,2024-12-02,14.93,C95808,Canada,14.93
113457,S446,Streaming subscription,2,2024-12-02,18.93,C93796,France,37.86
113456,S247,Streaming subscription,1,2024-12-02,21.04,C61910,Canada,21.04
113455,S102,Streaming subscription,-1,2024-12-02,16.05,C20539,Canada,-16.05
113458,S735,Streaming subscription,1,2024-12-02,30.96,C98315,France,30.96
113453,S698,Streaming subscription,2,2024-12-02,15.47,C15913,Canada,30.94
113452,S415,Streaming subscription,3,2024-12-02,14.15,C71906,Canada,42.45
113454,S510,Streaming subscription,1,2024-12-02,20.13,C98842,Canada,20.13
113510,S406,Streaming subscription,1,2024-12-03,29.24,C96373,Germany,29.24
113503,S468,Streaming subscription,3,2024-12-03,22.22,C52489,France,66.66
113504,S802,Streaming subscription,-1,2024-12-03,20.86,C72342,France,-20.86
113505,S142,Streaming subscription,1,2024-12-03,29.35,C47188,Germany,29.35
113506,S834,Streaming subscription,5,2024-12-03,21.67,C33347,Germany,108.35000000000001
113507,S850,Streaming subscription,5,2024-12-03,26.38,C89438,Germany,131.9
113508,S531,Streaming subscription,3,2024-12-03,29.08,C27496,Germany,87.24
113509,S699,Streaming subscription,5,2024-12-03,31.33,C93818,Germany,156.64999999999998
113511,S227,Streaming subscription,5,2024-12-03,26.76,C41222,Germany,133.8
113502,S582,Streaming subscription,4,2024-12-03,21.79,C36151,France,87.16
113513,S130,Streaming subscription,2,2024-12-03,29.0,C34314,United Kingdom,58.0
113514,S597,Streaming subscription,3,2024-12-03,27.89,C15469,United Kingdom,83.67
113515,S759,Streaming subscription,2,2024-12-03,27.12,C23941,United Kingdom,54.24
113516,S517,Streaming subscription,3,2024-12-03,29.4,C27023,United Kingdom,88.19999999999999
113517,S450,Streaming subscription,1,2024-12-03,35.64,C65897,United Kingdom,35.64
113518,S155,Streaming subscription,5,2024-12-03,33.09,C93906,United Kingdom,165.45000000000002
113519,S268,Streaming subscription,4,2024-12-03,31.05,C45856,United Kingdom,124.2
113520,S778,Streaming subscription,3,2024-12-03,31.59,C38609,United Kingdom,94.77
113512,S375,Streaming subscription,2,2024-12-03,28.58,C14254,Germany,57.16
113501,S677,Streaming subscription,4,2024-12-03,27.73,C53888,France,110.92
113481,S571,Streaming subscription,3,2024-12-03,28.98,C18487,Australia,86.94
113499,S179,Streaming subscription,5,2024-12-03,25.32,C75585,France,126.6
113482,S791,Streaming subscription,3,2024-12-03,27.88,C20882,Australia,83.64
113483,S912,Streaming subscription,2,2024-12-03,21.2,C98978,Australia,42.4
113484,S797,Streaming subscription,4,2024-12-03,29.87,C46219,Australia,119.48
113485,S930,Streaming subscription,3,2024-12-03,21.5,C25669,Australia,64.5
113486,S267,Streaming subscription,-2,2024-12-03,23.69,C12574,Australia,-47.38
113487,S688,Streaming subscription,1,2024-12-03,23.1,C74649,Australia,23.1
113488,S286,Streaming subscription,5,2024-12-03,19.3,C65287,Australia,96.5
113489,S813,Streaming subscription,1,2024-12-03,19.42,C60629,Canada,19.42
113500,S587,Streaming subscription,-2,2024-12-03,24.2,C57954,France,-48.4
113491,S673,Streaming subscription,-1,2024-12-03,19.84,C22231,Canada,-19.84
113492,S178,Streaming subscription,2,2024-12-03,25.87,C61880,Canada,51.74
113493,S751,Streaming subscription,3,2024-12-03,16.81,C89193,Canada,50.42999999999999
113494,S187,Streaming subscription,3,2024-12-03,16.7,C76980,Canada,50.099999999999994
113495,S696,Streaming subscription,5,2024-12-03,18.72,C87012,Canada,93.6
113496,S374,Streaming subscription,3,2024-12-03,12.45,C37380,Canada,37.349999999999994
113497,S948,Streaming subscription,3,2024-12-03,24.71,C65206,France,74.13
113498,S665,Streaming subscription,4,2024-12-03,22.03,C60751,France,88.12
113490,S136,Streaming subscription,4,2024-12-03,17.05,C78623,Canada,68.2
113549,S455,Streaming subscription,2,2024-12-04,24.64,C98196,Germany,49.28
113548,S749,Streaming subscription,4,2024-12-04,24.32,C24585,Germany,97.28
113547,S290,Streaming subscription,1,2024-12-04,26.61,C61937,Germany,26.61
113543,S411,Streaming subscription,3,2024-12-04,21.19,C51749,France,63.57000000000001
113544,S307,Streaming subscription,-2,2024-12-04,20.59,C12254,France,-41.18
113550,S822,Streaming subscription,5,2024-12-04,18.66,C30202,Germany,93.3
113546,S771,Streaming subscription,4,2024-12-04,29.99,C26438,Germany,119.96
113551,S832,Streaming subscription,2,2024-12-04,27.81,C63579,Germany,55.62
113555,S222,Streaming subscription,2,2024-12-04,33.5,C82462,United Kingdom,67.0
113553,S238,Streaming subscription,2,2024-12-04,36.12,C84334,United Kingdom,72.24
113554,S413,Streaming subscription,3,2024-12-04,40.0,C42476,United Kingdom,120.0
113542,S342,Streaming subscription,3,2024-12-04,20.89,C60581,France,62.67
113556,S290,Streaming subscription,2,2024-12-04,32.09,C50982,United Kingdom,64.18
113557,S358,Streaming subscription,3,2024-12-04,28.29,C24846,United Kingdom,84.87
113558,S784,Streaming subscription,2,2024-12-04,33.07,C34448,United Kingdom,66.14
113559,S361,Streaming subscription,2,2024-12-04,32.35,C79173,United Kingdom,64.7
113560,S724,Streaming subscription,4,2024-12-04,23.37,C57846,United Kingdom,93.48
113552,S252,Streaming subscription,4,2024-12-04,23.79,C98733,Germany,95.16
113541,S595,Streaming subscription,1,2024-12-04,24.47,C43554,France,24.47
113545,S360,Streaming subscription,4,2024-12-04,29.54,C35756,Germany,118.16
113539,S814,Streaming subscription,-1,2024-12-04,26.35,C40611,France,-26.35
113521,S398,Streaming subscription,1,2024-12-04,25.01,C40736,Australia,25.01
113522,S188,Streaming subscription,-1,2024-12-04,20.5,C30235,Australia,-20.5
113523,S740,Streaming subscription,3,2024-12-04,24.78,C97125,Australia,74.34
113524,S505,Streaming subscription,2,2024-12-04,24.6,C19930,Australia,49.2
113525,S676,Streaming subscription,2,2024-12-04,24.22,C72985,Australia,48.44
113526,S911,Streaming subscription,1,2024-12-04,24.08,C94006,Australia,24.08
113527,S110,Streaming subscription,5,2024-12-04,20.66,C25282,Australia,103.3
113528,S782,Streaming subscription,3,2024-12-04,19.61,C48234,Australia,58.83
113529,S989,Streaming subscription,1,2024-12-04,15.29,C20627,Canada,15.29
113540,S213,Streaming subscription,4,2024-12-04,25.97,C28333,France,103.88
113531,S811,Streaming subscription,3,2024-12-04,16.11,C46685,Canada,48.33
113532,S174,Streaming subscription,4,2024-12-04,20.37,C12832,Canada,81.48
113533,S704,Streaming subscription,1,2024-12-04,14.77,C28430,Canada,14.77
113534,S107,Streaming subscription,5,2024-12-04,15.87,C11893,Canada,79.35
113535,S883,Streaming subscription,2,2024-12-04,18.35,C27495,Canada,36.7
113536,S958,Streaming subscription,2,2024-12-04,16.26,C94731,Canada,32.52
113537,S289,Streaming subscription,3,2024-12-04,18.49,C47108,France,55.47
113538,S660,Streaming subscription,3,2024-12-04,20.67,C85007,France,62.010000000000005
113530,S692,Streaming subscription,1,2024-12-04,15.64,C67336,Canada,15.64
113588,S696,Streaming subscription,4,2024-12-05,25.4,C40530,Germany,101.6
113587,S859,Streaming subscription,4,2024-12-05,25.36,C62745,Germany,101.44
113583,S676,Streaming subscription,1,2024-12-05,20.99,C41625,France,20.99
113585,S156,Streaming subscription,2,2024-12-05,32.16,C48842,Germany,64.32
113584,S911,Streaming subscription,4,2024-12-05,23.77,C67791,France,95.08
113589,S216,Streaming subscription,3,2024-12-05,26.77,C13090,Germany,80.31
113586,S171,Streaming subscription,5,2024-12-05,20.7,C78325,Germany,103.5
113590,S474,Streaming subscription,3,2024-12-05,22.33,C79271,Germany,66.99
113595,S298,Streaming subscription,3,2024-12-05,30.28,C38188,United Kingdom,90.84
113592,S406,Streaming subscription,3,2024-12-05,20.05,C34910,Germany,60.150000000000006
113593,S889,Streaming subscription,2,2024-12-05,27.59,C41692,United Kingdom,55.18
113594,S297,Streaming subscription,-2,2024-12-05,32.3,C45914,United Kingdom,-64.6
113596,S196,Streaming subscription,4,2024-12-05,28.4,C43838,United Kingdom,113.6
113597,S685,Streaming subscription,5,2024-12-05,33.22,C30734,United Kingdom,166.1
113598,S814,Streaming subscription,4,2024-12-05,29.06,C94342,United Kingdom,116.24
113599,S586,Streaming subscription,3,2024-12-05,38.41,C12133,United Kingdom,115.22999999999999
113582,S167,Streaming subscription,-2,2024-12-05,30.59,C11429,France,-61.18
113591,S203,Streaming subscription,3,2024-12-05,22.78,C26236,Germany,68.34
113600,S127,Streaming subscription,4,2024-12-05,36.01,C40715,United Kingdom,144.04
113581,S343,Streaming subscription,1,2024-12-05,20.18,C26223,France,20.18
113579,S589,Streaming subscription,1,2024-12-05,20.8,C35297,France,20.8
113561,S116,Streaming subscription,3,2024-12-05,22.92,C42272,Australia,68.76
113562,S638,Streaming subscription,3,2024-12-05,23.42,C14099,Australia,70.26
113563,S270,Streaming subscription,3,2024-12-05,19.59,C89047,Australia,58.769999999999996
113564,S918,Streaming subscription,2,2024-12-05,18.19,C42507,Australia,36.38
113565,S718,Streaming subscription,2,2024-12-05,20.76,C38635,Australia,41.52
113566,S253,Streaming subscription,1,2024-12-05,16.27,C36855,Australia,16.27
113567,S644,Streaming subscription,5,2024-12-05,23.29,C46688,Australia,116.44999999999999
113568,S664,Streaming subscription,5,2024-12-05,18.78,C79121,Australia,93.9
113569,S593,Streaming subscription,1,2024-12-05,24.32,C43689,Canada,24.32
113580,S835,Streaming subscription,3,2024-12-05,24.55,C62514,France,73.65
113571,S864,Streaming subscription,-1,2024-12-05,20.91,C77734,Canada,-20.91
113572,S315,Streaming subscription,5,2024-12-05,19.92,C12833,Canada,99.60000000000001
113573,S585,Streaming subscription,3,2024-12-05,21.67,C31116,Canada,65.01
113574,S512,Streaming subscription,3,2024-12-05,23.35,C97785,Canada,70.05000000000001
113575,S272,Streaming subscription,3,2024-12-05,20.33,C13539,Canada,60.989999999999995
113576,S508,Streaming subscription,3,2024-12-05,11.65,C37527,Canada,34.95
113577,S982,Streaming subscription,3,2024-12-05,23.7,C21735,France,71.1
113578,S750,Streaming subscription,5,2024-12-05,15.61,C46210,France,78.05
113570,S967,Streaming subscription,3,2024-12-05,17.04,C90180,Canada,51.12
113628,S920,Streaming subscription,5,2024-12-06,29.78,C12337,Germany,148.9
113627,S593,Streaming subscription,5,2024-12-06,29.14,C36476,Germany,145.7
113626,S428,Streaming subscription,1,2024-12-06,32.34,C86851,Germany,32.34
113622,S996,Streaming subscription,4,2024-12-06,23.28,C15063,France,93.12
113624,S718,Streaming subscription,1,2024-12-06,21.82,C48811,France,21.82
113623,S302,Streaming subscription,1,2024-12-06,22.53,C70160,France,22.53
113629,S222,Streaming subscription,4,2024-12-06,29.75,C11672,Germany,119.0
113625,S140,Streaming subscription,2,2024-12-06,31.18,C66069,Germany,62.36
113630,S365,Streaming subscription,2,2024-12-06,23.88,C67943,Germany,47.76
113634,S137,Streaming subscription,3,2024-12-06,32.85,C71021,United Kingdom,98.55000000000001
113632,S300,Streaming subscription,5,2024-12-06,28.09,C47584,Germany,140.45
113633,S793,Streaming subscription,1,2024-12-06,30.96,C47826,United Kingdom,30.96
113635,S677,Streaming subscription,1,2024-12-06,37.68,C78115,United Kingdom,37.68
113636,S619,Streaming subscription,4,2024-12-06,29.42,C63042,United Kingdom,117.68
113637,S591,Streaming subscription,3,2024-12-06,34.44,C71993,United Kingdom,103.32
113638,S720,Streaming subscription,1,2024-12-06,34.05,C78045,United Kingdom,34.05
113639,S584,Streaming subscription,4,2024-12-06,30.29,C53473,United Kingdom,121.16
113621,S205,Streaming subscription,2,2024-12-06,25.59,C64859,France,51.18
113631,S274,Streaming subscription,-1,2024-12-06,29.69,C60064,Germany,-29.69
113640,S640,Streaming subscription,1,2024-12-06,30.54,C21356,United Kingdom,30.54
113620,S803,Streaming subscription,5,2024-12-06,17.58,C19603,France,87.89999999999999
113618,S435,Streaming subscription,2,2024-12-06,21.49,C34399,France,42.98
113619,S469,Streaming subscription,3,2024-12-06,20.68,C14857,France,62.04
113601,S564,Streaming subscription,5,2024-12-06,16.26,C57186,Australia,81.30000000000001
113602,S628,Streaming subscription,5,2024-12-06,27.82,C40796,Australia,139.1
113603,S507,Streaming subscription,4,2024-12-06,19.91,C38767,Australia,79.64
113604,S645,Streaming subscription,2,2024-12-06,24.81,C68650,Australia,49.62
113606,S317,Streaming subscription,1,2024-12-06,21.64,C43357,Australia,21.64
113607,S647,Streaming subscription,1,2024-12-06,20.98,C94679,Australia,20.98
113608,S710,Streaming subscription,4,2024-12-06,17.02,C28064,Australia,68.08
113605,S929,Streaming subscription,1,2024-12-06,28.54,C19465,Australia,28.54
113610,S187,Streaming subscription,3,2024-12-06,18.95,C32075,Canada,56.849999999999994
113611,S484,Streaming subscription,2,2024-12-06,13.97,C96008,Canada,27.94
113612,S417,Streaming subscription,5,2024-12-06,14.46,C30485,Canada,72.30000000000001
113613,S764,Streaming subscription,5,2024-12-06,21.97,C84646,Canada,109.85
113614,S949,Streaming subscription,4,2024-12-06,15.86,C73498,Canada,63.44
113615,S241,Streaming subscription,2,2024-12-06,20.62,C82140,Canada,41.24
113616,S486,Streaming subscription,2,2024-12-06,12.67,C88313,Canada,25.34
113609,S380,Streaming subscription,5,2024-12-06,19.62,C93298,Canada,98.10000000000001
113617,S989,Streaming subscription,2,2024-12-06,25.82,C74002,France,51.64
113669,S836,Streaming subscription,4,2024-12-07,22.03,C66591,Germany,88.12
113668,S755,Streaming subscription,3,2024-12-07,22.96,C80918,Germany,68.88
113667,S948,Streaming subscription,1,2024-12-07,24.88,C83441,Germany,24.88
113663,S605,Streaming subscription,3,2024-12-07,20.17,C50406,France,60.510000000000005
113665,S599,Streaming subscription,3,2024-12-07,27.04,C55158,Germany,81.12
113664,S816,Streaming subscription,2,2024-12-07,19.46,C66968,France,38.92
113670,S754,Streaming subscription,3,2024-12-07,25.6,C28202,Germany,76.80000000000001
113666,S239,Streaming subscription,3,2024-12-07,26.5,C80042,Germany,79.5
113671,S990,Streaming subscription,1,2024-12-07,24.19,C71794,Germany,24.19
113680,S101,Streaming subscription,1,2024-12-07,27.87,C24828,United Kingdom,27.87
113673,S669,Streaming subscription,1,2024-12-07,25.47,C11568,United Kingdom,25.47
113674,S636,Streaming subscription,2,2024-12-07,23.0,C29979,United Kingdom,46.0
113675,S957,Streaming subscription,5,2024-12-07,23.5,C54336,United Kingdom,117.5
113676,S822,Streaming subscription,1,2024-12-07,25.89,C86273,United Kingdom,25.89
113677,S684,Streaming subscription,2,2024-12-07,23.67,C55420,United Kingdom,47.34
113678,S633,Streaming subscription,2,2024-12-07,24.92,C75782,United Kingdom,49.84
113679,S963,Streaming subscription,5,2024-12-07,27.64,C51560,United Kingdom,138.2
113662,S840,Streaming subscription,5,2024-12-07,15.7,C92027,France,78.5
113672,S364,Streaming subscription,2,2024-12-07,24.19,C56498,Germany,48.38
113661,S163,Streaming subscription,2,2024-12-07,28.49,C97260,France,56.98
113651,S942,Streaming subscription,4,2024-12-07,11.04,C39720,Canada,44.16
113659,S526,Streaming subscription,5,2024-12-07,12.04,C50633,France,60.199999999999996
113642,S185,Streaming subscription,2,2024-12-07,24.46,C47740,Australia,48.92
113643,S820,Streaming subscription,3,2024-12-07,20.24,C83863,Australia,60.72
113644,S601,Streaming subscription,5,2024-12-07,18.22,C84480,Australia,91.1
113645,S428,Streaming subscription,1,2024-12-07,20.46,C25982,Australia,20.46
113646,S857,Streaming subscription,2,2024-12-07,15.62,C52733,Australia,31.24
113647,S150,Streaming subscription,3,2024-12-07,18.34,C76264,Australia,55.019999999999996
113648,S584,Streaming subscription,2,2024-12-07,13.03,C88093,Australia,26.06
113649,S595,Streaming subscription,1,2024-12-07,12.69,C41377,Canada,12.69
113641,S945,Streaming subscription,4,2024-12-07,19.94,C73777,Australia,79.76
113660,S704,Streaming subscription,3,2024-12-07,15.58,C22160,France,46.74
113652,S791,Streaming subscription,4,2024-12-07,10.76,C35249,Canada,43.04
113653,S399,Streaming subscription,3,2024-12-07,9.12,C17971,Canada,27.36
113654,S294,Streaming subscription,4,2024-12-07,9.26,C63402,Canada,37.04
113655,S465,Streaming subscription,4,2024-12-07,12.73,C42131,Canada,50.92
113656,S978,Streaming subscription,5,2024-12-07,13.4,C76743,Canada,67.0
113657,S341,Streaming subscription,4,2024-12-07,17.72,C40981,France,70.88
113658,S894,Streaming subscription,4,2024-12-07,18.61,C60356,France,74.44
113650,S736,Streaming subscription,1,2024-12-07,15.3,C88617,Canada,15.3
113709,S156,Streaming subscription,2,2024-12-08,22.09,C95923,Germany,44.18
113708,S243,Streaming subscription,3,2024-12-08,26.18,C44320,Germany,78.53999999999999
113704,S420,Streaming subscription,4,2024-12-08,24.11,C63549,France,96.44
113706,S727,Streaming subscription,5,2024-12-08,19.96,C24148,Germany,99.80000000000001
113705,S163,Streaming subscription,5,2024-12-08,18.83,C61217,Germany,94.14999999999999
113710,S977,Streaming subscription,4,2024-12-08,21.14,C74721,Germany,84.56
113707,S759,Streaming subscription,4,2024-12-08,25.54,C69628,Germany,102.16
113711,S130,Streaming subscription,1,2024-12-08,31.83,C40850,Germany,31.83
113716,S356,Streaming subscription,1,2024-12-08,20.89,C52732,United Kingdom,20.89
113713,S689,Streaming subscription,5,2024-12-08,32.12,C20452,United Kingdom,160.6
113714,S316,Streaming subscription,1,2024-12-08,26.82,C73113,United Kingdom,26.82
113715,S611,Streaming subscription,1,2024-12-08,21.72,C54672,United Kingdom,21.72
113717,S784,Streaming subscription,1,2024-12-08,26.58,C70090,United Kingdom,26.58
113718,S929,Streaming subscription,4,2024-12-08,26.77,C62324,United Kingdom,107.08
113719,S441,Streaming subscription,5,2024-12-08,28.12,C65258,United Kingdom,140.6
113720,S857,Streaming subscription,2,2024-12-08,21.53,C97645,United Kingdom,43.06
113703,S443,Streaming subscription,2,2024-12-08,16.05,C14516,France,32.1
113712,S658,Streaming subscription,2,2024-12-08,24.66,C51181,Germany,49.32
113702,S366,Streaming subscription,3,2024-12-08,23.72,C60761,France,71.16
113701,S866,Streaming subscription,5,2024-12-08,17.18,C98045,France,85.9
113681,S207,Streaming subscription,5,2024-12-08,14.29,C18054,Australia,71.44999999999999
113700,S300,Streaming subscription,4,2024-12-08,23.63,C26337,France,94.52
113682,S908,Streaming subscription,3,2024-12-08,17.51,C66071,Australia,52.53
113683,S344,Streaming subscription,3,2024-12-08,20.36,C95415,Australia,61.08
113684,S644,Streaming subscription,3,2024-12-08,14.72,C96156,Australia,44.160000000000004
113685,S689,Streaming subscription,5,2024-12-08,14.44,C12999,Australia,72.2
113687,S718,Streaming subscription,1,2024-12-08,22.07,C44103,Australia,22.07
113688,S977,Streaming subscription,2,2024-12-08,16.43,C77586,Australia,32.86
113689,S140,Streaming subscription,4,2024-12-08,13.01,C86652,Canada,52.04
113690,S649,Streaming subscription,2,2024-12-08,15.65,C98140,Canada,31.3
113686,S925,Streaming subscription,5,2024-12-08,13.51,C27200,Australia,67.55
113692,S491,Streaming subscription,1,2024-12-08,14.7,C97160,Canada,14.7
113691,S304,Streaming subscription,3,2024-12-08,9.08,C50396,Canada,27.240000000000002
113698,S106,Streaming subscription,5,2024-12-08,22.71,C12030,France,113.55000000000001
113697,S463,Streaming subscription,2,2024-12-08,20.55,C42240,France,41.1
113696,S134,Streaming subscription,3,2024-12-08,14.21,C90042,Canada,42.63
113699,S721,Streaming subscription,4,2024-12-08,18.98,C36230,France,75.92
113694,S407,Streaming subscription,3,2024-12-08,12.5,C91373,Canada,37.5
113693,S737,Streaming subscription,3,2024-12-08,13.38,C39013,Canada,40.14
113695,S587,Streaming subscription,3,2024-12-08,11.85,C71627,Canada,35.55
113750,S716,Streaming subscription,3,2024-12-09,19.46,C40565,Germany,58.38
113743,S647,Streaming subscription,2,2024-12-09,19.91,C17922,France,39.82
113744,S122,Streaming subscription,5,2024-12-09,23.81,C98243,France,119.05
113745,S303,Streaming subscription,-2,2024-12-09,26.35,C68259,Germany,-52.7
113746,S455,Streaming subscription,4,2024-12-09,26.2,C83346,Germany,104.8
113747,S816,Streaming subscription,2,2024-12-09,24.39,C38699,Germany,48.78
113748,S459,Streaming subscription,3,2024-12-09,29.34,C97758,Germany,88.02
113749,S855,Streaming subscription,5,2024-12-09,25.04,C31556,Germany,125.19999999999999
113751,S813,Streaming subscription,2,2024-12-09,18.69,C62069,Germany,37.38
113742,S226,Streaming subscription,1,2024-12-09,28.77,C17024,France,28.77
113753,S455,Streaming subscription,2,2024-12-09,34.73,C58033,United Kingdom,69.46
113754,S686,Streaming subscription,1,2024-12-09,28.64,C70333,United Kingdom,28.64
113755,S504,Streaming subscription,3,2024-12-09,29.15,C98390,United Kingdom,87.44999999999999
113756,S851,Streaming subscription,3,2024-12-09,29.71,C30924,United Kingdom,89.13
113757,S603,Streaming subscription,4,2024-12-09,28.96,C88883,United Kingdom,115.84
113758,S503,Streaming subscription,5,2024-12-09,37.47,C10181,United Kingdom,187.35
113759,S920,Streaming subscription,2,2024-12-09,31.45,C62677,United Kingdom,62.9
113760,S326,Streaming subscription,4,2024-12-09,29.72,C37390,United Kingdom,118.88
113752,S177,Streaming subscription,2,2024-12-09,20.81,C83178,Germany,41.62
113741,S750,Streaming subscription,3,2024-12-09,24.2,C93296,France,72.6
113740,S794,Streaming subscription,5,2024-12-09,25.37,C90960,France,126.85000000000001
113739,S750,Streaming subscription,1,2024-12-09,23.64,C58815,France,23.64
113721,S755,Streaming subscription,1,2024-12-09,24.56,C79930,Australia,24.56
113722,S490,Streaming subscription,4,2024-12-09,15.07,C25327,Australia,60.28
113723,S793,Streaming subscription,3,2024-12-09,21.9,C65655,Australia,65.69999999999999
113724,S871,Streaming subscription,3,2024-12-09,17.14,C85945,Australia,51.42
113725,S334,Streaming subscription,1,2024-12-09,19.97,C14952,Australia,19.97
113727,S428,Streaming subscription,3,2024-12-09,18.73,C15558,Australia,56.19
113728,S561,Streaming subscription,4,2024-12-09,15.12,C12935,Australia,60.48
113729,S669,Streaming subscription,3,2024-12-09,16.42,C80651,Canada,49.260000000000005
113726,S154,Streaming subscription,1,2024-12-09,17.41,C57763,Australia,17.41
113731,S948,Streaming subscription,1,2024-12-09,18.09,C17504,Canada,18.09
113730,S655,Streaming subscription,5,2024-12-09,16.54,C47601,Canada,82.69999999999999
113737,S548,Streaming subscription,1,2024-12-09,23.23,C83499,France,23.23
113736,S856,Streaming subscription,3,2024-12-09,12.04,C26290,Canada,36.12
113735,S911,Streaming subscription,4,2024-12-09,19.2,C91381,Canada,76.8
113738,S485,Streaming subscription,3,2024-12-09,20.83,C97393,France,62.489999999999995
113733,S871,Streaming subscription,4,2024-12-09,15.23,C80533,Canada,60.92
113732,S627,Streaming subscription,5,2024-12-09,9.51,C30681,Canada,47.55
113734,S747,Streaming subscription,1,2024-12-09,16.23,C37429,Canada,16.23
113790,S102,Streaming subscription,3,2024-12-10,30.84,C61954,Germany,92.52
113783,S940,Streaming subscription,5,2024-12-10,28.05,C12201,France,140.25
113784,S866,Streaming subscription,2,2024-12-10,22.58,C15639,France,45.16
113785,S473,Streaming subscription,2,2024-12-10,29.14,C94420,Germany,58.28
113786,S288,Streaming subscription,3,2024-12-10,30.82,C32756,Germany,92.46000000000001
113787,S128,Streaming subscription,4,2024-12-10,34.98,C24744,Germany,139.92
113788,S366,Streaming subscription,2,2024-12-10,20.38,C48467,Germany,40.76
113789,S898,Streaming subscription,3,2024-12-10,25.37,C38882,Germany,76.11
113791,S949,Streaming subscription,5,2024-12-10,23.01,C13046,Germany,115.05000000000001
113800,S563,Streaming subscription,-2,2024-12-10,32.54,C98974,United Kingdom,-65.08
113793,S192,Streaming subscription,1,2024-12-10,31.75,C43225,United Kingdom,31.75
113794,S860,Streaming subscription,4,2024-12-10,34.65,C96921,United Kingdom,138.6
113795,S347,Streaming subscription,4,2024-12-10,27.75,C60105,United Kingdom,111.0
113796,S244,Streaming subscription,3,2024-12-10,25.19,C81480,United Kingdom,75.57000000000001
113797,S410,Streaming subscription,3,2024-12-10,30.49,C20536,United Kingdom,91.47
113798,S381,Streaming subscription,4,2024-12-10,32.37,C78117,United Kingdom,129.48
113799,S935,Streaming subscription,1,2024-12-10,31.39,C38989,United Kingdom,31.39
113782,S565,Streaming subscription,2,2024-12-10,25.41,C36740,France,50.82
113792,S183,Streaming subscription,1,2024-12-10,32.2,C31673,Germany,32.2
113781,S524,Streaming subscription,3,2024-12-10,20.96,C38933,France,62.88
113780,S382,Streaming subscription,5,2024-12-10,24.24,C24658,France,121.19999999999999
113779,S759,Streaming subscription,2,2024-12-10,20.57,C18622,France,41.14
113762,S844,Streaming subscription,5,2024-12-10,25.83,C94963,Australia,129.14999999999998
113763,S933,Streaming subscription,2,2024-12-10,18.45,C13048,Australia,36.9
113764,S451,Streaming subscription,5,2024-12-10,24.94,C97726,Australia,124.7
113765,S307,Streaming subscription,5,2024-12-10,23.22,C87958,Australia,116.1
113766,S580,Streaming subscription,1,2024-12-10,22.98,C76444,Australia,22.98
113767,S531,Streaming subscription,1,2024-12-10,20.67,C68697,Australia,20.67
113768,S811,Streaming subscription,4,2024-12-10,20.76,C87298,Australia,83.04
113769,S327,Streaming subscription,2,2024-12-10,15.27,C65826,Canada,30.54
113761,S647,Streaming subscription,5,2024-12-10,22.7,C25094,Australia,113.5
113771,S170,Streaming subscription,4,2024-12-10,11.68,C99462,Canada,46.72
113772,S249,Streaming subscription,1,2024-12-10,16.12,C26212,Canada,16.12
113773,S795,Streaming subscription,1,2024-12-10,18.77,C25070,Canada,18.77
113774,S260,Streaming subscription,1,2024-12-10,15.53,C29399,Canada,15.53
113775,S285,Streaming subscription,1,2024-12-10,15.59,C42816,Canada,15.59
113776,S853,Streaming subscription,4,2024-12-10,18.78,C27872,Canada,75.12
113777,S503,Streaming subscription,5,2024-12-10,21.65,C35647,France,108.25
113778,S177,Streaming subscription,1,2024-12-10,23.83,C40987,France,23.83
113770,S641,Streaming subscription,5,2024-12-10,15.06,C30648,Canada,75.3
113828,S270,Streaming subscription,-2,2024-12-11,17.98,C15226,Germany,-35.96
113827,S378,Streaming subscription,2,2024-12-11,19.25,C98711,Germany,38.5
113823,S129,Streaming subscription,4,2024-12-11,25.65,C25565,France,102.6
113825,S440,Streaming subscription,3,2024-12-11,29.42,C55381,Germany,88.26
113824,S546,Streaming subscription,3,2024-12-11,24.52,C50018,France,73.56
113829,S231,Streaming subscription,1,2024-12-11,24.61,C38016,Germany,24.61
113826,S843,Streaming subscription,-2,2024-12-11,23.04,C29966,Germany,-46.08
113830,S381,Streaming subscription,5,2024-12-11,27.13,C90626,Germany,135.65
113835,S467,Streaming subscription,3,2024-12-11,36.96,C56634,United Kingdom,110.88
113832,S858,Streaming subscription,4,2024-12-11,27.83,C62768,Germany,111.32
113833,S945,Streaming subscription,4,2024-12-11,31.46,C69216,United Kingdom,125.84
113834,S968,Streaming subscription,3,2024-12-11,27.43,C36545,United Kingdom,82.28999999999999
113836,S996,Streaming subscription,3,2024-12-11,27.1,C45841,United Kingdom,81.30000000000001
113837,S567,Streaming subscription,1,2024-12-11,28.59,C92793,United Kingdom,28.59
113838,S811,Streaming subscription,3,2024-12-11,35.61,C67279,United Kingdom,106.83
113839,S430,Streaming subscription,1,2024-12-11,29.04,C57680,United Kingdom,29.04
113822,S645,Streaming subscription,5,2024-12-11,22.99,C81595,France,114.94999999999999
113831,S263,Streaming subscription,2,2024-12-11,28.0,C82041,Germany,56.0
113821,S197,Streaming subscription,5,2024-12-11,24.8,C13927,France,124.0
113840,S384,Streaming subscription,3,2024-12-11,32.86,C91874,United Kingdom,98.58
113819,S940,Streaming subscription,1,2024-12-11,26.98,C86303,France,26.98
113801,S753,Streaming subscription,4,2024-12-11,18.98,C85956,Australia,75.92
113802,S570,Streaming subscription,5,2024-12-11,18.09,C31156,Australia,90.45
113803,S790,Streaming subscription,5,2024-12-11,20.36,C57161,Australia,101.8
113804,S760,Streaming subscription,4,2024-12-11,26.89,C96960,Australia,107.56
113805,S745,Streaming subscription,4,2024-12-11,28.41,C20421,Australia,113.64
113806,S982,Streaming subscription,4,2024-12-11,21.19,C62390,Australia,84.76
113807,S448,Streaming subscription,2,2024-12-11,24.9,C17009,Australia,49.8
113808,S458,Streaming subscription,5,2024-12-11,24.25,C41705,Australia,121.25
113809,S587,Streaming subscription,3,2024-12-11,17.15,C20210,Canada,51.449999999999996
113820,S207,Streaming subscription,3,2024-12-11,23.92,C15920,France,71.76
113811,S410,Streaming subscription,2,2024-12-11,17.4,C51844,Canada,34.8
113812,S846,Streaming subscription,3,2024-12-11,13.14,C65146,Canada,39.42
113813,S346,Streaming subscription,4,2024-12-11,18.29,C44684,Canada,73.16
113814,S371,Streaming subscription,4,2024-12-11,18.0,C86516,Canada,72.0
113815,S655,Streaming subscription,2,2024-12-11,13.83,C72198,Canada,27.66
113816,S761,Streaming subscription,2,2024-12-11,17.68,C66699,Canada,35.36
113817,S842,Streaming subscription,5,2024-12-11,20.71,C78012,France,103.55000000000001
113818,S442,Streaming subscription,5,2024-12-11,16.64,C59109,France,83.2
113810,S687,Streaming subscription,1,2024-12-11,18.38,C90368,Canada,18.38
113869,S245,Streaming subscription,2,2024-12-12,23.98,C95003,Germany,47.96
113868,S386,Streaming subscription,4,2024-12-12,25.68,C35213,Germany,102.72
113867,S123,Streaming subscription,2,2024-12-12,22.62,C68492,Germany,45.24
113863,S279,Streaming subscription,5,2024-12-12,23.0,C43114,France,115.0
113865,S714,Streaming subscription,4,2024-12-12,26.26,C48549,Germany,105.04
113864,S821,Streaming subscription,5,2024-12-12,29.97,C89672,France,149.85
113870,S416,Streaming subscription,5,2024-12-12,27.28,C67733,Germany,136.4
113866,S570,Streaming subscription,-2,2024-12-12,25.81,C71454,Germany,-51.62
113871,S529,Streaming subscription,4,2024-12-12,22.8,C81444,Germany,91.2
113875,S222,Streaming subscription,5,2024-12-12,28.27,C90276,United Kingdom,141.35
113873,S549,Streaming subscription,3,2024-12-12,22.27,C34167,United Kingdom,66.81
113874,S744,Streaming subscription,2,2024-12-12,26.85,C16094,United Kingdom,53.7
113876,S495,Streaming subscription,3,2024-12-12,29.12,C53294,United Kingdom,87.36
113877,S199,Streaming subscription,2,2024-12-12,26.22,C68785,United Kingdom,52.44
113878,S622,Streaming subscription,4,2024-12-12,27.61,C18271,United Kingdom,110.44
113879,S268,Streaming subscription,3,2024-12-12,35.73,C96371,United Kingdom,107.19
113880,S456,Streaming subscription,3,2024-12-12,29.96,C69150,United Kingdom,89.88
113862,S135,Streaming subscription,4,2024-12-12,23.1,C33326,France,92.4
113872,S286,Streaming subscription,1,2024-12-12,24.4,C59357,Germany,24.4
113861,S395,Streaming subscription,3,2024-12-12,20.3,C63044,France,60.900000000000006
113860,S695,Streaming subscription,3,2024-12-12,22.01,C17404,France,66.03
113859,S242,Streaming subscription,3,2024-12-12,25.65,C86510,France,76.94999999999999
113842,S257,Streaming subscription,1,2024-12-12,17.13,C25293,Australia,17.13
113843,S243,Streaming subscription,1,2024-12-12,22.49,C30050,Australia,22.49
113844,S196,Streaming subscription,1,2024-12-12,22.11,C30554,Australia,22.11
113845,S969,Streaming subscription,4,2024-12-12,18.03,C97548,Australia,72.12
113846,S334,Streaming subscription,4,2024-12-12,22.22,C82498,Australia,88.88
113847,S610,Streaming subscription,3,2024-12-12,22.85,C68192,Australia,68.55000000000001
113848,S531,Streaming subscription,3,2024-12-12,26.57,C23669,Australia,79.71000000000001
113849,S924,Streaming subscription,1,2024-12-12,10.86,C67560,Canada,10.86
113841,S898,Streaming subscription,4,2024-12-12,25.35,C24667,Australia,101.4
113851,S529,Streaming subscription,5,2024-12-12,16.44,C90931,Canada,82.2
113852,S583,Streaming subscription,5,2024-12-12,12.58,C88451,Canada,62.9
113853,S586,Streaming subscription,1,2024-12-12,18.84,C58929,Canada,18.84
113854,S610,Streaming subscription,2,2024-12-12,17.57,C39196,Canada,35.14
113855,S571,Streaming subscription,1,2024-12-12,17.7,C13175,Canada,17.7
113856,S337,Streaming subscription,3,2024-12-12,13.26,C93150,Canada,39.78
113857,S988,Streaming subscription,5,2024-12-12,25.21,C87799,France,126.05000000000001
113858,S252,Streaming subscription,2,2024-12-12,23.51,C79212,France,47.02
113850,S202,Streaming subscription,2,2024-12-12,22.26,C35786,Canada,44.52
113908,S989,Streaming subscription,5,2024-12-13,23.46,C46083,Germany,117.30000000000001
113907,S942,Streaming subscription,3,2024-12-13,28.61,C26185,Germany,85.83
113903,S125,Streaming subscription,5,2024-12-13,23.06,C93700,France,115.3
113905,S915,Streaming subscription,2,2024-12-13,24.21,C92147,Germany,48.42
113904,S213,Streaming subscription,5,2024-12-13,22.03,C66868,France,110.15
113909,S107,Streaming subscription,3,2024-12-13,25.45,C37419,Germany,76.35
113906,S478,Streaming subscription,5,2024-12-13,28.35,C60948,Germany,141.75
113910,S648,Streaming subscription,3,2024-12-13,30.94,C43491,Germany,92.82000000000001
113915,S355,Streaming subscription,3,2024-12-13,26.06,C50075,United Kingdom,78.17999999999999
113912,S717,Streaming subscription,2,2024-12-13,23.36,C69652,Germany,46.72
113913,S794,Streaming subscription,4,2024-12-13,28.64,C11979,United Kingdom,114.56
113914,S431,Streaming subscription,4,2024-12-13,33.49,C43640,United Kingdom,133.96
113916,S865,Streaming subscription,1,2024-12-13,28.12,C58340,United Kingdom,28.12
113917,S450,Streaming subscription,3,2024-12-13,34.12,C11625,United Kingdom,102.35999999999999
113918,S663,Streaming subscription,5,2024-12-13,20.14,C94524,United Kingdom,100.7
113919,S807,Streaming subscription,5,2024-12-13,35.94,C13394,United Kingdom,179.7
113902,S323,Streaming subscription,3,2024-12-13,29.62,C39371,France,88.86
113911,S323,Streaming subscription,3,2024-12-13,26.16,C75176,Germany,78.48
113901,S784,Streaming subscription,3,2024-12-13,19.72,C41689,France,59.16
113920,S357,Streaming subscription,1,2024-12-13,33.9,C72027,United Kingdom,33.9
113899,S385,Streaming subscription,2,2024-12-13,23.31,C53037,France,46.62
113881,S683,Streaming subscription,1,2024-12-13,18.37,C39687,Australia,18.37
113882,S603,Streaming subscription,3,2024-12-13,15.41,C11558,Australia,46.230000000000004
113883,S439,Streaming subscription,4,2024-12-13,21.12,C59792,Australia,84.48
113884,S852,Streaming subscription,1,2024-12-13,23.57,C60099,Australia,23.57
113885,S420,Streaming subscription,3,2024-12-13,20.79,C12806,Australia,62.37
113886,S935,Streaming subscription,2,2024-12-13,14.31,C25305,Australia,28.62
113887,S389,Streaming subscription,1,2024-12-13,19.47,C75173,Australia,19.47
113888,S249,Streaming subscription,5,2024-12-13,21.35,C69922,Australia,106.75
113889,S878,Streaming subscription,1,2024-12-13,14.13,C48509,Canada,14.13
113900,S794,Streaming subscription,5,2024-12-13,23.44,C24160,France,117.2
113891,S290,Streaming subscription,4,2024-12-13,21.5,C49032,Canada,86.0
113892,S688,Streaming subscription,5,2024-12-13,15.78,C82323,Canada,78.89999999999999
113893,S315,Streaming subscription,2,2024-12-13,20.75,C31324,Canada,41.5
113894,S433,Streaming subscription,2,2024-12-13,17.95,C82760,Canada,35.9
113895,S425,Streaming subscription,4,2024-12-13,17.49,C39903,Canada,69.96
113896,S703,Streaming subscription,5,2024-12-13,19.51,C66307,Canada,97.55000000000001
113897,S961,Streaming subscription,1,2024-12-13,22.87,C48691,France,22.87
113898,S932,Streaming subscription,3,2024-12-13,19.49,C48261,France,58.47
113890,S868,Streaming subscription,1,2024-12-13,16.38,C15043,Canada,16.38
113948,S772,Streaming subscription,3,2024-12-14,22.69,C28352,Germany,68.07000000000001
113947,S515,Streaming subscription,4,2024-12-14,21.64,C12691,Germany,86.56
113943,S302,Streaming subscription,5,2024-12-14,22.39,C54263,France,111.95
113945,S642,Streaming subscription,3,2024-12-14,20.92,C24017,Germany,62.760000000000005
113944,S400,Streaming subscription,4,2024-12-14,22.39,C50168,France,89.56
113949,S316,Streaming subscription,5,2024-12-14,25.17,C13237,Germany,125.85000000000001
113946,S395,Streaming subscription,3,2024-12-14,22.14,C81360,Germany,66.42
113950,S554,Streaming subscription,5,2024-12-14,23.34,C66908,Germany,116.7
113955,S868,Streaming subscription,3,2024-12-14,22.91,C10046,United Kingdom,68.73
113952,S867,Streaming subscription,2,2024-12-14,21.65,C54257,Germany,43.3
113953,S947,Streaming subscription,2,2024-12-14,19.17,C36931,United Kingdom,38.34
113954,S824,Streaming subscription,4,2024-12-14,25.32,C16696,United Kingdom,101.28
113956,S189,Streaming subscription,1,2024-12-14,32.8,C32959,United Kingdom,32.8
113957,S153,Streaming subscription,1,2024-12-14,23.43,C81986,United Kingdom,23.43
113958,S809,Streaming subscription,4,2024-12-14,27.27,C70840,United Kingdom,109.08
113959,S192,Streaming subscription,4,2024-12-14,27.42,C53556,United Kingdom,109.68
113942,S788,Streaming subscription,3,2024-12-14,17.13,C45726,France,51.39
113951,S659,Streaming subscription,3,2024-12-14,26.08,C38471,Germany,78.24
113941,S222,Streaming subscription,2,2024-12-14,21.43,C94564,France,42.86
113960,S220,Streaming subscription,3,2024-12-14,26.43,C44767,United Kingdom,79.28999999999999
113939,S278,Streaming subscription,3,2024-12-14,18.61,C26154,France,55.83
113921,S132,Streaming subscription,1,2024-12-14,17.64,C30782,Australia,17.64
113922,S548,Streaming subscription,5,2024-12-14,22.36,C59668,Australia,111.8
113923,S200,Streaming subscription,3,2024-12-14,12.77,C79744,Australia,38.31
113924,S691,Streaming subscription,3,2024-12-14,16.05,C55163,Australia,48.150000000000006
113925,S756,Streaming subscription,1,2024-12-14,20.24,C93181,Australia,20.24
113926,S479,Streaming subscription,3,2024-12-14,15.32,C27164,Australia,45.96
113927,S732,Streaming subscription,5,2024-12-14,20.89,C52948,Australia,104.45
113928,S789,Streaming subscription,1,2024-12-14,29.78,C15442,Australia,29.78
113929,S373,Streaming subscription,3,2024-12-14,10.98,C70610,Canada,32.94
113940,S693,Streaming subscription,3,2024-12-14,16.78,C30615,France,50.34
113931,S140,Streaming subscription,3,2024-12-14,10.94,C38575,Canada,32.82
113932,S335,Streaming subscription,2,2024-12-14,10.24,C63814,Canada,20.48
113933,S235,Streaming subscription,1,2024-12-14,11.74,C52352,Canada,11.74
113934,S931,Streaming subscription,2,2024-12-14,14.06,C21860,Canada,28.12
113935,S273,Streaming subscription,3,2024-12-14,14.95,C40547,Canada,44.849999999999994
113936,S156,Streaming subscription,2,2024-12-14,17.36,C97697,Canada,34.72
113937,S722,Streaming subscription,2,2024-12-14,18.64,C55451,France,37.28
113938,S138,Streaming subscription,1,2024-12-14,22.47,C64315,France,22.47
113930,S248,Streaming subscription,2,2024-12-14,16.7,C97285,Canada,33.4
113988,S619,Streaming subscription,5,2024-12-15,24.61,C94880,Germany,123.05
113987,S690,Streaming subscription,5,2024-12-15,23.42,C31282,Germany,117.10000000000001
113986,S415,Streaming subscription,1,2024-12-15,27.88,C29509,Germany,27.88
113982,S454,Streaming subscription,5,2024-12-15,17.61,C74363,France,88.05
113984,S580,Streaming subscription,5,2024-12-15,18.86,C40609,France,94.3
113983,S129,Streaming subscription,5,2024-12-15,23.1,C56182,France,115.5
113989,S951,Streaming subscription,2,2024-12-15,23.77,C87084,Germany,47.54
113985,S594,Streaming subscription,3,2024-12-15,25.2,C70236,Germany,75.6
113990,S415,Streaming subscription,4,2024-12-15,27.0,C98334,Germany,108.0
113994,S565,Streaming subscription,4,2024-12-15,28.2,C17184,United Kingdom,112.8
113992,S207,Streaming subscription,2,2024-12-15,15.36,C91130,Germany,30.72
113993,S631,Streaming subscription,4,2024-12-15,29.86,C39116,United Kingdom,119.44
113995,S728,Streaming subscription,-1,2024-12-15,29.52,C69709,United Kingdom,-29.52
113996,S730,Streaming subscription,2,2024-12-15,25.79,C34592,United Kingdom,51.58
113997,S604,Streaming subscription,5,2024-12-15,23.1,C50465,United Kingdom,115.5
113998,S597,Streaming subscription,2,2024-12-15,25.1,C68860,United Kingdom,50.2
113999,S481,Streaming subscription,1,2024-12-15,31.14,C52062,United Kingdom,31.14
113981,S988,Streaming subscription,2,2024-12-15,21.02,C44340,France,42.04
113991,S772,Streaming subscription,4,2024-12-15,23.81,C87712,Germany,95.24
114000,S830,Streaming subscription,2,2024-12-15,30.93,C14576,United Kingdom,61.86
113980,S341,Streaming subscription,5,2024-12-15,20.21,C20869,France,101.05000000000001
113978,S157,Streaming subscription,3,2024-12-15,18.76,C14430,France,56.28
113979,S342,Streaming subscription,2,2024-12-15,22.1,C56706,France,44.2
113961,S493,Streaming subscription,4,2024-12-15,15.09,C17236,Australia,60.36
113962,S763,Streaming subscription,3,2024-12-15,18.21,C91890,Australia,54.63
113963,S828,Streaming subscription,3,2024-12-15,14.79,C10848,Australia,44.37
113964,S118,Streaming subscription,5,2024-12-15,26.05,C73011,Australia,130.25
113966,S103,Streaming subscription,5,2024-12-15,19.19,C96890,Australia,95.95
113967,S461,Streaming subscription,1,2024-12-15,19.2,C71982,Australia,19.2
113968,S255,Streaming subscription,3,2024-12-15,14.15,C94508,Australia,42.45
113965,S353,Streaming subscription,4,2024-12-15,18.04,C15998,Australia,72.16
113970,S574,Streaming subscription,5,2024-12-15,10.7,C72582,Canada,53.5
113969,S817,Streaming subscription,3,2024-12-15,17.16,C84267,Canada,51.480000000000004
113976,S824,Streaming subscription,1,2024-12-15,17.72,C19833,Canada,17.72
113975,S550,Streaming subscription,4,2024-12-15,15.6,C51970,Canada,62.4
113974,S740,Streaming subscription,3,2024-12-15,15.3,C25830,Canada,45.900000000000006
113977,S914,Streaming subscription,2,2024-12-15,21.08,C18388,France,42.16
113972,S995,Streaming subscription,5,2024-12-15,9.42,C40914,Canada,47.1
113971,S815,Streaming subscription,4,2024-12-15,14.92,C13402,Canada,59.68
113973,S254,Streaming subscription,1,2024-12-15,13.84,C34238,Canada,13.84
114029,S723,Streaming subscription,2,2024-12-16,29.0,C32543,Germany,58.0
114023,S797,Streaming subscription,1,2024-12-16,20.96,C40864,France,20.96
114024,S563,Streaming subscription,5,2024-12-16,18.73,C56219,France,93.65
114025,S272,Streaming subscription,4,2024-12-16,23.02,C77727,Germany,92.08
114026,S115,Streaming subscription,1,2024-12-16,20.61,C26713,Germany,20.61
114027,S422,Streaming subscription,5,2024-12-16,31.63,C45964,Germany,158.15
114028,S943,Streaming subscription,3,2024-12-16,26.29,C78379,Germany,78.87
114030,S815,Streaming subscription,3,2024-12-16,27.42,C21975,Germany,82.26
114022,S624,Streaming subscription,5,2024-12-16,26.94,C72343,France,134.70000000000002
114032,S118,Streaming subscription,1,2024-12-16,30.82,C77608,Germany,30.82
114033,S548,Streaming subscription,3,2024-12-16,25.84,C30658,United Kingdom,77.52
114034,S631,Streaming subscription,1,2024-12-16,25.7,C54851,United Kingdom,25.7
114035,S207,Streaming subscription,4,2024-12-16,33.9,C55171,United Kingdom,135.6
114036,S861,Streaming subscription,5,2024-12-16,37.2,C54934,United Kingdom,186.0
114037,S535,Streaming subscription,3,2024-12-16,24.88,C82413,United Kingdom,74.64
114038,S754,Streaming subscription,5,2024-12-16,31.99,C60538,United Kingdom,159.95
114039,S803,Streaming subscription,1,2024-12-16,32.47,C65542,United Kingdom,32.47
114031,S321,Streaming subscription,1,2024-12-16,27.66,C42932,Germany,27.66
114021,S786,Streaming subscription,5,2024-12-16,28.91,C83259,France,144.55
114040,S875,Streaming subscription,2,2024-12-16,32.22,C16612,United Kingdom,64.44
114019,S461,Streaming subscription,2,2024-12-16,23.15,C55156,France,46.3
114001,S508,Streaming subscription,3,2024-12-16,14.53,C63992,Australia,43.589999999999996
114002,S126,Streaming subscription,2,2024-12-16,18.62,C79668,Australia,37.24
114003,S458,Streaming subscription,3,2024-12-16,15.49,C50774,Australia,46.47
114004,S362,Streaming subscription,2,2024-12-16,21.42,C46058,Australia,42.84
114005,S572,Streaming subscription,3,2024-12-16,24.66,C60183,Australia,73.98
114006,S518,Streaming subscription,2,2024-12-16,26.76,C29633,Australia,53.52
114007,S919,Streaming subscription,1,2024-12-16,30.14,C47401,Australia,30.14
114008,S618,Streaming subscription,4,2024-12-16,22.93,C33754,Australia,91.72
114009,S982,Streaming subscription,1,2024-12-16,17.21,C68115,Canada,17.21
114020,S489,Streaming subscription,3,2024-12-16,23.17,C83454,France,69.51
114011,S945,Streaming subscription,1,2024-12-16,18.73,C32062,Canada,18.73
114018,S801,Streaming subscription,2,2024-12-16,29.83,C90147,France,59.66
114017,S124,Streaming subscription,5,2024-12-16,22.75,C21025,France,113.75
114016,S987,Streaming subscription,2,2024-12-16,13.19,C12590,Canada,26.38
114010,S672,Streaming subscription,4,2024-12-16,20.14,C14273,Canada,80.56
114014,S249,Streaming subscription,2,2024-12-16,13.49,C74344,Canada,26.98
114013,S363,Streaming subscription,2,2024-12-16,21.4,C46235,Canada,42.8
114012,S780,Streaming subscription,2,2024-12-16,15.38,C34918,Canada,30.76
114015,S510,Streaming subscription,1,2024-12-16,23.19,C40802,Canada,23.19
114070,S562,Streaming subscription,4,2024-12-17,25.8,C59469,Germany,103.2
114063,S318,Streaming subscription,5,2024-12-17,21.95,C27220,France,109.75
114064,S885,Streaming subscription,1,2024-12-17,24.11,C15121,France,24.11
114066,S691,Streaming subscription,2,2024-12-17,27.94,C82263,Germany,55.88
114067,S583,Streaming subscription,5,2024-12-17,33.87,C61136,Germany,169.35
114068,S953,Streaming subscription,4,2024-12-17,32.47,C19291,Germany,129.88
114069,S253,Streaming subscription,4,2024-12-17,25.61,C64129,Germany,102.44
114071,S642,Streaming subscription,2,2024-12-17,29.01,C60676,Germany,58.02
114076,S696,Streaming subscription,5,2024-12-17,33.92,C88585,United Kingdom,169.60000000000002
114073,S162,Streaming subscription,1,2024-12-17,33.11,C11512,United Kingdom,33.11
114074,S840,Streaming subscription,2,2024-12-17,32.49,C85102,United Kingdom,64.98
114075,S105,Streaming subscription,4,2024-12-17,36.02,C12246,United Kingdom,144.08
114062,S793,Streaming subscription,2,2024-12-17,25.06,C26130,France,50.12
114077,S506,Streaming subscription,4,2024-12-17,35.81,C19595,United Kingdom,143.24
114078,S663,Streaming subscription,1,2024-12-17,34.51,C52556,United Kingdom,34.51
114079,S873,Streaming subscription,2,2024-12-17,35.32,C37168,United Kingdom,70.64
114080,S210,Streaming subscription,1,2024-12-17,32.26,C47578,United Kingdom,32.26
114072,S652,Streaming subscription,5,2024-12-17,29.72,C87377,Germany,148.6
114061,S929,Streaming subscription,5,2024-12-17,24.85,C99151,France,124.25
114065,S492,Streaming subscription,4,2024-12-17,30.98,C26504,Germany,123.92
114059,S833,Streaming subscription,5,2024-12-17,17.85,C76339,France,89.25
114060,S588,Streaming subscription,5,2024-12-17,22.44,C11289,France,112.2
114042,S222,Streaming subscription,5,2024-12-17,28.44,C37834,Australia,142.20000000000002
114043,S137,Streaming subscription,5,2024-12-17,18.7,C45733,Australia,93.5
114044,S527,Streaming subscription,5,2024-12-17,26.0,C89783,Australia,130.0
114045,S646,Streaming subscription,3,2024-12-17,25.79,C79246,Australia,77.37
114046,S113,Streaming subscription,5,2024-12-17,15.09,C52500,Australia,75.45
114047,S643,Streaming subscription,1,2024-12-17,21.55,C28429,Australia,21.55
114048,S137,Streaming subscription,2,2024-12-17,23.85,C37359,Australia,47.7
114049,S658,Streaming subscription,1,2024-12-17,15.7,C87723,Canada,15.7
114041,S183,Streaming subscription,4,2024-12-17,22.43,C53465,Australia,89.72
114051,S675,Streaming subscription,3,2024-12-17,12.03,C77287,Canada,36.089999999999996
114050,S833,Streaming subscription,4,2024-12-17,18.36,C50270,Canada,73.44
114057,S515,Streaming subscription,4,2024-12-17,23.88,C10255,France,95.52
114056,S777,Streaming subscription,3,2024-12-17,17.67,C24584,Canada,53.010000000000005
114058,S854,Streaming subscription,1,2024-12-17,25.72,C25371,France,25.72
114054,S884,Streaming subscription,4,2024-12-17,15.64,C83488,Canada,62.56
114053,S837,Streaming subscription,4,2024-12-17,13.17,C32743,Canada,52.68
114052,S880,Streaming subscription,4,2024-12-17,13.63,C10535,Canada,54.52
114055,S276,Streaming subscription,1,2024-12-17,13.6,C82601,Canada,13.6
114103,S624,Streaming subscription,5,2024-12-18,23.7,C96858,France,118.5
114109,S600,Streaming subscription,2,2024-12-18,32.01,C49962,Germany,64.02
114104,S877,Streaming subscription,1,2024-12-18,22.94,C50124,France,22.94
114105,S629,Streaming subscription,4,2024-12-18,26.93,C72745,Germany,107.72
114106,S258,Streaming subscription,1,2024-12-18,30.73,C52621,Germany,30.73
114107,S822,Streaming subscription,4,2024-12-18,28.31,C42236,Germany,113.24
114108,S593,Streaming subscription,4,2024-12-18,31.45,C81659,Germany,125.8
114110,S331,Streaming subscription,3,2024-12-18,27.14,C92999,Germany,81.42
114115,S626,Streaming subscription,5,2024-12-18,26.14,C57435,United Kingdom,130.7
114112,S649,Streaming subscription,3,2024-12-18,26.65,C85469,Germany,79.94999999999999
114113,S956,Streaming subscription,1,2024-12-18,39.59,C29372,United Kingdom,39.59
114114,S993,Streaming subscription,5,2024-12-18,30.75,C81756,United Kingdom,153.75
114116,S707,Streaming subscription,2,2024-12-18,34.88,C51803,United Kingdom,69.76
114117,S757,Streaming subscription,5,2024-12-18,30.29,C38411,United Kingdom,151.45
114118,S623,Streaming subscription,3,2024-12-18,38.81,C69237,United Kingdom,116.43
114119,S550,Streaming subscription,4,2024-12-18,29.43,C13887,United Kingdom,117.72
114102,S511,Streaming subscription,3,2024-12-18,28.85,C22306,France,86.55000000000001
114111,S357,Streaming subscription,4,2024-12-18,30.81,C66689,Germany,123.24
114101,S991,Streaming subscription,2,2024-12-18,22.7,C11913,France,45.4
114120,S210,Streaming subscription,2,2024-12-18,34.0,C80066,United Kingdom,68.0
114099,S988,Streaming subscription,1,2024-12-18,22.63,C48568,France,22.63
114081,S344,Streaming subscription,2,2024-12-18,23.47,C84277,Australia,46.94
114082,S865,Streaming subscription,1,2024-12-18,27.27,C14333,Australia,27.27
114083,S842,Streaming subscription,5,2024-12-18,22.86,C31551,Australia,114.3
114084,S640,Streaming subscription,5,2024-12-18,21.76,C97076,Australia,108.80000000000001
114085,S445,Streaming subscription,5,2024-12-18,28.42,C38537,Australia,142.10000000000002
114086,S457,Streaming subscription,3,2024-12-18,17.59,C97328,Australia,52.769999999999996
114087,S228,Streaming subscription,1,2024-12-18,23.26,C57124,Australia,23.26
114088,S139,Streaming subscription,2,2024-12-18,25.05,C64782,Australia,50.1
114089,S619,Streaming subscription,4,2024-12-18,17.57,C46659,Canada,70.28
114100,S141,Streaming subscription,5,2024-12-18,19.88,C44956,France,99.39999999999999
114091,S580,Streaming subscription,5,2024-12-18,19.21,C48679,Canada,96.05000000000001
114092,S467,Streaming subscription,3,2024-12-18,14.29,C84420,Canada,42.87
114093,S186,Streaming subscription,3,2024-12-18,18.74,C62193,Canada,56.22
114094,S150,Streaming subscription,4,2024-12-18,18.42,C22646,Canada,73.68
114095,S592,Streaming subscription,2,2024-12-18,17.07,C63349,Canada,34.14
114096,S429,Streaming subscription,5,2024-12-18,21.43,C47866,Canada,107.15
114097,S383,Streaming subscription,3,2024-12-18,22.04,C64464,France,66.12
114098,S558,Streaming subscription,5,2024-12-18,20.47,C87554,France,102.35
114090,S422,Streaming subscription,5,2024-12-18,21.43,C78199,Canada,107.15
114148,S946,Streaming subscription,5,2024-12-19,30.15,C75857,Germany,150.75
114147,S335,Streaming subscription,-1,2024-12-19,21.67,C62256,Germany,-21.67
114143,S528,Streaming subscription,1,2024-12-19,24.05,C19570,France,24.05
114145,S615,Streaming subscription,5,2024-12-19,27.31,C39813,Germany,136.54999999999998
114144,S489,Streaming subscription,3,2024-12-19,21.81,C35722,France,65.42999999999999
114149,S491,Streaming subscription,1,2024-12-19,37.23,C16605,Germany,37.23
114146,S405,Streaming subscription,1,2024-12-19,28.64,C38914,Germany,28.64
114150,S276,Streaming subscription,5,2024-12-19,28.77,C76720,Germany,143.85
114155,S395,Streaming subscription,4,2024-12-19,36.74,C57522,United Kingdom,146.96
114152,S611,Streaming subscription,5,2024-12-19,28.46,C58051,Germany,142.3
114153,S516,Streaming subscription,3,2024-12-19,31.73,C81368,United Kingdom,95.19
114154,S903,Streaming subscription,3,2024-12-19,35.48,C36104,United Kingdom,106.44
114156,S400,Streaming subscription,2,2024-12-19,39.18,C87637,United Kingdom,78.36
114157,S754,Streaming subscription,4,2024-12-19,39.05,C38283,United Kingdom,156.2
114158,S111,Streaming subscription,1,2024-12-19,31.8,C26275,United Kingdom,31.8
114159,S706,Streaming subscription,1,2024-12-19,40.0,C38235,United Kingdom,40.0
114142,S534,Streaming subscription,1,2024-12-19,22.7,C17834,France,22.7
114151,S508,Streaming subscription,2,2024-12-19,31.81,C91369,Germany,63.62
114141,S579,Streaming subscription,4,2024-12-19,25.19,C48157,France,100.76
114160,S777,Streaming subscription,1,2024-12-19,33.68,C62793,United Kingdom,33.68
114139,S115,Streaming subscription,5,2024-12-19,30.89,C61700,France,154.45
114140,S942,Streaming subscription,1,2024-12-19,24.76,C10415,France,24.76
114121,S478,Streaming subscription,3,2024-12-19,20.46,C96234,Australia,61.38
114122,S886,Streaming subscription,1,2024-12-19,23.09,C36990,Australia,23.09
114123,S432,Streaming subscription,1,2024-12-19,24.2,C69433,Australia,24.2
114124,S705,Streaming subscription,4,2024-12-19,25.35,C13229,Australia,101.4
114125,S469,Streaming subscription,4,2024-12-19,31.54,C67473,Australia,126.16
114127,S340,Streaming subscription,5,2024-12-19,27.17,C33987,Australia,135.85000000000002
114128,S940,Streaming subscription,1,2024-12-19,20.92,C20360,Australia,20.92
114129,S397,Streaming subscription,3,2024-12-19,21.74,C10035,Canada,65.22
114126,S344,Streaming subscription,2,2024-12-19,23.85,C80870,Australia,47.7
114131,S792,Streaming subscription,5,2024-12-19,17.65,C18034,Canada,88.25
114130,S114,Streaming subscription,2,2024-12-19,18.6,C27238,Canada,37.2
114137,S621,Streaming subscription,1,2024-12-19,23.64,C43113,France,23.64
114136,S766,Streaming subscription,4,2024-12-19,17.62,C82524,Canada,70.48
114135,S646,Streaming subscription,1,2024-12-19,20.18,C23924,Canada,20.18
114138,S744,Streaming subscription,3,2024-12-19,25.66,C59953,France,76.98
114133,S168,Streaming subscription,1,2024-12-19,22.32,C89575,Canada,22.32
114132,S169,Streaming subscription,3,2024-12-19,24.32,C31930,Canada,72.96000000000001
114134,S274,Streaming subscription,4,2024-12-19,18.03,C80310,Canada,72.12
114182,S789,Streaming subscription,4,2024-12-20,22.89,C67642,France,91.56
114183,S174,Streaming subscription,5,2024-12-20,19.98,C22640,France,99.9
114184,S256,Streaming subscription,4,2024-12-20,26.18,C29122,France,104.72
114185,S250,Streaming subscription,5,2024-12-20,30.05,C39582,Germany,150.25
114187,S159,Streaming subscription,2,2024-12-20,28.47,C64686,Germany,56.94
114188,S929,Streaming subscription,1,2024-12-20,29.78,C57931,Germany,29.78
114189,S902,Streaming subscription,5,2024-12-20,27.62,C42380,Germany,138.1
114190,S338,Streaming subscription,1,2024-12-20,30.51,C22594,Germany,30.51
114191,S205,Streaming subscription,3,2024-12-20,26.92,C97153,Germany,80.76
114193,S439,Streaming subscription,3,2024-12-20,33.03,C20847,United Kingdom,99.09
114181,S866,Streaming subscription,5,2024-12-20,26.32,C57285,France,131.6
114195,S389,Streaming subscription,5,2024-12-20,36.03,C54391,United Kingdom,180.15
114196,S330,Streaming subscription,2,2024-12-20,34.46,C60900,United Kingdom,68.92
114197,S827,Streaming subscription,3,2024-12-20,30.77,C88293,United Kingdom,92.31
114198,S811,Streaming subscription,2,2024-12-20,31.52,C71814,United Kingdom,63.04
114199,S378,Streaming subscription,4,2024-12-20,34.37,C11887,United Kingdom,137.48
114200,S641,Streaming subscription,5,2024-12-20,35.7,C65818,United Kingdom,178.5
114192,S192,Streaming subscription,1,2024-12-20,31.17,C23371,Germany,31.17
114194,S659,Streaming subscription,5,2024-12-20,29.24,C92290,United Kingdom,146.2
114186,S308,Streaming subscription,3,2024-12-20,29.88,C12455,Germany,89.64
114178,S172,Streaming subscription,3,2024-12-20,27.24,C32071,France,81.72
114179,S819,Streaming subscription,5,2024-12-20,23.8,C79423,France,119.0
114161,S417,Streaming subscription,1,2024-12-20,20.43,C20769,Australia,20.43
114162,S830,Streaming subscription,3,2024-12-20,22.25,C15352,Australia,66.75
114163,S738,Streaming subscription,3,2024-12-20,22.15,C81040,Australia,66.44999999999999
114164,S154,Streaming subscription,2,2024-12-20,19.93,C99812,Australia,39.86
114165,S546,Streaming subscription,5,2024-12-20,23.5,C32691,Australia,117.5
114166,S187,Streaming subscription,3,2024-12-20,18.74,C59605,Australia,56.22
114167,S687,Streaming subscription,1,2024-12-20,26.73,C23020,Australia,26.73
114168,S176,Streaming subscription,3,2024-12-20,21.15,C51991,Australia,63.449999999999996
114180,S810,Streaming subscription,3,2024-12-20,16.22,C58771,France,48.66
114170,S615,Streaming subscription,1,2024-12-20,18.51,C31166,Canada,18.51
114169,S604,Streaming subscription,3,2024-12-20,24.47,C86308,Canada,73.41
114176,S146,Streaming subscription,4,2024-12-20,15.77,C95318,Canada,63.08
114175,S440,Streaming subscription,2,2024-12-20,23.11,C69494,Canada,46.22
114177,S948,Streaming subscription,5,2024-12-20,20.44,C50362,France,102.2
114173,S920,Streaming subscription,5,2024-12-20,14.14,C58294,Canada,70.7
114172,S558,Streaming subscription,1,2024-12-20,19.06,C33014,Canada,19.06
114171,S880,Streaming subscription,5,2024-12-20,18.39,C20378,Canada,91.95
114174,S205,Streaming subscription,5,2024-12-20,16.7,C23227,Canada,83.5
114222,S740,Streaming subscription,4,2024-12-21,23.93,C23910,France,95.72
114229,S148,Streaming subscription,2,2024-12-21,20.75,C88996,Germany,41.5
114223,S155,Streaming subscription,5,2024-12-21,25.65,C87390,France,128.25
114224,S560,Streaming subscription,1,2024-12-21,15.51,C21539,France,15.51
114225,S266,Streaming subscription,1,2024-12-21,26.87,C44863,Germany,26.87
114226,S473,Streaming subscription,2,2024-12-21,31.62,C94728,Germany,63.24
114227,S146,Streaming subscription,2,2024-12-21,23.33,C88224,Germany,46.66
114228,S993,Streaming subscription,5,2024-12-21,22.24,C87743,Germany,111.19999999999999
114230,S940,Streaming subscription,4,2024-12-21,20.45,C94520,Germany,81.8
114234,S806,Streaming subscription,4,2024-12-21,30.29,C77063,United Kingdom,121.16
114232,S145,Streaming subscription,3,2024-12-21,21.9,C99237,Germany,65.69999999999999
114233,S114,Streaming subscription,4,2024-12-21,26.05,C20012,United Kingdom,104.2
114235,S422,Streaming subscription,2,2024-12-21,21.06,C86799,United Kingdom,42.12
114236,S949,Streaming subscription,1,2024-12-21,31.18,C69661,United Kingdom,31.18
114237,S628,Streaming subscription,2,2024-12-21,24.71,C65314,United Kingdom,49.42
114238,S702,Streaming subscription,1,2024-12-21,28.64,C48410,United Kingdom,28.64
114239,S312,Streaming subscription,2,2024-12-21,24.24,C71222,United Kingdom,48.48
114221,S681,Streaming subscription,5,2024-12-21,22.89,C30934,France,114.45
114231,S541,Streaming subscription,3,2024-12-21,25.39,C19006,Germany,76.17
114240,S331,Streaming subscription,4,2024-12-21,29.07,C78426,United Kingdom,116.28
114220,S521,Streaming subscription,3,2024-12-21,22.79,C62078,France,68.37
114218,S215,Streaming subscription,2,2024-12-21,19.95,C37439,France,39.9
114219,S239,Streaming subscription,1,2024-12-21,26.68,C10553,France,26.68
114201,S625,Streaming subscription,4,2024-12-21,18.17,C39879,Australia,72.68
114202,S209,Streaming subscription,4,2024-12-21,20.04,C57803,Australia,80.16
114203,S740,Streaming subscription,2,2024-12-21,17.27,C72791,Australia,34.54
114204,S739,Streaming subscription,1,2024-12-21,20.32,C65346,Australia,20.32
114206,S516,Streaming subscription,5,2024-12-21,15.61,C36073,Australia,78.05
114207,S866,Streaming subscription,3,2024-12-21,16.98,C75096,Australia,50.94
114208,S679,Streaming subscription,3,2024-12-21,19.21,C88617,Australia,57.63
114205,S254,Streaming subscription,2,2024-12-21,23.59,C80370,Australia,47.18
114210,S835,Streaming subscription,2,2024-12-21,19.41,C37695,Canada,38.82
114209,S244,Streaming subscription,1,2024-12-21,14.53,C77267,Canada,14.53
114216,S326,Streaming subscription,1,2024-12-21,14.9,C31765,Canada,14.9
114215,S639,Streaming subscription,2,2024-12-21,13.04,C89303,Canada,26.08
114214,S800,Streaming subscription,-1,2024-12-21,20.75,C77185,Canada,-20.75
114217,S530,Streaming subscription,3,2024-12-21,22.08,C67650,France,66.24
114212,S962,Streaming subscription,3,2024-12-21,15.6,C28844,Canada,46.8
114211,S984,Streaming subscription,5,2024-12-21,13.3,C74406,Canada,66.5
114213,S654,Streaming subscription,1,2024-12-21,17.54,C92064,Canada,17.54
114270,S346,Streaming subscription,5,2024-12-22,19.47,C26495,Germany,97.35
114263,S915,Streaming subscription,2,2024-12-22,23.95,C86120,France,47.9
114264,S853,Streaming subscription,1,2024-12-22,16.83,C94066,France,16.83
114265,S679,Streaming subscription,3,2024-12-22,22.86,C46817,Germany,68.58
114266,S416,Streaming subscription,1,2024-12-22,21.51,C55386,Germany,21.51
114267,S713,Streaming subscription,3,2024-12-22,27.1,C72119,Germany,81.30000000000001
114268,S573,Streaming subscription,3,2024-12-22,18.37,C31406,Germany,55.11
114269,S413,Streaming subscription,3,2024-12-22,26.39,C39085,Germany,79.17
114271,S643,Streaming subscription,3,2024-12-22,24.54,C74451,Germany,73.62
114280,S955,Streaming subscription,4,2024-12-22,31.17,C73366,United Kingdom,124.68
114273,S801,Streaming subscription,2,2024-12-22,24.96,C60680,United Kingdom,49.92
114274,S674,Streaming subscription,1,2024-12-22,30.92,C34450,United Kingdom,30.92
114275,S861,Streaming subscription,1,2024-12-22,27.86,C63286,United Kingdom,27.86
114276,S953,Streaming subscription,4,2024-12-22,30.17,C79047,United Kingdom,120.68
114277,S427,Streaming subscription,-2,2024-12-22,27.73,C14583,United Kingdom,-55.46
114278,S156,Streaming subscription,1,2024-12-22,19.81,C59361,United Kingdom,19.81
114279,S873,Streaming subscription,4,2024-12-22,28.33,C77017,United Kingdom,113.32
114262,S837,Streaming subscription,2,2024-12-22,15.5,C72242,France,31.0
114272,S890,Streaming subscription,1,2024-12-22,24.8,C98896,Germany,24.8
114261,S689,Streaming subscription,3,2024-12-22,23.84,C10987,France,71.52
114260,S847,Streaming subscription,3,2024-12-22,26.09,C92284,France,78.27
114259,S237,Streaming subscription,4,2024-12-22,22.48,C75494,France,89.92
114242,S785,Streaming subscription,3,2024-12-22,18.18,C28706,Australia,54.54
114243,S529,Streaming subscription,1,2024-12-22,18.81,C65732,Australia,18.81
114244,S597,Streaming subscription,1,2024-12-22,19.62,C37695,Australia,19.62
114245,S131,Streaming subscription,3,2024-12-22,16.3,C33907,Australia,48.900000000000006
114246,S916,Streaming subscription,1,2024-12-22,21.24,C43529,Australia,21.24
114247,S887,Streaming subscription,3,2024-12-22,25.75,C74950,Australia,77.25
114248,S372,Streaming subscription,3,2024-12-22,21.7,C12528,Australia,65.1
114249,S775,Streaming subscription,5,2024-12-22,14.66,C42523,Canada,73.3
114241,S489,Streaming subscription,3,2024-12-22,21.22,C65818,Australia,63.66
114251,S402,Streaming subscription,2,2024-12-22,8.95,C25167,Canada,17.9
114252,S440,Streaming subscription,5,2024-12-22,17.09,C11803,Canada,85.45
114253,S515,Streaming subscription,4,2024-12-22,12.0,C87200,Canada,48.0
114254,S482,Streaming subscription,4,2024-12-22,14.4,C48946,Canada,57.6
114255,S143,Streaming subscription,5,2024-12-22,21.54,C70441,Canada,107.69999999999999
114256,S896,Streaming subscription,5,2024-12-22,18.0,C77936,Canada,90.0
114257,S940,Streaming subscription,1,2024-12-22,23.07,C54746,France,23.07
114258,S828,Streaming subscription,1,2024-12-22,25.58,C98202,France,25.58
114250,S238,Streaming subscription,3,2024-12-22,18.41,C72988,Canada,55.230000000000004
114308,S121,Streaming subscription,1,2024-12-23,31.99,C21829,Germany,31.99
114307,S126,Streaming subscription,1,2024-12-23,33.06,C25808,Germany,33.06
114303,S288,Streaming subscription,2,2024-12-23,28.03,C40165,France,56.06
114305,S223,Streaming subscription,2,2024-12-23,30.61,C98865,Germany,61.22
114304,S562,Streaming subscription,2,2024-12-23,27.08,C10567,France,54.16
114309,S114,Streaming subscription,3,2024-12-23,33.99,C24307,Germany,101.97
114306,S564,Streaming subscription,4,2024-12-23,30.3,C22499,Germany,121.2
114310,S831,Streaming subscription,1,2024-12-23,26.13,C74183,Germany,26.13
114315,S564,Streaming subscription,1,2024-12-23,38.2,C18577,United Kingdom,38.2
114312,S403,Streaming subscription,2,2024-12-23,25.11,C11028,Germany,50.22
114313,S108,Streaming subscription,2,2024-12-23,37.79,C28261,United Kingdom,75.58
114314,S748,Streaming subscription,5,2024-12-23,33.32,C89401,United Kingdom,166.6
114316,S420,Streaming subscription,1,2024-12-23,39.11,C82175,United Kingdom,39.11
114317,S327,Streaming subscription,5,2024-12-23,32.57,C22212,United Kingdom,162.85
114318,S313,Streaming subscription,3,2024-12-23,36.19,C22668,United Kingdom,108.57
114319,S940,Streaming subscription,2,2024-12-23,38.64,C36143,United Kingdom,77.28
114302,S188,Streaming subscription,1,2024-12-23,22.61,C55375,France,22.61
114311,S448,Streaming subscription,1,2024-12-23,33.96,C23289,Germany,33.96
114301,S508,Streaming subscription,2,2024-12-23,25.69,C11061,France,51.38
114320,S819,Streaming subscription,4,2024-12-23,35.62,C59865,United Kingdom,142.48
114299,S873,Streaming subscription,3,2024-12-23,28.32,C70327,France,84.96000000000001
114281,S370,Streaming subscription,3,2024-12-23,23.79,C97545,Australia,71.37
114282,S477,Streaming subscription,4,2024-12-23,32.43,C81440,Australia,129.72
114283,S921,Streaming subscription,3,2024-12-23,26.21,C37419,Australia,78.63
114284,S230,Streaming subscription,4,2024-12-23,24.64,C78447,Australia,98.56
114285,S572,Streaming subscription,5,2024-12-23,21.12,C80482,Australia,105.60000000000001
114286,S230,Streaming subscription,2,2024-12-23,27.51,C39764,Australia,55.02
114287,S132,Streaming subscription,-1,2024-12-23,23.68,C81225,Australia,-23.68
114288,S242,Streaming subscription,5,2024-12-23,25.66,C83562,Australia,128.3
114289,S214,Streaming subscription,2,2024-12-23,17.73,C47344,Canada,35.46
114300,S785,Streaming subscription,3,2024-12-23,27.75,C37164,France,83.25
114291,S535,Streaming subscription,5,2024-12-23,25.85,C14201,Canada,129.25
114292,S904,Streaming subscription,4,2024-12-23,20.16,C10346,Canada,80.64
114293,S146,Streaming subscription,5,2024-12-23,17.14,C52434,Canada,85.7
114294,S725,Streaming subscription,1,2024-12-23,15.93,C27337,Canada,15.93
114295,S452,Streaming subscription,3,2024-12-23,21.5,C54448,Canada,64.5
114296,S474,Streaming subscription,5,2024-12-23,16.89,C44615,Canada,84.45
114297,S108,Streaming subscription,3,2024-12-23,22.24,C38307,France,66.72
114298,S758,Streaming subscription,4,2024-12-23,25.97,C32910,France,103.88
114290,S930,Streaming subscription,5,2024-12-23,20.79,C46932,Canada,103.94999999999999
114348,S448,Streaming subscription,3,2024-12-24,32.65,C89490,Germany,97.94999999999999
114347,S429,Streaming subscription,4,2024-12-24,27.23,C95981,Germany,108.92
114343,S850,Streaming subscription,5,2024-12-24,27.28,C47618,France,136.4
114345,S156,Streaming subscription,4,2024-12-24,36.91,C19800,Germany,147.64
114344,S196,Streaming subscription,5,2024-12-24,26.39,C82968,France,131.95
114349,S843,Streaming subscription,2,2024-12-24,27.64,C33031,Germany,55.28
114346,S907,Streaming subscription,3,2024-12-24,25.09,C12119,Germany,75.27
114350,S836,Streaming subscription,5,2024-12-24,26.81,C65714,Germany,134.04999999999998
114355,S580,Streaming subscription,1,2024-12-24,36.14,C38300,United Kingdom,36.14
114352,S801,Streaming subscription,2,2024-12-24,33.03,C54771,Germany,66.06
114353,S463,Streaming subscription,5,2024-12-24,33.7,C25407,United Kingdom,168.5
114354,S695,Streaming subscription,1,2024-12-24,29.49,C31373,United Kingdom,29.49
114356,S274,Streaming subscription,3,2024-12-24,31.34,C52032,United Kingdom,94.02
114357,S574,Streaming subscription,4,2024-12-24,30.21,C87340,United Kingdom,120.84
114358,S341,Streaming subscription,4,2024-12-24,27.49,C85208,United Kingdom,109.96
114359,S336,Streaming subscription,5,2024-12-24,32.39,C27781,United Kingdom,161.95
114342,S174,Streaming subscription,5,2024-12-24,30.96,C42510,France,154.8
114351,S399,Streaming subscription,5,2024-12-24,31.06,C97494,Germany,155.29999999999998
114341,S924,Streaming subscription,1,2024-12-24,20.71,C11073,France,20.71
114360,S583,Streaming subscription,3,2024-12-24,40.0,C31111,United Kingdom,120.0
114339,S791,Streaming subscription,4,2024-12-24,24.71,C45446,France,98.84
114321,S370,Streaming subscription,1,2024-12-24,32.87,C19880,Australia,32.87
114322,S372,Streaming subscription,2,2024-12-24,26.36,C58516,Australia,52.72
114323,S608,Streaming subscription,-2,2024-12-24,28.44,C89380,Australia,-56.88
114324,S838,Streaming subscription,4,2024-12-24,29.59,C96034,Australia,118.36
114325,S398,Streaming subscription,5,2024-12-24,27.6,C55294,Australia,138.0
114326,S623,Streaming subscription,3,2024-12-24,19.32,C16401,Australia,57.96
114327,S553,Streaming subscription,1,2024-12-24,22.49,C62121,Australia,22.49
114328,S315,Streaming subscription,4,2024-12-24,21.19,C97433,Australia,84.76
114329,S886,Streaming subscription,5,2024-12-24,27.78,C65307,Canada,138.9
114340,S168,Streaming subscription,2,2024-12-24,25.73,C32523,France,51.46
114331,S987,Streaming subscription,1,2024-12-24,12.39,C65046,Canada,12.39
114332,S737,Streaming subscription,3,2024-12-24,23.37,C24566,Canada,70.11
114333,S682,Streaming subscription,2,2024-12-24,20.78,C65621,Canada,41.56
114334,S214,Streaming subscription,4,2024-12-24,19.84,C33539,Canada,79.36
114335,S488,Streaming subscription,3,2024-12-24,18.22,C69015,Canada,54.66
114336,S260,Streaming subscription,5,2024-12-24,18.54,C81897,Canada,92.69999999999999
114337,S263,Streaming subscription,2,2024-12-24,28.93,C97706,France,57.86
114338,S315,Streaming subscription,5,2024-12-24,22.96,C51592,France,114.80000000000001
114330,S725,Streaming subscription,3,2024-12-24,20.85,C31680,Canada,62.550000000000004
114388,S415,Streaming subscription,5,2024-12-25,32.1,C72420,Germany,160.5
114387,S706,Streaming subscription,3,2024-12-25,33.49,C72611,Germany,100.47
114386,S993,Streaming subscription,1,2024-12-25,26.53,C36747,Germany,26.53
114382,S445,Streaming subscription,2,2024-12-25,24.19,C25547,France,48.38
114384,S558,Streaming subscription,4,2024-12-25,25.25,C28113,France,101.0
114383,S509,Streaming subscription,5,2024-12-25,28.78,C84173,France,143.9
114389,S783,Streaming subscription,5,2024-12-25,36.53,C39073,Germany,182.65
114385,S864,Streaming subscription,3,2024-12-25,27.06,C98199,Germany,81.17999999999999
114390,S112,Streaming subscription,3,2024-12-25,30.79,C84093,Germany,92.37
114394,S984,Streaming subscription,3,2024-12-25,37.94,C99525,United Kingdom,113.82
114392,S686,Streaming subscription,4,2024-12-25,35.25,C76857,Germany,141.0
114393,S706,Streaming subscription,3,2024-12-25,31.72,C13912,United Kingdom,95.16
114395,S719,Streaming subscription,3,2024-12-25,36.58,C24663,United Kingdom,109.74
114396,S164,Streaming subscription,3,2024-12-25,30.63,C96801,United Kingdom,91.89
114397,S249,Streaming subscription,5,2024-12-25,30.36,C91504,United Kingdom,151.8
114398,S311,Streaming subscription,2,2024-12-25,30.8,C13544,United Kingdom,61.6
114399,S438,Streaming subscription,1,2024-12-25,29.18,C24038,United Kingdom,29.18
114381,S241,Streaming subscription,2,2024-12-25,24.38,C46292,France,48.76
114391,S722,Streaming subscription,5,2024-12-25,31.33,C27866,Germany,156.64999999999998
114400,S133,Streaming subscription,1,2024-12-25,30.28,C32574,United Kingdom,30.28
114380,S623,Streaming subscription,3,2024-12-25,27.29,C36558,France,81.87
114378,S455,Streaming subscription,1,2024-12-25,15.78,C62413,France,15.78
114379,S896,Streaming subscription,3,2024-12-25,28.09,C25584,France,84.27
114361,S547,Streaming subscription,4,2024-12-25,28.8,C38077,Australia,115.2
114362,S295,Streaming subscription,2,2024-12-25,32.35,C44599,Australia,64.7
114363,S621,Streaming subscription,2,2024-12-25,17.73,C59756,Australia,35.46
114364,S719,Streaming subscription,2,2024-12-25,21.91,C43880,Australia,43.82
114366,S582,Streaming subscription,3,2024-12-25,30.91,C54563,Australia,92.73
114367,S181,Streaming subscription,2,2024-12-25,23.24,C93262,Australia,46.48
114368,S446,Streaming subscription,1,2024-12-25,19.2,C41807,Australia,19.2
114365,S180,Streaming subscription,3,2024-12-25,24.62,C93631,Australia,73.86
114370,S109,Streaming subscription,1,2024-12-25,24.71,C60591,Canada,24.71
114369,S107,Streaming subscription,4,2024-12-25,18.79,C48862,Canada,75.16
114376,S584,Streaming subscription,1,2024-12-25,18.14,C53857,Canada,18.14
114375,S601,Streaming subscription,5,2024-12-25,24.58,C71659,Canada,122.89999999999999
114374,S553,Streaming subscription,5,2024-12-25,22.58,C33438,Canada,112.89999999999999
114377,S118,Streaming subscription,2,2024-12-25,31.7,C56312,France,63.4
114372,S517,Streaming subscription,4,2024-12-25,19.87,C82848,Canada,79.48
114371,S270,Streaming subscription,2,2024-12-25,16.12,C43396,Canada,32.24
114373,S555,Streaming subscription,4,2024-12-25,12.85,C24747,Canada,51.4
114429,S592,Streaming subscription,-2,2024-12-26,24.96,C48214,Germany,-49.92
114423,S686,Streaming subscription,3,2024-12-26,27.12,C49376,France,81.36
114424,S811,Streaming subscription,3,2024-12-26,30.05,C75007,France,90.15
114425,S746,Streaming subscription,5,2024-12-26,30.03,C68882,Germany,150.15
114426,S501,Streaming subscription,4,2024-12-26,32.83,C91683,Germany,131.32
114427,S241,Streaming subscription,5,2024-12-26,33.74,C67535,Germany,168.70000000000002
114428,S231,Streaming subscription,1,2024-12-26,29.61,C82132,Germany,29.61
114430,S695,Streaming subscription,5,2024-12-26,30.61,C44199,Germany,153.05
114422,S878,Streaming subscription,1,2024-12-26,24.85,C65873,France,24.85
114432,S269,Streaming subscription,3,2024-12-26,29.27,C83504,Germany,87.81
114433,S719,Streaming subscription,3,2024-12-26,32.02,C36725,United Kingdom,96.06
114434,S169,Streaming subscription,1,2024-12-26,32.54,C50032,United Kingdom,32.54
114435,S592,Streaming subscription,3,2024-12-26,36.59,C86800,United Kingdom,109.77000000000001
114436,S646,Streaming subscription,5,2024-12-26,40.0,C46755,United Kingdom,200.0
114437,S715,Streaming subscription,4,2024-12-26,40.0,C93033,United Kingdom,160.0
114438,S777,Streaming subscription,3,2024-12-26,36.79,C67346,United Kingdom,110.37
114439,S307,Streaming subscription,3,2024-12-26,36.42,C74487,United Kingdom,109.26
114431,S294,Streaming subscription,3,2024-12-26,22.15,C92452,Germany,66.44999999999999
114421,S702,Streaming subscription,1,2024-12-26,22.38,C35189,France,22.38
114440,S706,Streaming subscription,1,2024-12-26,28.66,C36051,United Kingdom,28.66
114419,S433,Streaming subscription,1,2024-12-26,23.53,C61453,France,23.53
114401,S965,Streaming subscription,2,2024-12-26,25.54,C28825,Australia,51.08
114402,S809,Streaming subscription,4,2024-12-26,29.3,C60425,Australia,117.2
114403,S694,Streaming subscription,3,2024-12-26,24.71,C76563,Australia,74.13
114404,S252,Streaming subscription,1,2024-12-26,21.32,C37703,Australia,21.32
114405,S308,Streaming subscription,3,2024-12-26,26.2,C51917,Australia,78.6
114406,S139,Streaming subscription,5,2024-12-26,26.42,C91141,Australia,132.10000000000002
114407,S651,Streaming subscription,3,2024-12-26,19.54,C63974,Australia,58.62
114408,S651,Streaming subscription,1,2024-12-26,19.11,C20101,Australia,19.11
114409,S827,Streaming subscription,5,2024-12-26,21.96,C49910,Canada,109.80000000000001
114420,S829,Streaming subscription,1,2024-12-26,18.2,C44529,France,18.2
114411,S442,Streaming subscription,-1,2024-12-26,22.65,C55579,Canada,-22.65
114418,S517,Streaming subscription,2,2024-12-26,20.38,C42877,France,40.76
114417,S548,Streaming subscription,4,2024-12-26,29.06,C98909,France,116.24
114416,S104,Streaming subscription,2,2024-12-26,19.92,C31125,Canada,39.84
114410,S907,Streaming subscription,3,2024-12-26,20.83,C53594,Canada,62.489999999999995
114414,S799,Streaming subscription,2,2024-12-26,18.07,C86433,Canada,36.14
114413,S658,Streaming subscription,4,2024-12-26,15.46,C92243,Canada,61.84
114412,S839,Streaming subscription,3,2024-12-26,16.4,C36323,Canada,49.199999999999996
114415,S563,Streaming subscription,5,2024-12-26,18.66,C34053,Canada,93.3
114470,S663,Streaming subscription,2,2024-12-27,32.86,C86308,Germany,65.72
114463,S538,Streaming subscription,1,2024-12-27,25.91,C11139,France,25.91
114464,S684,Streaming subscription,3,2024-12-27,31.1,C26249,France,93.30000000000001
114465,S792,Streaming subscription,3,2024-12-27,31.68,C87834,Germany,95.03999999999999
114467,S766,Streaming subscription,4,2024-12-27,25.06,C63627,Germany,100.24
114468,S196,Streaming subscription,3,2024-12-27,35.01,C58422,Germany,105.03
114469,S132,Streaming subscription,3,2024-12-27,24.28,C58650,Germany,72.84
114471,S901,Streaming subscription,5,2024-12-27,36.24,C87940,Germany,181.20000000000002
114476,S333,Streaming subscription,3,2024-12-27,32.4,C76166,United Kingdom,97.19999999999999
114473,S375,Streaming subscription,1,2024-12-27,34.09,C48690,United Kingdom,34.09
114474,S512,Streaming subscription,1,2024-12-27,30.38,C94993,United Kingdom,30.38
114475,S856,Streaming subscription,2,2024-12-27,33.8,C71158,United Kingdom,67.6
114462,S162,Streaming subscription,4,2024-12-27,26.57,C51288,France,106.28
114477,S347,Streaming subscription,1,2024-12-27,32.85,C53755,United Kingdom,32.85
114478,S101,Streaming subscription,1,2024-12-27,37.86,C98095,United Kingdom,37.86
114479,S643,Streaming subscription,4,2024-12-27,32.27,C81195,United Kingdom,129.08
114480,S983,Streaming subscription,1,2024-12-27,40.0,C40163,United Kingdom,40.0
114472,S730,Streaming subscription,1,2024-12-27,26.11,C72472,Germany,26.11
114461,S585,Streaming subscription,1,2024-12-27,20.9,C12034,France,20.9
114466,S916,Streaming subscription,5,2024-12-27,22.24,C28620,Germany,111.19999999999999
114459,S961,Streaming subscription,3,2024-12-27,31.02,C57112,France,93.06
114460,S661,Streaming subscription,4,2024-12-27,25.3,C19990,France,101.2
114442,S549,Streaming subscription,2,2024-12-27,18.85,C20584,Australia,37.7
114443,S983,Streaming subscription,5,2024-12-27,22.96,C23455,Australia,114.80000000000001
114444,S755,Streaming subscription,1,2024-12-27,24.52,C42174,Australia,24.52
114445,S274,Streaming subscription,1,2024-12-27,25.78,C90692,Australia,25.78
114446,S711,Streaming subscription,5,2024-12-27,23.22,C41000,Australia,116.1
114447,S240,Streaming subscription,4,2024-12-27,24.08,C22202,Australia,96.32
114448,S633,Streaming subscription,5,2024-12-27,28.51,C19605,Australia,142.55
114449,S726,Streaming subscription,4,2024-12-27,20.31,C49560,Canada,81.24
114441,S314,Streaming subscription,2,2024-12-27,24.83,C87322,Australia,49.66
114451,S635,Streaming subscription,3,2024-12-27,14.54,C23097,Canada,43.62
114450,S517,Streaming subscription,5,2024-12-27,19.57,C68469,Canada,97.85
114457,S404,Streaming subscription,3,2024-12-27,26.53,C36203,France,79.59
114456,S566,Streaming subscription,3,2024-12-27,18.38,C26343,Canada,55.14
114455,S395,Streaming subscription,5,2024-12-27,19.5,C42548,Canada,97.5
114458,S432,Streaming subscription,2,2024-12-27,27.13,C34494,France,54.26
114454,S921,Streaming subscription,2,2024-12-27,23.17,C69620,Canada,46.34
114453,S123,Streaming subscription,5,2024-12-27,20.85,C86790,Canada,104.25
114452,S666,Streaming subscription,4,2024-12-27,10.84,C36197,Canada,43.36
114510,S478,Streaming subscription,4,2024-12-28,36.83,C59202,Germany,147.32
114504,S163,Streaming subscription,3,2024-12-28,22.9,C24823,France,68.69999999999999
114505,S742,Streaming subscription,3,2024-12-28,26.27,C69721,Germany,78.81
114506,S456,Streaming subscription,1,2024-12-28,21.02,C45209,Germany,21.02
114507,S517,Streaming subscription,3,2024-12-28,23.69,C86018,Germany,71.07000000000001
114508,S852,Streaming subscription,4,2024-12-28,27.13,C88733,Germany,108.52
114509,S570,Streaming subscription,5,2024-12-28,24.45,C38646,Germany,122.25
114503,S346,Streaming subscription,3,2024-12-28,21.3,C67985,France,63.900000000000006
114511,S879,Streaming subscription,5,2024-12-28,26.85,C97114,Germany,134.25
114515,S311,Streaming subscription,5,2024-12-28,25.19,C89824,United Kingdom,125.95
114513,S155,Streaming subscription,3,2024-12-28,27.07,C65518,United Kingdom,81.21000000000001
114514,S876,Streaming subscription,5,2024-12-28,26.83,C23757,United Kingdom,134.14999999999998
114516,S237,Streaming subscription,3,2024-12-28,35.08,C66628,United Kingdom,105.24
114517,S909,Streaming subscription,2,2024-12-28,28.04,C33133,United Kingdom,56.08
114518,S152,Streaming subscription,3,2024-12-28,34.19,C83817,United Kingdom,102.57
114519,S679,Streaming subscription,2,2024-12-28,30.42,C51886,United Kingdom,60.84
114520,S780,Streaming subscription,1,2024-12-28,26.49,C88079,United Kingdom,26.49
114502,S718,Streaming subscription,5,2024-12-28,22.38,C92365,France,111.89999999999999
114512,S682,Streaming subscription,2,2024-12-28,19.39,C30819,Germany,38.78
114501,S413,Streaming subscription,1,2024-12-28,22.21,C97943,France,22.21
114486,S866,Streaming subscription,2,2024-12-28,24.7,C10396,Australia,49.4
114499,S948,Streaming subscription,1,2024-12-28,16.28,C30067,France,16.28
114500,S516,Streaming subscription,5,2024-12-28,22.94,C55706,France,114.7
114481,S605,Streaming subscription,1,2024-12-28,16.23,C36455,Australia,16.23
114482,S730,Streaming subscription,3,2024-12-28,16.77,C69268,Australia,50.31
114483,S215,Streaming subscription,1,2024-12-28,18.97,C82323,Australia,18.97
114484,S357,Streaming subscription,3,2024-12-28,21.44,C74456,Australia,64.32000000000001
114485,S571,Streaming subscription,3,2024-12-28,19.39,C24723,Australia,58.17
114487,S929,Streaming subscription,4,2024-12-28,15.9,C23816,Australia,63.6
114488,S777,Streaming subscription,1,2024-12-28,20.77,C94524,Australia,20.77
114489,S148,Streaming subscription,3,2024-12-28,7.66,C99248,Canada,22.98
114491,S330,Streaming subscription,2,2024-12-28,16.78,C26634,Canada,33.56
114492,S702,Streaming subscription,3,2024-12-28,20.76,C80421,Canada,62.28
114493,S629,Streaming subscription,2,2024-12-28,12.23,C85480,Canada,24.46
114494,S964,Streaming subscription,4,2024-12-28,18.37,C83630,Canada,73.48
114495,S990,Streaming subscription,3,2024-12-28,15.2,C22715,Canada,45.599999999999994
114496,S734,Streaming subscription,5,2024-12-28,18.43,C32468,Canada,92.15
114497,S891,Streaming subscription,4,2024-12-28,19.37,C79794,France,77.48
114498,S383,Streaming subscription,3,2024-12-28,19.05,C98116,France,57.150000000000006
114490,S176,Streaming subscription,3,2024-12-28,17.65,C94146,Canada,52.949999999999996
114548,S847,Streaming subscription,3,2024-12-29,25.41,C94371,Germany,76.23
114549,S756,Streaming subscription,4,2024-12-29,26.93,C92435,Germany,107.72
114547,S183,Streaming subscription,3,2024-12-29,24.44,C95349,Germany,73.32000000000001
114543,S118,Streaming subscription,-1,2024-12-29,17.87,C77286,France,-17.87
114545,S708,Streaming subscription,4,2024-12-29,24.02,C90337,Germany,96.08
114544,S457,Streaming subscription,5,2024-12-29,24.75,C81344,France,123.75
114550,S473,Streaming subscription,4,2024-12-29,18.2,C78324,Germany,72.8
114546,S457,Streaming subscription,4,2024-12-29,27.55,C86151,Germany,110.2
114551,S287,Streaming subscription,1,2024-12-29,23.76,C63828,Germany,23.76
114560,S682,Streaming subscription,4,2024-12-29,34.33,C29346,United Kingdom,137.32
114553,S749,Streaming subscription,4,2024-12-29,30.36,C87871,United Kingdom,121.44
114554,S154,Streaming subscription,4,2024-12-29,36.94,C41135,United Kingdom,147.76
114555,S587,Streaming subscription,4,2024-12-29,30.17,C82261,United Kingdom,120.68
114556,S985,Streaming subscription,4,2024-12-29,31.35,C63925,United Kingdom,125.4
114557,S890,Streaming subscription,4,2024-12-29,30.81,C39415,United Kingdom,123.24
114558,S663,Streaming subscription,4,2024-12-29,31.73,C26820,United Kingdom,126.92
114559,S810,Streaming subscription,3,2024-12-29,29.71,C22641,United Kingdom,89.13
114542,S409,Streaming subscription,5,2024-12-29,19.28,C19234,France,96.4
114552,S141,Streaming subscription,3,2024-12-29,28.03,C53951,Germany,84.09
114541,S891,Streaming subscription,2,2024-12-29,22.41,C80009,France,44.82
114525,S749,Streaming subscription,3,2024-12-29,19.3,C67325,Australia,57.900000000000006
114539,S581,Streaming subscription,3,2024-12-29,22.77,C49091,France,68.31
114521,S331,Streaming subscription,4,2024-12-29,22.87,C49969,Australia,91.48
114522,S160,Streaming subscription,3,2024-12-29,17.25,C91845,Australia,51.75
114523,S687,Streaming subscription,1,2024-12-29,16.6,C96417,Australia,16.6
114524,S920,Streaming subscription,2,2024-12-29,26.5,C39285,Australia,53.0
114526,S414,Streaming subscription,3,2024-12-29,19.0,C76758,Australia,57.0
114527,S813,Streaming subscription,3,2024-12-29,20.56,C28385,Australia,61.67999999999999
114528,S773,Streaming subscription,2,2024-12-29,19.72,C48260,Australia,39.44
114529,S103,Streaming subscription,2,2024-12-29,14.17,C63213,Canada,28.34
114540,S111,Streaming subscription,3,2024-12-29,20.14,C82254,France,60.42
114531,S337,Streaming subscription,5,2024-12-29,17.31,C16138,Canada,86.55
114530,S248,Streaming subscription,3,2024-12-29,18.6,C40818,Canada,55.800000000000004
114537,S516,Streaming subscription,2,2024-12-29,20.15,C67966,France,40.3
114536,S134,Streaming subscription,1,2024-12-29,19.14,C39592,Canada,19.14
114535,S285,Streaming subscription,3,2024-12-29,17.3,C45111,Canada,51.900000000000006
114538,S956,Streaming subscription,2,2024-12-29,18.34,C83107,France,36.68
114534,S423,Streaming subscription,4,2024-12-29,19.67,C76471,Canada,78.68
114533,S340,Streaming subscription,4,2024-12-29,17.05,C76117,Canada,68.2
114532,S584,Streaming subscription,3,2024-12-29,22.78,C56268,Canada,68.34
114589,S246,Streaming subscription,4,2024-12-30,27.88,C68832,Germany,111.52
114583,S671,Streaming subscription,2,2024-12-30,29.8,C79846,France,59.6
114584,S661,Streaming subscription,5,2024-12-30,24.84,C30008,France,124.2
114585,S774,Streaming subscription,5,2024-12-30,26.44,C77496,Germany,132.20000000000002
114586,S706,Streaming subscription,3,2024-12-30,30.51,C50037,Germany,91.53
114587,S207,Streaming subscription,4,2024-12-30,33.95,C83657,Germany,135.8
114588,S281,Streaming subscription,1,2024-12-30,28.66,C62680,Germany,28.66
114582,S947,Streaming subscription,3,2024-12-30,30.99,C42878,France,92.97
114590,S869,Streaming subscription,2,2024-12-30,33.12,C36926,Germany,66.24
114594,S394,Streaming subscription,-2,2024-12-30,32.43,C16813,United Kingdom,-64.86
114592,S498,Streaming subscription,1,2024-12-30,32.87,C35664,Germany,32.87
114593,S299,Streaming subscription,2,2024-12-30,36.44,C42455,United Kingdom,72.88
114595,S867,Streaming subscription,4,2024-12-30,35.42,C39884,United Kingdom,141.68
114596,S303,Streaming subscription,3,2024-12-30,34.27,C46346,United Kingdom,102.81
114597,S941,Streaming subscription,5,2024-12-30,35.01,C88372,United Kingdom,175.04999999999998
114598,S168,Streaming subscription,5,2024-12-30,34.83,C29779,United Kingdom,174.14999999999998
114581,S503,Streaming subscription,4,2024-12-30,22.05,C76408,France,88.2
114600,S263,Streaming subscription,1,2024-12-30,33.12,C82032,United Kingdom,33.12
114591,S803,Streaming subscription,1,2024-12-30,35.95,C36261,Germany,35.95
114599,S152,Streaming subscription,4,2024-12-30,27.25,C10664,United Kingdom,109.0
114580,S649,Streaming subscription,5,2024-12-30,29.21,C18268,France,146.05
114578,S675,Streaming subscription,2,2024-12-30,24.44,C90325,France,48.88
114579,S309,Streaming subscription,3,2024-12-30,28.3,C88749,France,84.9
114561,S958,Streaming subscription,3,2024-12-30,20.67,C63491,Australia,62.010000000000005
114562,S609,Streaming subscription,1,2024-12-30,19.85,C97653,Australia,19.85
114563,S659,Streaming subscription,4,2024-12-30,25.97,C78738,Australia,103.88
114564,S250,Streaming subscription,4,2024-12-30,17.87,C48698,Australia,71.48
114566,S292,Streaming subscription,5,2024-12-30,28.57,C59983,Australia,142.85
114567,S184,Streaming subscription,3,2024-12-30,22.26,C85162,Australia,66.78
114568,S685,Streaming subscription,5,2024-12-30,25.26,C78866,Australia,126.30000000000001
114565,S146,Streaming subscription,2,2024-12-30,23.86,C26966,Australia,47.72
114570,S917,Streaming subscription,3,2024-12-30,22.71,C13178,Canada,68.13
114569,S623,Streaming subscription,2,2024-12-30,23.34,C22594,Canada,46.68
114576,S769,Streaming subscription,3,2024-12-30,23.36,C27213,Canada,70.08
114575,S484,Streaming subscription,3,2024-12-30,14.31,C68836,Canada,42.93
114574,S699,Streaming subscription,5,2024-12-30,22.75,C98707,Canada,113.75
114577,S722,Streaming subscription,4,2024-12-30,25.6,C96612,France,102.4
114572,S943,Streaming subscription,4,2024-12-30,21.85,C93282,Canada,87.4
114571,S496,Streaming subscription,-1,2024-12-30,27.72,C26462,Canada,-27.72
114573,S288,Streaming subscription,1,2024-12-30,18.95,C60295,Canada,18.95
114629,S329,Streaming subscription,4,2024-12-31,30.33,C36033,Germany,121.32
114623,S156,Streaming subscription,4,2024-12-31,26.89,C36399,France,107.56
114624,S332,Streaming subscription,-1,2024-12-31,25.46,C33064,France,-25.46
114625,S803,Streaming subscription,1,2024-12-31,35.13,C33893,Germany,35.13
114640,S162,Streaming subscription,2,2024-12-31,34.78,C32923,United Kingdom,69.56
114627,S432,Streaming subscription,2,2024-12-31,33.26,C19811,Germany,66.52
114628,S737,Streaming subscription,3,2024-12-31,26.0,C27431,Germany,78.0
114630,S985,Streaming subscription,3,2024-12-31,19.21,C27523,Germany,57.63
114622,S199,Streaming subscription,3,2024-12-31,26.73,C25468,France,80.19
114632,S913,Streaming subscription,3,2024-12-31,30.33,C63622,Germany,90.99
114633,S245,Streaming subscription,4,2024-12-31,36.41,C31447,United Kingdom,145.64
114634,S611,Streaming subscription,2,2024-12-31,32.19,C40156,United Kingdom,64.38
114635,S717,Streaming subscription,3,2024-12-31,35.25,C42267,United Kingdom,105.75
114636,S830,Streaming subscription,2,2024-12-31,32.86,C36489,United Kingdom,65.72
114637,S959,Streaming subscription,2,2024-12-31,31.29,C46834,United Kingdom,62.58
114638,S777,Streaming subscription,5,2024-12-31,35.66,C87243,United Kingdom,178.29999999999998
114639,S979,Streaming subscription,1,2024-12-31,35.33,C11290,United Kingdom,35.33
114631,S534,Streaming subscription,4,2024-12-31,28.27,C19397,Germany,113.08
114621,S212,Streaming subscription,4,2024-12-31,29.08,C35314,France,116.32
114626,S817,Streaming subscription,2,2024-12-31,34.24,C55449,Germany,68.48
114619,S568,Streaming subscription,1,2024-12-31,21.01,C33570,France,21.01
114601,S875,Streaming subscription,3,2024-12-31,23.9,C58599,Australia,71.69999999999999
114602,S229,Streaming subscription,2,2024-12-31,24.75,C79695,Australia,49.5
114603,S208,Streaming subscription,3,2024-12-31,20.34,C94065,Australia,61.019999999999996
114604,S789,Streaming subscription,-2,2024-12-31,19.67,C32617,Australia,-39.34
114605,S533,Streaming subscription,4,2024-12-31,22.93,C34468,Australia,91.72
114606,S660,Streaming subscription,2,2024-12-31,21.2,C13604,Australia,42.4
114607,S722,Streaming subscription,1,2024-12-31,22.08,C18955,Australia,22.08
114608,S183,Streaming subscription,5,2024-12-31,17.2,C81467,Australia,86.0
114609,S590,Streaming subscription,3,2024-12-31,20.06,C76474,Canada,60.17999999999999
114620,S677,Streaming subscription,2,2024-12-31,29.94,C69272,France,59.88
114611,S578,Streaming subscription,4,2024-12-31,18.53,C15436,Canada,74.12
114618,S930,Streaming subscription,1,2024-12-31,22.65,C30402,France,22.65
114617,S879,Streaming subscription,1,2024-12-31,27.57,C71987,France,27.57
114616,S898,Streaming subscription,3,2024-12-31,25.73,C54433,Canada,77.19
114610,S298,Streaming subscription,2,2024-12-31,17.04,C97410,Canada,34.08
114614,S291,Streaming subscription,1,2024-12-31,22.34,C13173,Canada,22.34
114613,S118,Streaming subscription,2,2024-12-31,15.96,C17045,Canada,31.92
114612,S362,Streaming subscription,4,2024-12-31,17.95,C61421,Canada,71.8
114615,S397,Streaming subscription,5,2024-12-31,19.81,C62767,Canada,99.05
114670,S666,Streaming subscription,3,2025-01-01,31.24,C46127,Germany,93.72
114663,S985,Streaming subscription,3,2025-01-01,25.55,C88329,France,76.65
114664,S181,Streaming subscription,5,2025-01-01,20.55,C44268,France,102.75
114666,S235,Streaming subscription,1,2025-01-01,27.15,C95353,Germany,27.15
114667,S343,Streaming subscription,4,2025-01-01,34.29,C70665,Germany,137.16
114668,S798,Streaming subscription,1,2025-01-01,31.51,C74737,Germany,31.51
114669,S571,Streaming subscription,4,2025-01-01,31.43,C91781,Germany,125.72
114671,S251,Streaming subscription,3,2025-01-01,27.15,C97895,Germany,81.44999999999999
114676,S630,Streaming subscription,4,2025-01-01,38.36,C29681,United Kingdom,153.44
114673,S460,Streaming subscription,3,2025-01-01,31.91,C19221,United Kingdom,95.73
114674,S558,Streaming subscription,1,2025-01-01,32.39,C99881,United Kingdom,32.39
114675,S496,Streaming subscription,5,2025-01-01,34.68,C43456,United Kingdom,173.4
114662,S844,Streaming subscription,1,2025-01-01,24.01,C83728,France,24.01
114677,S666,Streaming subscription,5,2025-01-01,34.98,C89834,United Kingdom,174.89999999999998
114678,S104,Streaming subscription,1,2025-01-01,37.02,C13582,United Kingdom,37.02
114679,S127,Streaming subscription,5,2025-01-01,31.44,C62678,United Kingdom,157.20000000000002
114680,S369,Streaming subscription,2,2025-01-01,33.66,C88275,United Kingdom,67.32
114672,S770,Streaming subscription,3,2025-01-01,34.27,C11931,Germany,102.81
114661,S765,Streaming subscription,3,2025-01-01,21.6,C39152,France,64.80000000000001
114665,S734,Streaming subscription,3,2025-01-01,27.11,C35739,Germany,81.33
114659,S780,Streaming subscription,2,2025-01-01,24.48,C99308,France,48.96
114660,S638,Streaming subscription,2,2025-01-01,25.35,C25426,France,50.7
114642,S949,Streaming subscription,5,2025-01-01,22.49,C84910,Australia,112.44999999999999
114643,S368,Streaming subscription,5,2025-01-01,16.75,C78294,Australia,83.75
114644,S760,Streaming subscription,5,2025-01-01,26.49,C60337,Australia,132.45
114645,S355,Streaming subscription,1,2025-01-01,19.52,C68145,Australia,19.52
114646,S525,Streaming subscription,5,2025-01-01,21.62,C41653,Australia,108.10000000000001
114647,S282,Streaming subscription,4,2025-01-01,22.84,C41996,Australia,91.36
114648,S638,Streaming subscription,4,2025-01-01,21.43,C27768,Australia,85.72
114649,S926,Streaming subscription,3,2025-01-01,17.03,C69491,Canada,51.09
114641,S965,Streaming subscription,2,2025-01-01,29.2,C90165,Australia,58.4
114651,S346,Streaming subscription,5,2025-01-01,19.35,C67387,Canada,96.75
114650,S888,Streaming subscription,2,2025-01-01,21.38,C55138,Canada,42.76
114657,S500,Streaming subscription,1,2025-01-01,27.67,C81365,France,27.67
114656,S744,Streaming subscription,3,2025-01-01,12.43,C33841,Canada,37.29
114658,S568,Streaming subscription,5,2025-01-01,27.89,C54532,France,139.45
114654,S934,Streaming subscription,5,2025-01-01,21.75,C63278,Canada,108.75
114653,S563,Streaming subscription,2,2025-01-01,14.52,C77073,Canada,29.04
114652,S590,Streaming subscription,4,2025-01-01,12.05,C61548,Canada,48.2
114655,S126,Streaming subscription,5,2025-01-01,16.76,C76143,Canada,83.80000000000001
114703,S419,Streaming subscription,3,2025-01-02,21.76,C43079,France,65.28
114709,S536,Streaming subscription,4,2025-01-02,32.03,C78011,Germany,128.12
114704,S693,Streaming subscription,3,2025-01-02,24.13,C39820,France,72.39
114705,S680,Streaming subscription,2,2025-01-02,27.55,C71491,Germany,55.1
114706,S838,Streaming subscription,1,2025-01-02,33.85,C76883,Germany,33.85
114707,S761,Streaming subscription,2,2025-01-02,31.24,C31488,Germany,62.48
114708,S801,Streaming subscription,2,2025-01-02,35.14,C20708,Germany,70.28
114710,S910,Streaming subscription,5,2025-01-02,31.05,C94842,Germany,155.25
114715,S887,Streaming subscription,4,2025-01-02,40.0,C13568,United Kingdom,160.0
114712,S713,Streaming subscription,1,2025-01-02,29.11,C82125,Germany,29.11
114713,S135,Streaming subscription,2,2025-01-02,30.24,C93154,United Kingdom,60.48
114714,S510,Streaming subscription,3,2025-01-02,35.47,C21345,United Kingdom,106.41
114716,S829,Streaming subscription,5,2025-01-02,30.44,C87050,United Kingdom,152.20000000000002
114717,S734,Streaming subscription,3,2025-01-02,35.62,C83288,United Kingdom,106.85999999999999
114718,S254,Streaming subscription,4,2025-01-02,38.85,C18089,United Kingdom,155.4
114719,S306,Streaming subscription,5,2025-01-02,40.0,C71494,United Kingdom,200.0
114702,S478,Streaming subscription,5,2025-01-02,15.79,C94055,France,78.94999999999999
114711,S802,Streaming subscription,3,2025-01-02,32.46,C80566,Germany,97.38
114701,S946,Streaming subscription,5,2025-01-02,29.93,C89311,France,149.65
114720,S296,Streaming subscription,2,2025-01-02,29.58,C57909,United Kingdom,59.16
114699,S103,Streaming subscription,3,2025-01-02,29.53,C65090,France,88.59
114681,S617,Streaming subscription,1,2025-01-02,25.86,C60245,Australia,25.86
114682,S499,Streaming subscription,3,2025-01-02,25.92,C14770,Australia,77.76
114683,S375,Streaming subscription,5,2025-01-02,25.73,C67088,Australia,128.65
114684,S293,Streaming subscription,3,2025-01-02,23.56,C65936,Australia,70.67999999999999
114685,S754,Streaming subscription,4,2025-01-02,20.44,C94526,Australia,81.76
114686,S906,Streaming subscription,2,2025-01-02,22.65,C58012,Australia,45.3
114687,S589,Streaming subscription,4,2025-01-02,21.98,C28678,Australia,87.92
114688,S865,Streaming subscription,1,2025-01-02,26.89,C65941,Australia,26.89
114689,S665,Streaming subscription,3,2025-01-02,18.56,C77603,Canada,55.67999999999999
114700,S654,Streaming subscription,1,2025-01-02,21.25,C94353,France,21.25
114691,S572,Streaming subscription,1,2025-01-02,17.87,C78537,Canada,17.87
114692,S542,Streaming subscription,1,2025-01-02,20.1,C62846,Canada,20.1
114693,S698,Streaming subscription,2,2025-01-02,18.3,C17683,Canada,36.6
114694,S614,Streaming subscription,1,2025-01-02,18.18,C75300,Canada,18.18
114695,S786,Streaming subscription,2,2025-01-02,9.99,C51655,Canada,19.98
114696,S589,Streaming subscription,1,2025-01-02,14.02,C15145,Canada,14.02
114697,S100,Streaming subscription,1,2025-01-02,31.02,C60746,France,31.02
114698,S651,Streaming subscription,1,2025-01-02,27.13,C89602,France,27.13
114690,S454,Streaming subscription,3,2025-01-02,25.08,C17523,Canada,75.24
114748,S530,Streaming subscription,2,2025-01-03,26.35,C60152,Germany,52.7
114747,S303,Streaming subscription,1,2025-01-03,31.93,C57533,Germany,31.93
114743,S304,Streaming subscription,-1,2025-01-03,25.23,C18759,France,-25.23
114745,S560,Streaming subscription,5,2025-01-03,29.7,C22061,Germany,148.5
114744,S886,Streaming subscription,3,2025-01-03,23.85,C63613,France,71.55000000000001
114749,S953,Streaming subscription,3,2025-01-03,26.87,C93831,Germany,80.61
114746,S192,Streaming subscription,4,2025-01-03,28.27,C26520,Germany,113.08
114750,S420,Streaming subscription,4,2025-01-03,27.49,C90150,Germany,109.96
114755,S338,Streaming subscription,1,2025-01-03,32.33,C33493,United Kingdom,32.33
114752,S492,Streaming subscription,2,2025-01-03,37.14,C19089,Germany,74.28
114753,S893,Streaming subscription,5,2025-01-03,31.69,C27349,United Kingdom,158.45000000000002
114754,S478,Streaming subscription,5,2025-01-03,28.18,C42247,United Kingdom,140.9
114756,S157,Streaming subscription,3,2025-01-03,35.28,C24641,United Kingdom,105.84
114757,S793,Streaming subscription,-2,2025-01-03,34.92,C15395,United Kingdom,-69.84
114758,S669,Streaming subscription,2,2025-01-03,33.37,C22107,United Kingdom,66.74
114759,S816,Streaming subscription,3,2025-01-03,38.8,C22944,United Kingdom,116.39999999999999
114742,S595,Streaming subscription,4,2025-01-03,30.28,C60121,France,121.12
114751,S121,Streaming subscription,5,2025-01-03,28.28,C55733,Germany,141.4
114741,S369,Streaming subscription,-1,2025-01-03,26.64,C92370,France,-26.64
114760,S864,Streaming subscription,2,2025-01-03,33.71,C40650,United Kingdom,67.42
114739,S336,Streaming subscription,1,2025-01-03,24.18,C23366,France,24.18
114740,S331,Streaming subscription,1,2025-01-03,22.66,C58646,France,22.66
114721,S563,Streaming subscription,3,2025-01-03,30.83,C49535,Australia,92.49
114722,S342,Streaming subscription,5,2025-01-03,26.28,C52932,Australia,131.4
114723,S930,Streaming subscription,4,2025-01-03,20.72,C82757,Australia,82.88
114724,S617,Streaming subscription,1,2025-01-03,13.48,C38156,Australia,13.48
114725,S839,Streaming subscription,2,2025-01-03,26.4,C42221,Australia,52.8
114727,S814,Streaming subscription,2,2025-01-03,26.34,C63106,Australia,52.68
114728,S459,Streaming subscription,5,2025-01-03,24.93,C22880,Australia,124.65
114729,S934,Streaming subscription,4,2025-01-03,21.93,C50403,Canada,87.72
114726,S315,Streaming subscription,1,2025-01-03,21.99,C49492,Australia,21.99
114731,S511,Streaming subscription,1,2025-01-03,20.43,C55828,Canada,20.43
114730,S671,Streaming subscription,4,2025-01-03,20.78,C91094,Canada,83.12
114737,S723,Streaming subscription,1,2025-01-03,20.87,C25954,France,20.87
114736,S825,Streaming subscription,2,2025-01-03,17.71,C14903,Canada,35.42
114735,S331,Streaming subscription,2,2025-01-03,20.54,C80145,Canada,41.08
114738,S167,Streaming subscription,2,2025-01-03,28.52,C24084,France,57.04
114733,S632,Streaming subscription,3,2025-01-03,19.71,C29097,Canada,59.13
114732,S451,Streaming subscription,1,2025-01-03,20.66,C79406,Canada,20.66
114734,S873,Streaming subscription,3,2025-01-03,16.47,C68429,Canada,49.41
114782,S790,Streaming subscription,4,2025-01-04,22.88,C80731,France,91.52
114783,S715,Streaming subscription,-2,2025-01-04,24.88,C12943,France,-49.76
114784,S656,Streaming subscription,4,2025-01-04,25.52,C36723,France,102.08
114785,S334,Streaming subscription,4,2025-01-04,24.89,C13578,Germany,99.56
114787,S710,Streaming subscription,2,2025-01-04,25.6,C64390,Germany,51.2
114788,S733,Streaming subscription,3,2025-01-04,26.98,C86546,Germany,80.94
114789,S177,Streaming subscription,3,2025-01-04,23.75,C48716,Germany,71.25
114790,S669,Streaming subscription,4,2025-01-04,26.3,C24421,Germany,105.2
114791,S741,Streaming subscription,5,2025-01-04,22.46,C16079,Germany,112.30000000000001
114793,S285,Streaming subscription,4,2025-01-04,30.93,C79154,United Kingdom,123.72
114781,S115,Streaming subscription,1,2025-01-04,22.34,C65272,France,22.34
114795,S113,Streaming subscription,4,2025-01-04,30.15,C89173,United Kingdom,120.6
114796,S545,Streaming subscription,1,2025-01-04,32.08,C20052,United Kingdom,32.08
114797,S368,Streaming subscription,2,2025-01-04,18.12,C22931,United Kingdom,36.24
114798,S233,Streaming subscription,1,2025-01-04,27.42,C73598,United Kingdom,27.42
114799,S466,Streaming subscription,4,2025-01-04,33.77,C27995,United Kingdom,135.08
114800,S174,Streaming subscription,2,2025-01-04,24.71,C35837,United Kingdom,49.42
114792,S595,Streaming subscription,-1,2025-01-04,22.88,C13488,Germany,-22.88
114794,S273,Streaming subscription,2,2025-01-04,24.5,C48897,United Kingdom,49.0
114786,S834,Streaming subscription,2,2025-01-04,28.84,C93827,Germany,57.68
114778,S852,Streaming subscription,5,2025-01-04,26.29,C81477,France,131.45
114779,S309,Streaming subscription,5,2025-01-04,22.39,C69938,France,111.95
114761,S827,Streaming subscription,2,2025-01-04,16.1,C94808,Australia,32.2
114762,S528,Streaming subscription,2,2025-01-04,23.74,C96098,Australia,47.48
114763,S663,Streaming subscription,3,2025-01-04,21.24,C42833,Australia,63.72
114764,S710,Streaming subscription,2,2025-01-04,15.67,C70081,Australia,31.34
114765,S238,Streaming subscription,1,2025-01-04,10.23,C71049,Australia,10.23
114766,S404,Streaming subscription,4,2025-01-04,19.75,C93331,Australia,79.0
114767,S862,Streaming subscription,3,2025-01-04,18.3,C85845,Australia,54.900000000000006
114768,S139,Streaming subscription,4,2025-01-04,12.05,C82082,Australia,48.2
114780,S195,Streaming subscription,3,2025-01-04,21.64,C44366,France,64.92
114770,S461,Streaming subscription,2,2025-01-04,21.79,C23398,Canada,43.58
114769,S429,Streaming subscription,1,2025-01-04,22.01,C71314,Canada,22.01
114776,S806,Streaming subscription,4,2025-01-04,16.05,C49382,Canada,64.2
114775,S980,Streaming subscription,1,2025-01-04,15.74,C14378,Canada,15.74
114777,S549,Streaming subscription,2,2025-01-04,20.38,C60375,France,40.76
114773,S368,Streaming subscription,3,2025-01-04,18.51,C52016,Canada,55.53
114772,S381,Streaming subscription,5,2025-01-04,11.3,C95005,Canada,56.5
114771,S593,Streaming subscription,3,2025-01-04,16.2,C92627,Canada,48.599999999999994
114774,S443,Streaming subscription,2,2025-01-04,22.06,C81157,Canada,44.12
114822,S594,Streaming subscription,3,2025-01-05,24.83,C58043,France,74.49
114829,S663,Streaming subscription,1,2025-01-05,24.23,C23249,Germany,24.23
114823,S325,Streaming subscription,5,2025-01-05,22.58,C59717,France,112.89999999999999
114824,S580,Streaming subscription,3,2025-01-05,25.5,C27656,France,76.5
114825,S816,Streaming subscription,2,2025-01-05,28.02,C11681,Germany,56.04
114826,S462,Streaming subscription,-2,2025-01-05,22.64,C11231,Germany,-45.28
114827,S518,Streaming subscription,5,2025-01-05,23.6,C66588,Germany,118.0
114828,S278,Streaming subscription,5,2025-01-05,26.2,C51316,Germany,131.0
114830,S617,Streaming subscription,1,2025-01-05,21.87,C97351,Germany,21.87
114834,S359,Streaming subscription,3,2025-01-05,33.27,C73986,United Kingdom,99.81
114832,S482,Streaming subscription,2,2025-01-05,21.9,C36833,Germany,43.8
114833,S475,Streaming subscription,3,2025-01-05,25.85,C94324,United Kingdom,77.55000000000001
114835,S350,Streaming subscription,2,2025-01-05,29.2,C44475,United Kingdom,58.4
114836,S155,Streaming subscription,3,2025-01-05,29.95,C21479,United Kingdom,89.85
114837,S755,Streaming subscription,1,2025-01-05,26.78,C21255,United Kingdom,26.78
114838,S562,Streaming subscription,3,2025-01-05,32.4,C91781,United Kingdom,97.19999999999999
114839,S715,Streaming subscription,5,2025-01-05,25.04,C70535,United Kingdom,125.19999999999999
114821,S784,Streaming subscription,1,2025-01-05,21.52,C78643,France,21.52
114831,S460,Streaming subscription,5,2025-01-05,30.05,C87479,Germany,150.25
114840,S456,Streaming subscription,1,2025-01-05,29.78,C87589,United Kingdom,29.78
114820,S756,Streaming subscription,-1,2025-01-05,17.52,C69752,France,-17.52
114818,S124,Streaming subscription,3,2025-01-05,23.25,C76123,France,69.75
114801,S399,Streaming subscription,2,2025-01-05,17.39,C17481,Australia,34.78
114802,S398,Streaming subscription,5,2025-01-05,22.27,C46920,Australia,111.35
114803,S722,Streaming subscription,1,2025-01-05,19.86,C44990,Australia,19.86
114804,S983,Streaming subscription,4,2025-01-05,18.22,C71588,Australia,72.88
114805,S698,Streaming subscription,4,2025-01-05,16.29,C68724,Australia,65.16
114806,S374,Streaming subscription,3,2025-01-05,20.62,C41635,Australia,61.86
114807,S823,Streaming subscription,1,2025-01-05,25.88,C36516,Australia,25.88
114808,S430,Streaming subscription,2,2025-01-05,17.67,C96639,Australia,35.34
114819,S362,Streaming subscription,4,2025-01-05,22.97,C91340,France,91.88
114810,S845,Streaming subscription,4,2025-01-05,19.51,C35384,Canada,78.04
114817,S795,Streaming subscription,3,2025-01-05,13.45,C89517,France,40.349999999999994
114816,S190,Streaming subscription,5,2025-01-05,18.73,C51055,Canada,93.65
114815,S278,Streaming subscription,2,2025-01-05,18.9,C17745,Canada,37.8
114809,S374,Streaming subscription,3,2025-01-05,16.17,C19847,Canada,48.510000000000005
114813,S209,Streaming subscription,3,2025-01-05,16.27,C18040,Canada,48.81
114812,S833,Streaming subscription,4,2025-01-05,21.53,C69351,Canada,86.12
114811,S223,Streaming subscription,5,2025-01-05,14.35,C65813,Canada,71.75
114814,S768,Streaming subscription,2,2025-01-05,21.37,C19773,Canada,42.74
114870,S467,Streaming subscription,4,2025-01-06,30.57,C56543,Germany,122.28
114863,S387,Streaming subscription,1,2025-01-06,28.05,C29636,France,28.05
114864,S667,Streaming subscription,2,2025-01-06,13.58,C32011,France,27.16
114865,S349,Streaming subscription,5,2025-01-06,29.07,C91575,Germany,145.35
114867,S527,Streaming subscription,2,2025-01-06,23.56,C76317,Germany,47.12
114868,S171,Streaming subscription,5,2025-01-06,26.58,C96334,Germany,132.89999999999998
114869,S455,Streaming subscription,4,2025-01-06,24.63,C69366,Germany,98.52
114871,S435,Streaming subscription,2,2025-01-06,26.9,C50818,Germany,53.8
114876,S916,Streaming subscription,2,2025-01-06,30.99,C94133,United Kingdom,61.98
114873,S166,Streaming subscription,1,2025-01-06,32.7,C76834,United Kingdom,32.7
114874,S252,Streaming subscription,5,2025-01-06,32.73,C50211,United Kingdom,163.64999999999998
114875,S262,Streaming subscription,2,2025-01-06,32.46,C39470,United Kingdom,64.92
114862,S216,Streaming subscription,5,2025-01-06,26.65,C53611,France,133.25
114877,S623,Streaming subscription,-1,2025-01-06,33.83,C64401,United Kingdom,-33.83
114878,S557,Streaming subscription,1,2025-01-06,36.58,C77580,United Kingdom,36.58
114879,S984,Streaming subscription,1,2025-01-06,35.77,C26094,United Kingdom,35.77
114880,S865,Streaming subscription,3,2025-01-06,34.01,C17206,United Kingdom,102.03
114872,S692,Streaming subscription,4,2025-01-06,28.29,C50157,Germany,113.16
114861,S264,Streaming subscription,1,2025-01-06,25.24,C69437,France,25.24
114866,S191,Streaming subscription,4,2025-01-06,23.84,C64665,Germany,95.36
114859,S470,Streaming subscription,1,2025-01-06,31.71,C71911,France,31.71
114860,S214,Streaming subscription,4,2025-01-06,23.36,C42500,France,93.44
114842,S165,Streaming subscription,2,2025-01-06,20.14,C69065,Australia,40.28
114843,S443,Streaming subscription,4,2025-01-06,27.59,C65972,Australia,110.36
114844,S793,Streaming subscription,2,2025-01-06,33.13,C51184,Australia,66.26
114845,S368,Streaming subscription,3,2025-01-06,25.0,C69718,Australia,75.0
114846,S663,Streaming subscription,2,2025-01-06,28.93,C36733,Australia,57.86
114847,S143,Streaming subscription,2,2025-01-06,20.83,C99884,Australia,41.66
114848,S784,Streaming subscription,3,2025-01-06,25.48,C22219,Australia,76.44
114849,S546,Streaming subscription,3,2025-01-06,21.41,C37347,Canada,64.23
114841,S710,Streaming subscription,2,2025-01-06,23.15,C27696,Australia,46.3
114851,S871,Streaming subscription,4,2025-01-06,20.15,C18615,Canada,80.6
114850,S628,Streaming subscription,2,2025-01-06,13.25,C55205,Canada,26.5
114857,S416,Streaming subscription,2,2025-01-06,30.89,C72039,France,61.78
114856,S136,Streaming subscription,3,2025-01-06,18.13,C54100,Canada,54.39
114855,S439,Streaming subscription,1,2025-01-06,17.43,C50724,Canada,17.43
114858,S530,Streaming subscription,1,2025-01-06,22.53,C47553,France,22.53
114854,S620,Streaming subscription,4,2025-01-06,23.91,C53956,Canada,95.64
114853,S878,Streaming subscription,3,2025-01-06,21.3,C75200,Canada,63.900000000000006
114852,S864,Streaming subscription,3,2025-01-06,19.22,C94077,Canada,57.66
114910,S515,Streaming subscription,2,2025-01-07,18.91,C67074,Germany,37.82
114904,S245,Streaming subscription,3,2025-01-07,27.47,C13630,France,82.41
114905,S422,Streaming subscription,4,2025-01-07,27.14,C21582,Germany,108.56
114906,S757,Streaming subscription,5,2025-01-07,26.4,C32851,Germany,132.0
114907,S900,Streaming subscription,2,2025-01-07,26.09,C26247,Germany,52.18
114908,S573,Streaming subscription,1,2025-01-07,32.61,C84896,Germany,32.61
114909,S988,Streaming subscription,1,2025-01-07,31.56,C92546,Germany,31.56
114903,S104,Streaming subscription,1,2025-01-07,25.9,C43986,France,25.9
114911,S282,Streaming subscription,1,2025-01-07,33.16,C80914,Germany,33.16
114915,S912,Streaming subscription,2,2025-01-07,35.17,C28867,United Kingdom,70.34
114913,S123,Streaming subscription,1,2025-01-07,35.83,C55552,United Kingdom,35.83
114914,S772,Streaming subscription,3,2025-01-07,31.5,C87388,United Kingdom,94.5
114916,S185,Streaming subscription,2,2025-01-07,29.27,C88713,United Kingdom,58.54
114917,S599,Streaming subscription,4,2025-01-07,33.27,C26779,United Kingdom,133.08
114918,S906,Streaming subscription,3,2025-01-07,30.44,C77490,United Kingdom,91.32000000000001
114919,S212,Streaming subscription,4,2025-01-07,37.2,C49197,United Kingdom,148.8
114920,S551,Streaming subscription,5,2025-01-07,24.36,C32877,United Kingdom,121.8
114902,S532,Streaming subscription,2,2025-01-07,22.34,C69158,France,44.68
114912,S594,Streaming subscription,5,2025-01-07,29.62,C61151,Germany,148.1
114901,S161,Streaming subscription,5,2025-01-07,26.04,C16807,France,130.2
114886,S751,Streaming subscription,4,2025-01-07,13.21,C87443,Australia,52.84
114899,S137,Streaming subscription,2,2025-01-07,21.55,C90046,France,43.1
114900,S553,Streaming subscription,4,2025-01-07,24.61,C57370,France,98.44
114881,S869,Streaming subscription,5,2025-01-07,32.85,C82396,Australia,164.25
114882,S236,Streaming subscription,4,2025-01-07,23.31,C34039,Australia,93.24
114883,S341,Streaming subscription,3,2025-01-07,20.69,C77334,Australia,62.07000000000001
114884,S878,Streaming subscription,2,2025-01-07,22.3,C63729,Australia,44.6
114885,S370,Streaming subscription,4,2025-01-07,35.76,C49532,Australia,143.04
114887,S752,Streaming subscription,4,2025-01-07,21.57,C90307,Australia,86.28
114888,S291,Streaming subscription,3,2025-01-07,21.02,C81419,Australia,63.06
114889,S323,Streaming subscription,2,2025-01-07,22.01,C82974,Canada,44.02
114891,S889,Streaming subscription,4,2025-01-07,19.38,C27901,Canada,77.52
114892,S435,Streaming subscription,2,2025-01-07,14.03,C17037,Canada,28.06
114893,S315,Streaming subscription,4,2025-01-07,11.04,C86090,Canada,44.16
114894,S902,Streaming subscription,3,2025-01-07,24.56,C32039,Canada,73.67999999999999
114895,S856,Streaming subscription,3,2025-01-07,24.45,C48814,Canada,73.35
114896,S547,Streaming subscription,2,2025-01-07,20.83,C69540,Canada,41.66
114897,S894,Streaming subscription,2,2025-01-07,20.81,C75353,France,41.62
114898,S713,Streaming subscription,1,2025-01-07,24.6,C76527,France,24.6
114890,S772,Streaming subscription,5,2025-01-07,13.77,C38149,Canada,68.85
114948,S851,Streaming subscription,4,2025-01-08,28.9,C10632,Germany,115.6
114949,S449,Streaming subscription,4,2025-01-08,25.57,C82662,Germany,102.28
114947,S363,Streaming subscription,1,2025-01-08,30.34,C77517,Germany,30.34
114943,S248,Streaming subscription,3,2025-01-08,21.42,C55334,France,64.26
114945,S494,Streaming subscription,5,2025-01-08,29.87,C70988,Germany,149.35
114944,S301,Streaming subscription,5,2025-01-08,20.41,C14417,France,102.05
114950,S647,Streaming subscription,-2,2025-01-08,30.0,C14594,Germany,-60.0
114946,S639,Streaming subscription,3,2025-01-08,28.31,C84875,Germany,84.92999999999999
114951,S983,Streaming subscription,1,2025-01-08,29.72,C32124,Germany,29.72
114959,S607,Streaming subscription,3,2025-01-08,35.06,C30884,United Kingdom,105.18
114953,S773,Streaming subscription,2,2025-01-08,33.14,C80450,United Kingdom,66.28
114954,S396,Streaming subscription,2,2025-01-08,35.57,C29051,United Kingdom,71.14
114960,S902,Streaming subscription,4,2025-01-08,32.65,C70684,United Kingdom,130.6
114955,S295,Streaming subscription,1,2025-01-08,34.1,C67667,United Kingdom,34.1
114956,S860,Streaming subscription,-2,2025-01-08,38.4,C30886,United Kingdom,-76.8
114957,S684,Streaming subscription,4,2025-01-08,38.97,C43782,United Kingdom,155.88
114958,S527,Streaming subscription,3,2025-01-08,40.0,C46575,United Kingdom,120.0
114942,S895,Streaming subscription,5,2025-01-08,23.92,C64693,France,119.60000000000001
114952,S779,Streaming subscription,4,2025-01-08,28.87,C94979,Germany,115.48
114941,S337,Streaming subscription,4,2025-01-08,23.04,C27558,France,92.16
114926,S902,Streaming subscription,-1,2025-01-08,17.35,C69154,Australia,-17.35
114939,S854,Streaming subscription,3,2025-01-08,19.3,C68828,France,57.900000000000006
114940,S831,Streaming subscription,4,2025-01-08,21.05,C22523,France,84.2
114922,S296,Streaming subscription,2,2025-01-08,19.97,C56967,Australia,39.94
114923,S382,Streaming subscription,4,2025-01-08,21.81,C83064,Australia,87.24
114924,S792,Streaming subscription,5,2025-01-08,18.9,C30416,Australia,94.5
114925,S827,Streaming subscription,1,2025-01-08,22.35,C46625,Australia,22.35
114927,S735,Streaming subscription,3,2025-01-08,16.86,C39840,Australia,50.58
114928,S156,Streaming subscription,1,2025-01-08,11.99,C80657,Australia,11.99
114929,S622,Streaming subscription,2,2025-01-08,22.87,C90835,Canada,45.74
114921,S454,Streaming subscription,3,2025-01-08,28.13,C93034,Australia,84.39
114931,S244,Streaming subscription,4,2025-01-08,22.89,C29893,Canada,91.56
114932,S930,Streaming subscription,5,2025-01-08,19.21,C89786,Canada,96.05000000000001
114933,S278,Streaming subscription,2,2025-01-08,15.51,C53344,Canada,31.02
114934,S333,Streaming subscription,3,2025-01-08,15.78,C40992,Canada,47.339999999999996
114935,S244,Streaming subscription,4,2025-01-08,13.18,C87212,Canada,52.72
114936,S562,Streaming subscription,2,2025-01-08,17.1,C27986,Canada,34.2
114937,S435,Streaming subscription,2,2025-01-08,25.33,C31567,France,50.66
114938,S818,Streaming subscription,5,2025-01-08,24.63,C81046,France,123.14999999999999
114930,S364,Streaming subscription,4,2025-01-08,18.83,C18883,Canada,75.32
114988,S407,Streaming subscription,5,2025-01-09,27.89,C76277,Germany,139.45
114987,S525,Streaming subscription,5,2025-01-09,24.74,C66935,Germany,123.69999999999999
114983,S737,Streaming subscription,4,2025-01-09,24.09,C12510,France,96.36
114984,S206,Streaming subscription,3,2025-01-09,22.11,C41451,France,66.33
114989,S214,Streaming subscription,3,2025-01-09,29.49,C92227,Germany,88.47
114982,S475,Streaming subscription,1,2025-01-09,20.33,C69930,France,20.33
114985,S515,Streaming subscription,5,2025-01-09,28.09,C17860,Germany,140.45
114990,S281,Streaming subscription,4,2025-01-09,34.25,C70815,Germany,137.0
114994,S508,Streaming subscription,4,2025-01-09,30.56,C37186,United Kingdom,122.24
114992,S452,Streaming subscription,5,2025-01-09,30.85,C68278,Germany,154.25
114993,S825,Streaming subscription,1,2025-01-09,35.04,C73144,United Kingdom,35.04
114995,S199,Streaming subscription,1,2025-01-09,32.13,C37061,United Kingdom,32.13
114996,S636,Streaming subscription,3,2025-01-09,30.24,C33797,United Kingdom,90.72
114997,S669,Streaming subscription,5,2025-01-09,32.97,C97266,United Kingdom,164.85
114998,S681,Streaming subscription,3,2025-01-09,30.8,C58889,United Kingdom,92.4
114999,S761,Streaming subscription,5,2025-01-09,26.59,C53135,United Kingdom,132.95
115000,S673,Streaming subscription,2,2025-01-09,31.27,C77699,United Kingdom,62.54
114991,S704,Streaming subscription,1,2025-01-09,22.55,C52675,Germany,22.55
114980,S465,Streaming subscription,1,2025-01-09,30.24,C57741,France,30.24
114986,S157,Streaming subscription,1,2025-01-09,31.82,C84111,Germany,31.82
114978,S384,Streaming subscription,-1,2025-01-09,31.37,C11867,France,-31.37
114979,S326,Streaming subscription,4,2025-01-09,21.99,C40823,France,87.96
114961,S425,Streaming subscription,2,2025-01-09,23.06,C97545,Australia,46.12
114962,S379,Streaming subscription,1,2025-01-09,24.38,C36798,Australia,24.38
114963,S390,Streaming subscription,3,2025-01-09,17.05,C42233,Australia,51.150000000000006
114964,S366,Streaming subscription,5,2025-01-09,21.41,C78562,Australia,107.05
114965,S332,Streaming subscription,3,2025-01-09,17.58,C26992,Australia,52.739999999999995
114966,S302,Streaming subscription,-1,2025-01-09,27.5,C76261,Australia,-27.5
114967,S859,Streaming subscription,5,2025-01-09,19.33,C23203,Australia,96.64999999999999
114968,S956,Streaming subscription,3,2025-01-09,19.69,C88137,Australia,59.07000000000001
114981,S417,Streaming subscription,1,2025-01-09,25.6,C73101,France,25.6
114970,S764,Streaming subscription,3,2025-01-09,15.07,C18397,Canada,45.21
114969,S952,Streaming subscription,5,2025-01-09,20.03,C40968,Canada,100.15
114976,S657,Streaming subscription,1,2025-01-09,16.57,C74301,Canada,16.57
114975,S312,Streaming subscription,2,2025-01-09,15.29,C21373,Canada,30.58
114977,S697,Streaming subscription,4,2025-01-09,23.26,C24622,France,93.04
114973,S310,Streaming subscription,1,2025-01-09,17.47,C34930,Canada,17.47
114972,S884,Streaming subscription,1,2025-01-09,25.66,C32838,Canada,25.66
114971,S853,Streaming subscription,1,2025-01-09,20.66,C82377,Canada,20.66
114974,S133,Streaming subscription,3,2025-01-09,26.45,C47718,Canada,79.35
115022,S770,Streaming subscription,1,2025-01-10,28.07,C59809,France,28.07
115029,S415,Streaming subscription,4,2025-01-10,33.62,C99877,Germany,134.48
115023,S836,Streaming subscription,1,2025-01-10,25.98,C32028,France,25.98
115024,S214,Streaming subscription,3,2025-01-10,22.03,C52233,France,66.09
115025,S573,Streaming subscription,5,2025-01-10,27.23,C95844,Germany,136.15
115026,S870,Streaming subscription,1,2025-01-10,34.13,C35129,Germany,34.13
115027,S997,Streaming subscription,3,2025-01-10,26.39,C41600,Germany,79.17
115028,S517,Streaming subscription,4,2025-01-10,30.17,C85149,Germany,120.68
115030,S275,Streaming subscription,3,2025-01-10,27.03,C89794,Germany,81.09
115034,S608,Streaming subscription,4,2025-01-10,34.8,C88469,United Kingdom,139.2
115032,S651,Streaming subscription,3,2025-01-10,27.44,C55790,Germany,82.32000000000001
115033,S665,Streaming subscription,4,2025-01-10,34.64,C48121,United Kingdom,138.56
115035,S778,Streaming subscription,4,2025-01-10,30.09,C46508,United Kingdom,120.36
115036,S832,Streaming subscription,4,2025-01-10,26.24,C55337,United Kingdom,104.96
115037,S842,Streaming subscription,1,2025-01-10,35.69,C34242,United Kingdom,35.69
115038,S359,Streaming subscription,3,2025-01-10,38.09,C60473,United Kingdom,114.27000000000001
115039,S294,Streaming subscription,2,2025-01-10,28.26,C33281,United Kingdom,56.52
115040,S777,Streaming subscription,5,2025-01-10,23.73,C53159,United Kingdom,118.65
115031,S593,Streaming subscription,5,2025-01-10,33.84,C14543,Germany,169.20000000000002
115021,S201,Streaming subscription,2,2025-01-10,27.57,C61127,France,55.14
115020,S141,Streaming subscription,4,2025-01-10,25.03,C53953,France,100.12
115018,S660,Streaming subscription,5,2025-01-10,26.31,C65237,France,131.54999999999998
115019,S967,Streaming subscription,5,2025-01-10,24.28,C63458,France,121.4
115001,S263,Streaming subscription,1,2025-01-10,24.88,C51123,Australia,24.88
115002,S261,Streaming subscription,3,2025-01-10,21.47,C44348,Australia,64.41
115003,S260,Streaming subscription,5,2025-01-10,20.85,C67297,Australia,104.25
115004,S478,Streaming subscription,5,2025-01-10,22.02,C34747,Australia,110.1
115006,S563,Streaming subscription,5,2025-01-10,23.33,C29798,Australia,116.64999999999999
115007,S646,Streaming subscription,2,2025-01-10,25.64,C81877,Australia,51.28
115008,S910,Streaming subscription,4,2025-01-10,20.77,C97436,Australia,83.08
115005,S188,Streaming subscription,2,2025-01-10,23.87,C82287,Australia,47.74
115010,S590,Streaming subscription,1,2025-01-10,21.02,C22357,Canada,21.02
115009,S540,Streaming subscription,3,2025-01-10,21.51,C84146,Canada,64.53
115016,S685,Streaming subscription,3,2025-01-10,19.83,C94774,Canada,59.489999999999995
115015,S451,Streaming subscription,5,2025-01-10,18.65,C39473,Canada,93.25
115014,S227,Streaming subscription,1,2025-01-10,18.09,C99744,Canada,18.09
115017,S139,Streaming subscription,4,2025-01-10,24.18,C62431,France,96.72
115012,S391,Streaming subscription,3,2025-01-10,16.73,C15707,Canada,50.19
115011,S334,Streaming subscription,1,2025-01-10,19.46,C25418,Canada,19.46
115013,S858,Streaming subscription,2,2025-01-10,23.63,C66864,Canada,47.26
115070,S170,Streaming subscription,1,2025-01-11,22.68,C44475,Germany,22.68
115063,S584,Streaming subscription,5,2025-01-11,14.21,C96462,France,71.05000000000001
115064,S570,Streaming subscription,5,2025-01-11,14.66,C47166,France,73.3
115065,S843,Streaming subscription,1,2025-01-11,31.81,C34359,Germany,31.81
115066,S771,Streaming subscription,2,2025-01-11,27.65,C23784,Germany,55.3
115067,S998,Streaming subscription,4,2025-01-11,28.42,C56820,Germany,113.68
115068,S798,Streaming subscription,5,2025-01-11,28.11,C76368,Germany,140.55
115069,S578,Streaming subscription,5,2025-01-11,25.19,C22925,Germany,125.95
115071,S281,Streaming subscription,4,2025-01-11,27.57,C74172,Germany,110.28
115080,S650,Streaming subscription,4,2025-01-11,27.56,C39150,United Kingdom,110.24
115073,S309,Streaming subscription,-2,2025-01-11,27.99,C18889,United Kingdom,-55.98
115074,S925,Streaming subscription,3,2025-01-11,28.45,C89126,United Kingdom,85.35
115075,S926,Streaming subscription,2,2025-01-11,23.49,C64075,United Kingdom,46.98
115076,S620,Streaming subscription,1,2025-01-11,31.5,C36881,United Kingdom,31.5
115077,S896,Streaming subscription,-1,2025-01-11,28.68,C28638,United Kingdom,-28.68
115078,S772,Streaming subscription,2,2025-01-11,26.2,C12414,United Kingdom,52.4
115079,S885,Streaming subscription,3,2025-01-11,26.71,C67163,United Kingdom,80.13
115062,S269,Streaming subscription,1,2025-01-11,25.87,C47718,France,25.87
115072,S331,Streaming subscription,1,2025-01-11,27.54,C91133,Germany,27.54
115061,S334,Streaming subscription,-1,2025-01-11,26.27,C53879,France,-26.27
115060,S831,Streaming subscription,4,2025-01-11,11.41,C75023,France,45.64
115059,S674,Streaming subscription,5,2025-01-11,17.47,C73244,France,87.35
115042,S145,Streaming subscription,5,2025-01-11,19.36,C49902,Australia,96.8
115043,S691,Streaming subscription,1,2025-01-11,15.4,C52777,Australia,15.4
115044,S516,Streaming subscription,4,2025-01-11,20.16,C33732,Australia,80.64
115045,S489,Streaming subscription,3,2025-01-11,19.87,C93001,Australia,59.61
115046,S673,Streaming subscription,1,2025-01-11,21.86,C99217,Australia,21.86
115047,S218,Streaming subscription,4,2025-01-11,21.8,C26498,Australia,87.2
115048,S134,Streaming subscription,4,2025-01-11,20.49,C98008,Australia,81.96
115049,S185,Streaming subscription,1,2025-01-11,12.61,C51620,Canada,12.61
115041,S687,Streaming subscription,3,2025-01-11,19.61,C52829,Australia,58.83
115051,S249,Streaming subscription,3,2025-01-11,18.68,C58242,Canada,56.04
115052,S973,Streaming subscription,3,2025-01-11,13.25,C30166,Canada,39.75
115053,S237,Streaming subscription,3,2025-01-11,17.13,C18864,Canada,51.39
115054,S337,Streaming subscription,3,2025-01-11,13.48,C97312,Canada,40.44
115055,S780,Streaming subscription,5,2025-01-11,18.45,C46174,Canada,92.25
115056,S766,Streaming subscription,1,2025-01-11,17.49,C84218,Canada,17.49
115057,S586,Streaming subscription,5,2025-01-11,17.19,C63503,France,85.95
115058,S427,Streaming subscription,3,2025-01-11,19.86,C80695,France,59.58
115050,S708,Streaming subscription,1,2025-01-11,13.23,C28059,Canada,13.23
115108,S483,Streaming subscription,5,2025-01-12,21.71,C52770,Germany,108.55000000000001
115107,S930,Streaming subscription,5,2025-01-12,27.73,C68439,Germany,138.65
115103,S593,Streaming subscription,5,2025-01-12,20.45,C14380,France,102.25
115105,S316,Streaming subscription,4,2025-01-12,23.28,C90492,Germany,93.12
115104,S319,Streaming subscription,3,2025-01-12,21.47,C87293,France,64.41
115109,S972,Streaming subscription,1,2025-01-12,21.63,C91077,Germany,21.63
115106,S162,Streaming subscription,4,2025-01-12,24.1,C93632,Germany,96.4
115110,S755,Streaming subscription,1,2025-01-12,20.16,C21194,Germany,20.16
115115,S403,Streaming subscription,1,2025-01-12,25.25,C19303,United Kingdom,25.25
115112,S937,Streaming subscription,4,2025-01-12,26.08,C14288,Germany,104.32
115113,S238,Streaming subscription,2,2025-01-12,23.46,C46130,United Kingdom,46.92
115114,S317,Streaming subscription,5,2025-01-12,32.89,C27382,United Kingdom,164.45
115116,S814,Streaming subscription,3,2025-01-12,34.97,C85298,United Kingdom,104.91
115117,S445,Streaming subscription,2,2025-01-12,20.97,C87429,United Kingdom,41.94
115118,S285,Streaming subscription,2,2025-01-12,27.71,C34727,United Kingdom,55.42
115119,S442,Streaming subscription,2,2025-01-12,29.59,C83808,United Kingdom,59.18
115102,S605,Streaming subscription,3,2025-01-12,18.67,C16748,France,56.010000000000005
115111,S335,Streaming subscription,1,2025-01-12,27.8,C66847,Germany,27.8
115101,S197,Streaming subscription,-1,2025-01-12,23.25,C62416,France,-23.25
115120,S512,Streaming subscription,3,2025-01-12,29.83,C78213,United Kingdom,89.49
115099,S742,Streaming subscription,5,2025-01-12,21.56,C11930,France,107.8
115081,S983,Streaming subscription,4,2025-01-12,25.84,C48895,Australia,103.36
115082,S836,Streaming subscription,5,2025-01-12,22.01,C82999,Australia,110.05000000000001
115083,S223,Streaming subscription,4,2025-01-12,22.69,C19984,Australia,90.76
115084,S250,Streaming subscription,5,2025-01-12,17.27,C51880,Australia,86.35
115085,S698,Streaming subscription,4,2025-01-12,20.89,C76876,Australia,83.56
115086,S427,Streaming subscription,5,2025-01-12,17.62,C60853,Australia,88.10000000000001
115087,S729,Streaming subscription,-2,2025-01-12,19.8,C86482,Australia,-39.6
115088,S840,Streaming subscription,1,2025-01-12,18.81,C54525,Australia,18.81
115089,S812,Streaming subscription,3,2025-01-12,15.31,C85874,Canada,45.93
115100,S679,Streaming subscription,4,2025-01-12,18.97,C21434,France,75.88
115091,S733,Streaming subscription,2,2025-01-12,15.07,C97226,Canada,30.14
115092,S316,Streaming subscription,3,2025-01-12,13.97,C48120,Canada,41.910000000000004
115093,S544,Streaming subscription,4,2025-01-12,21.16,C62098,Canada,84.64
115094,S860,Streaming subscription,4,2025-01-12,15.01,C44729,Canada,60.04
115095,S375,Streaming subscription,2,2025-01-12,18.41,C67761,Canada,36.82
115096,S124,Streaming subscription,2,2025-01-12,16.89,C85270,Canada,33.78
115097,S841,Streaming subscription,3,2025-01-12,24.69,C38685,France,74.07000000000001
115098,S212,Streaming subscription,1,2025-01-12,21.04,C12766,France,21.04
115090,S141,Streaming subscription,2,2025-01-12,17.82,C72749,Canada,35.64
115148,S197,Streaming subscription,4,2025-01-13,35.71,C93623,Germany,142.84
115147,S369,Streaming subscription,4,2025-01-13,32.32,C32246,Germany,129.28
115143,S509,Streaming subscription,5,2025-01-13,23.93,C13765,France,119.65
115145,S286,Streaming subscription,5,2025-01-13,33.71,C87269,Germany,168.55
115144,S720,Streaming subscription,2,2025-01-13,23.45,C37660,France,46.9
115149,S879,Streaming subscription,3,2025-01-13,28.52,C66793,Germany,85.56
115146,S787,Streaming subscription,5,2025-01-13,30.06,C85448,Germany,150.29999999999998
115150,S925,Streaming subscription,5,2025-01-13,28.43,C28376,Germany,142.15
115155,S772,Streaming subscription,1,2025-01-13,36.62,C70101,United Kingdom,36.62
115152,S170,Streaming subscription,3,2025-01-13,28.4,C67835,Germany,85.19999999999999
115153,S888,Streaming subscription,3,2025-01-13,30.07,C17611,United Kingdom,90.21000000000001
115154,S522,Streaming subscription,4,2025-01-13,31.24,C39106,United Kingdom,124.96
115156,S682,Streaming subscription,3,2025-01-13,37.6,C93825,United Kingdom,112.80000000000001
115157,S448,Streaming subscription,3,2025-01-13,30.91,C90749,United Kingdom,92.73
115158,S878,Streaming subscription,4,2025-01-13,40.0,C76179,United Kingdom,160.0
115159,S648,Streaming subscription,5,2025-01-13,35.93,C83636,United Kingdom,179.65
115142,S564,Streaming subscription,1,2025-01-13,25.92,C16385,France,25.92
115151,S720,Streaming subscription,1,2025-01-13,27.94,C32777,Germany,27.94
115141,S544,Streaming subscription,1,2025-01-13,29.06,C24208,France,29.06
115160,S332,Streaming subscription,3,2025-01-13,36.61,C82992,United Kingdom,109.83
115139,S529,Streaming subscription,3,2025-01-13,27.9,C80708,France,83.69999999999999
115121,S176,Streaming subscription,-2,2025-01-13,20.86,C27349,Australia,-41.72
115122,S184,Streaming subscription,4,2025-01-13,24.39,C32372,Australia,97.56
115123,S236,Streaming subscription,1,2025-01-13,21.08,C17457,Australia,21.08
115124,S876,Streaming subscription,2,2025-01-13,21.44,C14722,Australia,42.88
115125,S307,Streaming subscription,1,2025-01-13,24.03,C10361,Australia,24.03
115126,S325,Streaming subscription,1,2025-01-13,20.09,C71300,Australia,20.09
115127,S998,Streaming subscription,2,2025-01-13,26.34,C49948,Australia,52.68
115128,S357,Streaming subscription,2,2025-01-13,27.48,C61210,Australia,54.96
115129,S376,Streaming subscription,4,2025-01-13,18.51,C93547,Canada,74.04
115140,S263,Streaming subscription,4,2025-01-13,27.71,C93558,France,110.84
115131,S781,Streaming subscription,1,2025-01-13,20.98,C30051,Canada,20.98
115132,S116,Streaming subscription,2,2025-01-13,15.34,C10767,Canada,30.68
115133,S801,Streaming subscription,2,2025-01-13,13.68,C37940,Canada,27.36
115134,S607,Streaming subscription,3,2025-01-13,16.8,C45036,Canada,50.400000000000006
115135,S397,Streaming subscription,2,2025-01-13,21.15,C53842,Canada,42.3
115136,S590,Streaming subscription,5,2025-01-13,22.41,C61086,Canada,112.05
115137,S599,Streaming subscription,2,2025-01-13,30.67,C85190,France,61.34
115138,S211,Streaming subscription,4,2025-01-13,23.62,C84528,France,94.48
115130,S699,Streaming subscription,3,2025-01-13,19.7,C18778,Canada,59.099999999999994
115188,S870,Streaming subscription,4,2025-01-14,31.76,C77295,Germany,127.04
115187,S205,Streaming subscription,1,2025-01-14,25.92,C58032,Germany,25.92
115186,S480,Streaming subscription,5,2025-01-14,27.34,C44676,Germany,136.7
115182,S648,Streaming subscription,2,2025-01-14,35.28,C18192,France,70.56
115184,S675,Streaming subscription,4,2025-01-14,24.66,C71054,France,98.64
115183,S615,Streaming subscription,3,2025-01-14,25.74,C89971,France,77.22
115189,S116,Streaming subscription,2,2025-01-14,28.74,C76374,Germany,57.48
115185,S417,Streaming subscription,1,2025-01-14,33.01,C73913,Germany,33.01
115190,S113,Streaming subscription,2,2025-01-14,28.97,C95918,Germany,57.94
115194,S815,Streaming subscription,5,2025-01-14,36.98,C55065,United Kingdom,184.89999999999998
115192,S538,Streaming subscription,2,2025-01-14,30.58,C97265,Germany,61.16
115193,S363,Streaming subscription,2,2025-01-14,34.98,C47555,United Kingdom,69.96
115195,S228,Streaming subscription,2,2025-01-14,35.11,C83749,United Kingdom,70.22
115196,S390,Streaming subscription,4,2025-01-14,36.64,C13526,United Kingdom,146.56
115197,S839,Streaming subscription,3,2025-01-14,31.4,C99798,United Kingdom,94.19999999999999
115198,S723,Streaming subscription,3,2025-01-14,33.53,C16278,United Kingdom,100.59
115199,S579,Streaming subscription,3,2025-01-14,32.85,C63520,United Kingdom,98.55000000000001
115181,S603,Streaming subscription,4,2025-01-14,22.12,C71169,France,88.48
115191,S617,Streaming subscription,5,2025-01-14,32.88,C37720,Germany,164.4
115200,S760,Streaming subscription,4,2025-01-14,27.66,C43688,United Kingdom,110.64
115180,S106,Streaming subscription,1,2025-01-14,22.59,C97467,France,22.59
115178,S142,Streaming subscription,3,2025-01-14,29.85,C34458,France,89.55000000000001
115179,S685,Streaming subscription,1,2025-01-14,23.31,C62879,France,23.31
115161,S941,Streaming subscription,5,2025-01-14,26.08,C38138,Australia,130.39999999999998
115162,S119,Streaming subscription,3,2025-01-14,25.44,C45511,Australia,76.32000000000001
115163,S734,Streaming subscription,3,2025-01-14,28.38,C41984,Australia,85.14
115164,S398,Streaming subscription,2,2025-01-14,28.99,C47815,Australia,57.98
115166,S255,Streaming subscription,4,2025-01-14,19.78,C64839,Australia,79.12
115167,S684,Streaming subscription,2,2025-01-14,24.35,C50813,Australia,48.7
115168,S690,Streaming subscription,4,2025-01-14,27.23,C65884,Australia,108.92
115165,S278,Streaming subscription,4,2025-01-14,22.03,C29852,Australia,88.12
115170,S800,Streaming subscription,4,2025-01-14,18.39,C26896,Canada,73.56
115169,S511,Streaming subscription,2,2025-01-14,24.53,C61858,Canada,49.06
115176,S295,Streaming subscription,-2,2025-01-14,16.28,C82254,Canada,-32.56
115175,S376,Streaming subscription,1,2025-01-14,20.71,C69576,Canada,20.71
115174,S673,Streaming subscription,3,2025-01-14,22.78,C60781,Canada,68.34
115177,S128,Streaming subscription,5,2025-01-14,20.6,C84615,France,103.0
115172,S985,Streaming subscription,5,2025-01-14,20.93,C30957,Canada,104.65
115171,S562,Streaming subscription,2,2025-01-14,20.92,C63568,Canada,41.84
115173,S683,Streaming subscription,2,2025-01-14,22.66,C40531,Canada,45.32
115229,S946,Streaming subscription,4,2025-01-15,37.21,C92365,Germany,148.84
115223,S668,Streaming subscription,5,2025-01-15,25.94,C93760,France,129.70000000000002
115224,S666,Streaming subscription,5,2025-01-15,27.26,C11481,France,136.3
115225,S274,Streaming subscription,3,2025-01-15,24.99,C24820,Germany,74.97
115226,S734,Streaming subscription,1,2025-01-15,22.88,C30677,Germany,22.88
115227,S478,Streaming subscription,4,2025-01-15,31.26,C91302,Germany,125.04
115228,S889,Streaming subscription,3,2025-01-15,29.11,C71156,Germany,87.33
115230,S277,Streaming subscription,5,2025-01-15,33.03,C22959,Germany,165.15
115222,S364,Streaming subscription,5,2025-01-15,26.97,C16010,France,134.85
115232,S932,Streaming subscription,5,2025-01-15,36.79,C89663,Germany,183.95
115233,S582,Streaming subscription,1,2025-01-15,31.15,C64204,United Kingdom,31.15
115234,S952,Streaming subscription,3,2025-01-15,29.38,C61055,United Kingdom,88.14
115235,S824,Streaming subscription,4,2025-01-15,38.87,C69653,United Kingdom,155.48
115236,S795,Streaming subscription,3,2025-01-15,31.7,C24127,United Kingdom,95.1
115237,S699,Streaming subscription,2,2025-01-15,32.21,C40759,United Kingdom,64.42
115238,S620,Streaming subscription,1,2025-01-15,30.51,C52779,United Kingdom,30.51
115239,S217,Streaming subscription,5,2025-01-15,33.36,C46506,United Kingdom,166.8
115240,S800,Streaming subscription,1,2025-01-15,35.93,C77010,United Kingdom,35.93
115221,S893,Streaming subscription,4,2025-01-15,21.8,C90537,France,87.2
115231,S178,Streaming subscription,4,2025-01-15,28.29,C25517,Germany,113.16
115219,S502,Streaming subscription,2,2025-01-15,27.78,C27318,France,55.56
115201,S896,Streaming subscription,1,2025-01-15,27.83,C20826,Australia,27.83
115202,S138,Streaming subscription,4,2025-01-15,23.42,C90366,Australia,93.68
115203,S676,Streaming subscription,5,2025-01-15,18.55,C23069,Australia,92.75
115204,S469,Streaming subscription,3,2025-01-15,22.77,C32084,Australia,68.31
115205,S324,Streaming subscription,4,2025-01-15,22.59,C28616,Australia,90.36
115206,S889,Streaming subscription,2,2025-01-15,16.52,C64127,Australia,33.04
115207,S858,Streaming subscription,1,2025-01-15,23.33,C10020,Australia,23.33
115208,S364,Streaming subscription,4,2025-01-15,28.84,C26622,Australia,115.36
115209,S418,Streaming subscription,4,2025-01-15,17.26,C25464,Canada,69.04
115220,S867,Streaming subscription,5,2025-01-15,24.58,C25382,France,122.89999999999999
115211,S682,Streaming subscription,3,2025-01-15,17.11,C10005,Canada,51.33
115212,S957,Streaming subscription,5,2025-01-15,18.58,C68766,Canada,92.89999999999999
115213,S205,Streaming subscription,4,2025-01-15,24.95,C82096,Canada,99.8
115214,S775,Streaming subscription,4,2025-01-15,11.93,C87279,Canada,47.72
115215,S284,Streaming subscription,2,2025-01-15,17.44,C10615,Canada,34.88
115216,S573,Streaming subscription,2,2025-01-15,19.81,C25643,Canada,39.62
115217,S459,Streaming subscription,1,2025-01-15,25.76,C77887,France,25.76
115218,S974,Streaming subscription,3,2025-01-15,27.78,C41161,France,83.34
115210,S263,Streaming subscription,3,2025-01-15,23.11,C74745,Canada,69.33
115269,S917,Streaming subscription,2,2025-01-16,34.22,C16637,Germany,68.44
115268,S985,Streaming subscription,4,2025-01-16,29.68,C52490,Germany,118.72
115267,S538,Streaming subscription,-2,2025-01-16,32.59,C70251,Germany,-65.18
115263,S245,Streaming subscription,3,2025-01-16,28.27,C34346,France,84.81
115265,S461,Streaming subscription,4,2025-01-16,30.74,C79913,Germany,122.96
115264,S420,Streaming subscription,3,2025-01-16,21.95,C78314,France,65.85
115270,S476,Streaming subscription,5,2025-01-16,31.29,C39611,Germany,156.45
115266,S666,Streaming subscription,-1,2025-01-16,29.25,C63761,Germany,-29.25
115271,S290,Streaming subscription,1,2025-01-16,27.57,C53295,Germany,27.57
115275,S712,Streaming subscription,1,2025-01-16,36.83,C19801,United Kingdom,36.83
115273,S610,Streaming subscription,1,2025-01-16,36.55,C65626,United Kingdom,36.55
115274,S524,Streaming subscription,1,2025-01-16,36.4,C96029,United Kingdom,36.4
115276,S434,Streaming subscription,3,2025-01-16,37.06,C90766,United Kingdom,111.18
115277,S574,Streaming subscription,1,2025-01-16,34.84,C21496,United Kingdom,34.84
115278,S864,Streaming subscription,2,2025-01-16,29.47,C22372,United Kingdom,58.94
115279,S742,Streaming subscription,3,2025-01-16,31.91,C65359,United Kingdom,95.73
115280,S453,Streaming subscription,3,2025-01-16,35.01,C74234,United Kingdom,105.03
115262,S829,Streaming subscription,2,2025-01-16,23.36,C58841,France,46.72
115272,S858,Streaming subscription,1,2025-01-16,34.54,C14680,Germany,34.54
115261,S226,Streaming subscription,4,2025-01-16,26.18,C40956,France,104.72
115260,S199,Streaming subscription,2,2025-01-16,27.81,C94283,France,55.62
115259,S291,Streaming subscription,5,2025-01-16,26.02,C21437,France,130.1
115242,S968,Streaming subscription,2,2025-01-16,27.18,C58378,Australia,54.36
115243,S735,Streaming subscription,5,2025-01-16,26.89,C98857,Australia,134.45
115244,S171,Streaming subscription,2,2025-01-16,27.46,C62316,Australia,54.92
115245,S739,Streaming subscription,2,2025-01-16,17.03,C95698,Australia,34.06
115246,S643,Streaming subscription,1,2025-01-16,22.52,C68551,Australia,22.52
115247,S613,Streaming subscription,1,2025-01-16,23.49,C20103,Australia,23.49
115248,S113,Streaming subscription,4,2025-01-16,20.13,C30084,Australia,80.52
115249,S809,Streaming subscription,3,2025-01-16,23.03,C29309,Canada,69.09
115241,S702,Streaming subscription,4,2025-01-16,27.7,C80089,Australia,110.8
115251,S372,Streaming subscription,-1,2025-01-16,17.13,C23053,Canada,-17.13
115252,S249,Streaming subscription,5,2025-01-16,16.48,C36157,Canada,82.4
115253,S967,Streaming subscription,3,2025-01-16,24.81,C36593,Canada,74.42999999999999
115254,S450,Streaming subscription,4,2025-01-16,19.44,C92347,Canada,77.76
115255,S814,Streaming subscription,4,2025-01-16,19.28,C62642,Canada,77.12
115256,S255,Streaming subscription,1,2025-01-16,20.81,C54500,Canada,20.81
115257,S505,Streaming subscription,2,2025-01-16,26.53,C43725,France,53.06
115258,S762,Streaming subscription,2,2025-01-16,25.2,C70735,France,50.4
115250,S314,Streaming subscription,1,2025-01-16,24.21,C32269,Canada,24.21
115308,S660,Streaming subscription,3,2025-01-17,28.2,C59210,Germany,84.6
115307,S136,Streaming subscription,1,2025-01-17,29.69,C47761,Germany,29.69
115303,S963,Streaming subscription,-2,2025-01-17,27.43,C57906,France,-54.86
115305,S686,Streaming subscription,5,2025-01-17,29.96,C51927,Germany,149.8
115304,S193,Streaming subscription,1,2025-01-17,22.94,C68548,France,22.94
115309,S783,Streaming subscription,-2,2025-01-17,28.95,C31206,Germany,-57.9
115306,S249,Streaming subscription,-1,2025-01-17,35.56,C97626,Germany,-35.56
115310,S928,Streaming subscription,4,2025-01-17,30.02,C25403,Germany,120.08
115315,S133,Streaming subscription,1,2025-01-17,28.27,C32044,United Kingdom,28.27
115312,S597,Streaming subscription,2,2025-01-17,31.57,C42971,Germany,63.14
115313,S927,Streaming subscription,2,2025-01-17,33.25,C53897,United Kingdom,66.5
115314,S134,Streaming subscription,1,2025-01-17,40.0,C24377,United Kingdom,40.0
115316,S671,Streaming subscription,3,2025-01-17,27.88,C61468,United Kingdom,83.64
115317,S752,Streaming subscription,5,2025-01-17,32.39,C65183,United Kingdom,161.95
115318,S556,Streaming subscription,5,2025-01-17,28.0,C74850,United Kingdom,140.0
115319,S290,Streaming subscription,5,2025-01-17,37.18,C69060,United Kingdom,185.9
115302,S316,Streaming subscription,4,2025-01-17,29.55,C29668,France,118.2
115311,S466,Streaming subscription,4,2025-01-17,32.62,C99199,Germany,130.48
115301,S736,Streaming subscription,5,2025-01-17,23.38,C84427,France,116.89999999999999
115320,S118,Streaming subscription,3,2025-01-17,35.99,C33101,United Kingdom,107.97
115299,S352,Streaming subscription,1,2025-01-17,24.33,C44147,France,24.33
115281,S239,Streaming subscription,5,2025-01-17,29.71,C11940,Australia,148.55
115282,S793,Streaming subscription,2,2025-01-17,24.94,C55293,Australia,49.88
115283,S215,Streaming subscription,5,2025-01-17,18.57,C93614,Australia,92.85
115284,S676,Streaming subscription,2,2025-01-17,25.37,C24440,Australia,50.74
115285,S844,Streaming subscription,2,2025-01-17,25.16,C45082,Australia,50.32
115286,S554,Streaming subscription,5,2025-01-17,31.28,C72248,Australia,156.4
115287,S621,Streaming subscription,2,2025-01-17,25.39,C99292,Australia,50.78
115288,S898,Streaming subscription,-1,2025-01-17,19.16,C99243,Australia,-19.16
115289,S423,Streaming subscription,-1,2025-01-17,24.71,C98085,Canada,-24.71
115300,S592,Streaming subscription,4,2025-01-17,20.73,C91113,France,82.92
115291,S144,Streaming subscription,-1,2025-01-17,23.14,C92365,Canada,-23.14
115292,S873,Streaming subscription,3,2025-01-17,13.81,C29914,Canada,41.43
115293,S662,Streaming subscription,1,2025-01-17,24.27,C70258,Canada,24.27
115294,S332,Streaming subscription,3,2025-01-17,14.12,C55422,Canada,42.36
115295,S313,Streaming subscription,1,2025-01-17,18.53,C71657,Canada,18.53
115296,S636,Streaming subscription,2,2025-01-17,15.63,C73836,Canada,31.26
115297,S792,Streaming subscription,1,2025-01-17,32.69,C22438,France,32.69
115298,S834,Streaming subscription,4,2025-01-17,25.24,C95377,France,100.96
115290,S279,Streaming subscription,1,2025-01-17,15.7,C47379,Canada,15.7
115348,S613,Streaming subscription,1,2025-01-18,22.8,C42640,Germany,22.8
115347,S327,Streaming subscription,4,2025-01-18,25.88,C93356,Germany,103.52
115343,S474,Streaming subscription,-2,2025-01-18,21.7,C89154,France,-43.4
115345,S834,Streaming subscription,2,2025-01-18,25.84,C83413,Germany,51.68
115344,S559,Streaming subscription,3,2025-01-18,16.91,C63922,France,50.730000000000004
115349,S386,Streaming subscription,2,2025-01-18,26.76,C49510,Germany,53.52
115346,S520,Streaming subscription,-1,2025-01-18,24.92,C11296,Germany,-24.92
115350,S302,Streaming subscription,4,2025-01-18,20.42,C47715,Germany,81.68
115355,S598,Streaming subscription,4,2025-01-18,34.71,C79488,United Kingdom,138.84
115352,S827,Streaming subscription,1,2025-01-18,25.41,C78034,Germany,25.41
115353,S512,Streaming subscription,2,2025-01-18,36.49,C86035,United Kingdom,72.98
115354,S470,Streaming subscription,1,2025-01-18,33.61,C80611,United Kingdom,33.61
115356,S119,Streaming subscription,3,2025-01-18,28.71,C50519,United Kingdom,86.13
115357,S945,Streaming subscription,4,2025-01-18,29.11,C28221,United Kingdom,116.44
115358,S591,Streaming subscription,1,2025-01-18,30.11,C11705,United Kingdom,30.11
115359,S719,Streaming subscription,1,2025-01-18,27.11,C66282,United Kingdom,27.11
115342,S734,Streaming subscription,3,2025-01-18,24.04,C61559,France,72.12
115351,S432,Streaming subscription,4,2025-01-18,28.69,C27389,Germany,114.76
115341,S996,Streaming subscription,4,2025-01-18,22.86,C63124,France,91.44
115360,S885,Streaming subscription,4,2025-01-18,28.97,C67451,United Kingdom,115.88
115339,S231,Streaming subscription,5,2025-01-18,23.64,C27460,France,118.2
115321,S178,Streaming subscription,5,2025-01-18,13.56,C20099,Australia,67.8
115322,S975,Streaming subscription,3,2025-01-18,24.01,C19193,Australia,72.03
115323,S219,Streaming subscription,-1,2025-01-18,19.71,C51117,Australia,-19.71
115324,S697,Streaming subscription,3,2025-01-18,15.34,C40757,Australia,46.019999999999996
115325,S148,Streaming subscription,2,2025-01-18,22.03,C42062,Australia,44.06
115326,S456,Streaming subscription,1,2025-01-18,18.35,C48368,Australia,18.35
115327,S383,Streaming subscription,4,2025-01-18,19.02,C93625,Australia,76.08
115328,S784,Streaming subscription,1,2025-01-18,18.17,C84648,Australia,18.17
115329,S805,Streaming subscription,5,2025-01-18,13.46,C60331,Canada,67.30000000000001
115340,S474,Streaming subscription,5,2025-01-18,23.44,C24634,France,117.2
115331,S937,Streaming subscription,2,2025-01-18,11.1,C81388,Canada,22.2
115332,S265,Streaming subscription,3,2025-01-18,13.24,C91594,Canada,39.72
115333,S316,Streaming subscription,2,2025-01-18,13.61,C58957,Canada,27.22
115334,S306,Streaming subscription,3,2025-01-18,12.48,C21436,Canada,37.44
115335,S196,Streaming subscription,1,2025-01-18,17.43,C41555,Canada,17.43
115336,S276,Streaming subscription,-2,2025-01-18,18.03,C41943,Canada,-36.06
115337,S639,Streaming subscription,4,2025-01-18,21.6,C36223,France,86.4
115338,S307,Streaming subscription,-1,2025-01-18,23.98,C24896,France,-23.98
115330,S903,Streaming subscription,3,2025-01-18,14.76,C60482,Canada,44.28
115388,S706,Streaming subscription,3,2025-01-19,33.39,C47170,Germany,100.17
115387,S707,Streaming subscription,4,2025-01-19,29.39,C29352,Germany,117.56
115386,S333,Streaming subscription,3,2025-01-19,21.95,C45597,Germany,65.85
115382,S921,Streaming subscription,3,2025-01-19,23.06,C64216,France,69.17999999999999
115384,S925,Streaming subscription,5,2025-01-19,20.82,C55305,France,104.1
115383,S396,Streaming subscription,2,2025-01-19,28.81,C15707,France,57.62
115389,S712,Streaming subscription,5,2025-01-19,20.93,C51801,Germany,104.65
115385,S843,Streaming subscription,2,2025-01-19,26.4,C21086,Germany,52.8
115390,S761,Streaming subscription,1,2025-01-19,33.7,C35935,Germany,33.7
115394,S255,Streaming subscription,2,2025-01-19,30.19,C32407,United Kingdom,60.38
115392,S455,Streaming subscription,-2,2025-01-19,24.57,C45033,Germany,-49.14
115393,S826,Streaming subscription,2,2025-01-19,30.34,C25815,United Kingdom,60.68
115395,S359,Streaming subscription,-1,2025-01-19,36.04,C21656,United Kingdom,-36.04
115396,S825,Streaming subscription,1,2025-01-19,31.18,C38728,United Kingdom,31.18
115397,S925,Streaming subscription,2,2025-01-19,32.58,C88030,United Kingdom,65.16
115398,S335,Streaming subscription,5,2025-01-19,34.31,C96790,United Kingdom,171.55
115399,S576,Streaming subscription,5,2025-01-19,33.45,C83741,United Kingdom,167.25
115381,S638,Streaming subscription,2,2025-01-19,24.02,C96267,France,48.04
115391,S541,Streaming subscription,1,2025-01-19,23.08,C12045,Germany,23.08
115400,S552,Streaming subscription,1,2025-01-19,30.54,C16600,United Kingdom,30.54
115380,S384,Streaming subscription,2,2025-01-19,19.45,C78154,France,38.9
115378,S244,Streaming subscription,2,2025-01-19,17.44,C80459,France,34.88
115379,S776,Streaming subscription,1,2025-01-19,28.82,C98995,France,28.82
115361,S222,Streaming subscription,2,2025-01-19,17.11,C92709,Australia,34.22
115362,S791,Streaming subscription,2,2025-01-19,22.7,C24787,Australia,45.4
115363,S973,Streaming subscription,3,2025-01-19,21.18,C70438,Australia,63.54
115364,S412,Streaming subscription,5,2025-01-19,20.35,C93994,Australia,101.75
115366,S377,Streaming subscription,5,2025-01-19,15.85,C88268,Australia,79.25
115367,S893,Streaming subscription,2,2025-01-19,14.02,C17005,Australia,28.04
115368,S614,Streaming subscription,5,2025-01-19,30.14,C50859,Australia,150.7
115365,S355,Streaming subscription,3,2025-01-19,22.35,C92468,Australia,67.05000000000001
115370,S227,Streaming subscription,3,2025-01-19,10.53,C34730,Canada,31.589999999999996
115371,S669,Streaming subscription,1,2025-01-19,14.35,C18401,Canada,14.35
115372,S606,Streaming subscription,2,2025-01-19,22.64,C75945,Canada,45.28
115373,S362,Streaming subscription,3,2025-01-19,17.63,C80765,Canada,52.89
115374,S469,Streaming subscription,1,2025-01-19,15.38,C72393,Canada,15.38
115375,S165,Streaming subscription,5,2025-01-19,14.14,C49142,Canada,70.7
115376,S318,Streaming subscription,2,2025-01-19,16.56,C82111,Canada,33.12
115369,S628,Streaming subscription,5,2025-01-19,17.08,C45954,Canada,85.39999999999999
115377,S840,Streaming subscription,3,2025-01-19,21.55,C39509,France,64.65
115429,S241,Streaming subscription,2,2025-01-20,32.21,C40874,Germany,64.42
115428,S871,Streaming subscription,1,2025-01-20,34.7,C31563,Germany,34.7
115427,S256,Streaming subscription,5,2025-01-20,32.42,C60172,Germany,162.10000000000002
115423,S224,Streaming subscription,3,2025-01-20,21.98,C54269,France,65.94
115425,S657,Streaming subscription,5,2025-01-20,33.1,C46585,Germany,165.5
115424,S584,Streaming subscription,4,2025-01-20,25.58,C20957,France,102.32
115430,S407,Streaming subscription,3,2025-01-20,29.95,C30525,Germany,89.85
115426,S569,Streaming subscription,3,2025-01-20,33.59,C75765,Germany,100.77000000000001
115431,S226,Streaming subscription,2,2025-01-20,28.68,C72343,Germany,57.36
115440,S409,Streaming subscription,2,2025-01-20,38.02,C34148,United Kingdom,76.04
115433,S576,Streaming subscription,3,2025-01-20,34.08,C15697,United Kingdom,102.24
115434,S166,Streaming subscription,3,2025-01-20,31.56,C40219,United Kingdom,94.67999999999999
115435,S903,Streaming subscription,5,2025-01-20,32.47,C36964,United Kingdom,162.35
115436,S829,Streaming subscription,4,2025-01-20,39.09,C25770,United Kingdom,156.36
115437,S823,Streaming subscription,5,2025-01-20,33.16,C88410,United Kingdom,165.79999999999998
115438,S624,Streaming subscription,2,2025-01-20,29.97,C95401,United Kingdom,59.94
115439,S809,Streaming subscription,2,2025-01-20,39.24,C95607,United Kingdom,78.48
115422,S524,Streaming subscription,5,2025-01-20,25.01,C92035,France,125.05000000000001
115432,S126,Streaming subscription,4,2025-01-20,33.33,C58056,Germany,133.32
115421,S879,Streaming subscription,3,2025-01-20,22.66,C38842,France,67.98
115420,S167,Streaming subscription,4,2025-01-20,29.73,C74651,France,118.92
115419,S478,Streaming subscription,3,2025-01-20,30.26,C72273,France,90.78
115402,S731,Streaming subscription,4,2025-01-20,22.68,C73676,Australia,90.72
115403,S592,Streaming subscription,2,2025-01-20,23.1,C56154,Australia,46.2
115404,S154,Streaming subscription,5,2025-01-20,30.73,C94130,Australia,153.65
115405,S883,Streaming subscription,-2,2025-01-20,21.8,C10799,Australia,-43.6
115406,S695,Streaming subscription,1,2025-01-20,25.39,C24012,Australia,25.39
115407,S835,Streaming subscription,5,2025-01-20,22.56,C49264,Australia,112.8
115408,S800,Streaming subscription,2,2025-01-20,26.18,C17791,Australia,52.36
115409,S912,Streaming subscription,5,2025-01-20,14.12,C28735,Canada,70.6
115401,S638,Streaming subscription,5,2025-01-20,26.67,C87717,Australia,133.35000000000002
115411,S475,Streaming subscription,4,2025-01-20,19.07,C92629,Canada,76.28
115412,S699,Streaming subscription,5,2025-01-20,22.44,C20289,Canada,112.2
115413,S872,Streaming subscription,4,2025-01-20,18.43,C34327,Canada,73.72
115414,S406,Streaming subscription,3,2025-01-20,27.16,C44943,Canada,81.48
115415,S195,Streaming subscription,5,2025-01-20,21.97,C12122,Canada,109.85
115416,S433,Streaming subscription,5,2025-01-20,21.69,C70336,Canada,108.45
115417,S115,Streaming subscription,5,2025-01-20,29.33,C10873,France,146.64999999999998
115418,S762,Streaming subscription,2,2025-01-20,26.9,C84106,France,53.8
115410,S298,Streaming subscription,4,2025-01-20,27.47,C98313,Canada,109.88
115469,S323,Streaming subscription,3,2025-01-21,31.58,C16539,Germany,94.74
115468,S477,Streaming subscription,2,2025-01-21,31.46,C52794,Germany,62.92
115464,S166,Streaming subscription,2,2025-01-21,28.82,C92409,France,57.64
115466,S572,Streaming subscription,3,2025-01-21,27.79,C33639,Germany,83.37
115465,S258,Streaming subscription,1,2025-01-21,28.7,C84343,Germany,28.7
115470,S224,Streaming subscription,5,2025-01-21,28.63,C56311,Germany,143.15
115467,S961,Streaming subscription,5,2025-01-21,38.38,C22807,Germany,191.9
115471,S919,Streaming subscription,3,2025-01-21,28.52,C30119,Germany,85.56
115476,S685,Streaming subscription,5,2025-01-21,35.46,C94940,United Kingdom,177.3
115473,S980,Streaming subscription,4,2025-01-21,36.36,C54286,United Kingdom,145.44
115474,S330,Streaming subscription,5,2025-01-21,36.41,C52563,United Kingdom,182.04999999999998
115475,S726,Streaming subscription,4,2025-01-21,40.0,C15146,United Kingdom,160.0
115477,S847,Streaming subscription,3,2025-01-21,36.48,C99682,United Kingdom,109.44
115478,S408,Streaming subscription,2,2025-01-21,37.56,C32491,United Kingdom,75.12
115479,S686,Streaming subscription,2,2025-01-21,39.82,C17058,United Kingdom,79.64
115480,S374,Streaming subscription,2,2025-01-21,38.44,C75821,United Kingdom,76.88
115463,S602,Streaming subscription,5,2025-01-21,27.89,C16972,France,139.45
115472,S489,Streaming subscription,1,2025-01-21,30.58,C96786,Germany,30.58
115462,S416,Streaming subscription,1,2025-01-21,22.07,C30754,France,22.07
115461,S273,Streaming subscription,2,2025-01-21,26.47,C26298,France,52.94
115441,S572,Streaming subscription,3,2025-01-21,26.94,C48607,Australia,80.82000000000001
115460,S617,Streaming subscription,1,2025-01-21,27.86,C81275,France,27.86
115442,S221,Streaming subscription,4,2025-01-21,28.02,C24893,Australia,112.08
115443,S957,Streaming subscription,2,2025-01-21,24.95,C20379,Australia,49.9
115444,S378,Streaming subscription,2,2025-01-21,18.23,C94894,Australia,36.46
115445,S476,Streaming subscription,5,2025-01-21,30.69,C90564,Australia,153.45000000000002
115447,S300,Streaming subscription,3,2025-01-21,22.23,C88888,Australia,66.69
115448,S743,Streaming subscription,4,2025-01-21,25.02,C43688,Australia,100.08
115449,S654,Streaming subscription,4,2025-01-21,23.88,C38787,Canada,95.52
115450,S165,Streaming subscription,4,2025-01-21,20.15,C24063,Canada,80.6
115446,S221,Streaming subscription,2,2025-01-21,19.3,C47241,Australia,38.6
115452,S561,Streaming subscription,3,2025-01-21,22.65,C62963,Canada,67.94999999999999
115451,S131,Streaming subscription,4,2025-01-21,18.3,C34864,Canada,73.2
115458,S686,Streaming subscription,4,2025-01-21,28.69,C75115,France,114.76
115457,S838,Streaming subscription,2,2025-01-21,24.94,C95001,France,49.88
115456,S466,Streaming subscription,3,2025-01-21,16.44,C31592,Canada,49.32000000000001
115459,S325,Streaming subscription,1,2025-01-21,33.14,C61686,France,33.14
115454,S523,Streaming subscription,5,2025-01-21,20.58,C44932,Canada,102.89999999999999
115453,S212,Streaming subscription,2,2025-01-21,18.67,C13147,Canada,37.34
115455,S947,Streaming subscription,1,2025-01-21,21.86,C99856,Canada,21.86
115510,S257,Streaming subscription,2,2025-01-22,28.92,C45511,Germany,57.84
115503,S456,Streaming subscription,2,2025-01-22,26.84,C68732,France,53.68
115504,S827,Streaming subscription,4,2025-01-22,27.1,C96330,France,108.4
115505,S809,Streaming subscription,3,2025-01-22,29.09,C64129,Germany,87.27
115506,S699,Streaming subscription,3,2025-01-22,26.75,C70139,Germany,80.25
115507,S488,Streaming subscription,3,2025-01-22,31.08,C98741,Germany,93.24
115508,S408,Streaming subscription,2,2025-01-22,33.9,C53395,Germany,67.8
115509,S674,Streaming subscription,3,2025-01-22,29.2,C38135,Germany,87.6
115511,S321,Streaming subscription,1,2025-01-22,35.26,C31813,Germany,35.26
115502,S221,Streaming subscription,3,2025-01-22,32.61,C28958,France,97.83
115513,S224,Streaming subscription,2,2025-01-22,40.0,C11766,United Kingdom,80.0
115514,S986,Streaming subscription,4,2025-01-22,36.96,C50699,United Kingdom,147.84
115515,S958,Streaming subscription,2,2025-01-22,31.93,C89772,United Kingdom,63.86
115516,S612,Streaming subscription,2,2025-01-22,40.0,C92659,United Kingdom,80.0
115517,S278,Streaming subscription,5,2025-01-22,40.0,C21987,United Kingdom,200.0
115518,S732,Streaming subscription,3,2025-01-22,38.01,C47252,United Kingdom,114.03
115519,S353,Streaming subscription,3,2025-01-22,38.15,C84862,United Kingdom,114.44999999999999
115520,S989,Streaming subscription,1,2025-01-22,36.15,C97860,United Kingdom,36.15
115512,S628,Streaming subscription,1,2025-01-22,31.93,C50774,Germany,31.93
115501,S352,Streaming subscription,4,2025-01-22,22.8,C26852,France,91.2
115481,S981,Streaming subscription,2,2025-01-22,29.24,C96315,Australia,58.48
115499,S202,Streaming subscription,5,2025-01-22,24.11,C11105,France,120.55
115500,S920,Streaming subscription,3,2025-01-22,34.36,C48652,France,103.08
115482,S593,Streaming subscription,4,2025-01-22,20.95,C73766,Australia,83.8
115483,S477,Streaming subscription,2,2025-01-22,31.37,C80849,Australia,62.74
115484,S784,Streaming subscription,3,2025-01-22,25.41,C64839,Australia,76.23
115485,S115,Streaming subscription,2,2025-01-22,26.27,C25494,Australia,52.54
115487,S887,Streaming subscription,4,2025-01-22,15.39,C87996,Australia,61.56
115488,S351,Streaming subscription,1,2025-01-22,32.13,C97511,Australia,32.13
115489,S631,Streaming subscription,1,2025-01-22,15.97,C71721,Canada,15.97
115486,S994,Streaming subscription,3,2025-01-22,26.36,C18142,Australia,79.08
115491,S747,Streaming subscription,2,2025-01-22,29.58,C67919,Canada,59.16
115492,S243,Streaming subscription,3,2025-01-22,22.94,C41662,Canada,68.82000000000001
115493,S543,Streaming subscription,1,2025-01-22,19.51,C83018,Canada,19.51
115494,S263,Streaming subscription,1,2025-01-22,20.79,C23097,Canada,20.79
115495,S694,Streaming subscription,4,2025-01-22,15.67,C35577,Canada,62.68
115496,S407,Streaming subscription,5,2025-01-22,16.32,C80212,Canada,81.6
115497,S243,Streaming subscription,1,2025-01-22,26.77,C38252,France,26.77
115490,S289,Streaming subscription,3,2025-01-22,19.89,C47047,Canada,59.67
115498,S355,Streaming subscription,2,2025-01-22,26.41,C92729,France,52.82
115549,S176,Streaming subscription,2,2025-01-23,25.09,C67397,Germany,50.18
115548,S145,Streaming subscription,3,2025-01-23,28.46,C81324,Germany,85.38
115547,S312,Streaming subscription,4,2025-01-23,32.34,C86700,Germany,129.36
115543,S673,Streaming subscription,5,2025-01-23,21.85,C79095,France,109.25
115545,S160,Streaming subscription,5,2025-01-23,32.99,C31940,Germany,164.95000000000002
115544,S299,Streaming subscription,4,2025-01-23,30.49,C27753,France,121.96
115550,S757,Streaming subscription,3,2025-01-23,34.76,C75058,Germany,104.28
115546,S493,Streaming subscription,2,2025-01-23,32.13,C46161,Germany,64.26
115551,S926,Streaming subscription,1,2025-01-23,32.48,C73790,Germany,32.48
115560,S617,Streaming subscription,5,2025-01-23,38.87,C80192,United Kingdom,194.35
115553,S537,Streaming subscription,5,2025-01-23,40.0,C97208,United Kingdom,200.0
115554,S925,Streaming subscription,5,2025-01-23,37.42,C51716,United Kingdom,187.10000000000002
115555,S550,Streaming subscription,4,2025-01-23,34.74,C13278,United Kingdom,138.96
115556,S607,Streaming subscription,5,2025-01-23,40.0,C44722,United Kingdom,200.0
115557,S342,Streaming subscription,1,2025-01-23,40.0,C76016,United Kingdom,40.0
115558,S222,Streaming subscription,1,2025-01-23,31.2,C83560,United Kingdom,31.2
115559,S359,Streaming subscription,2,2025-01-23,40.0,C13751,United Kingdom,80.0
115542,S964,Streaming subscription,1,2025-01-23,26.52,C61480,France,26.52
115552,S777,Streaming subscription,5,2025-01-23,30.97,C57622,Germany,154.85
115541,S923,Streaming subscription,4,2025-01-23,33.1,C39248,France,132.4
115521,S915,Streaming subscription,4,2025-01-23,25.19,C21264,Australia,100.76
115539,S336,Streaming subscription,-2,2025-01-23,31.82,C73416,France,-63.64
115522,S746,Streaming subscription,1,2025-01-23,27.43,C35871,Australia,27.43
115523,S759,Streaming subscription,2,2025-01-23,29.47,C99114,Australia,58.94
115524,S272,Streaming subscription,1,2025-01-23,29.52,C71246,Australia,29.52
115525,S547,Streaming subscription,4,2025-01-23,23.83,C55403,Australia,95.32
115526,S903,Streaming subscription,1,2025-01-23,20.17,C80057,Australia,20.17
115527,S496,Streaming subscription,3,2025-01-23,24.44,C66617,Australia,73.32000000000001
115528,S552,Streaming subscription,2,2025-01-23,30.28,C95457,Australia,60.56
115529,S820,Streaming subscription,5,2025-01-23,15.4,C37181,Canada,77.0
115540,S667,Streaming subscription,1,2025-01-23,33.57,C69360,France,33.57
115531,S500,Streaming subscription,3,2025-01-23,23.18,C47505,Canada,69.53999999999999
115532,S985,Streaming subscription,1,2025-01-23,17.12,C51935,Canada,17.12
115533,S161,Streaming subscription,1,2025-01-23,19.96,C77849,Canada,19.96
115534,S149,Streaming subscription,4,2025-01-23,26.15,C55101,Canada,104.6
115535,S602,Streaming subscription,3,2025-01-23,19.83,C40599,Canada,59.489999999999995
115536,S624,Streaming subscription,2,2025-01-23,19.63,C15211,Canada,39.26
115537,S525,Streaming subscription,4,2025-01-23,35.94,C67325,France,143.76
115538,S864,Streaming subscription,2,2025-01-23,27.48,C83192,France,54.96
115530,S608,Streaming subscription,3,2025-01-23,19.24,C40364,Canada,57.72
115588,S215,Streaming subscription,4,2025-01-24,28.67,C69307,Germany,114.68
115587,S219,Streaming subscription,4,2025-01-24,28.63,C28550,Germany,114.52
115583,S501,Streaming subscription,1,2025-01-24,25.42,C69219,France,25.42
115585,S162,Streaming subscription,5,2025-01-24,29.06,C87249,Germany,145.29999999999998
115584,S970,Streaming subscription,3,2025-01-24,28.24,C75338,France,84.72
115589,S959,Streaming subscription,3,2025-01-24,34.47,C63195,Germany,103.41
115586,S824,Streaming subscription,3,2025-01-24,26.22,C40084,Germany,78.66
115590,S886,Streaming subscription,-2,2025-01-24,31.5,C45834,Germany,-63.0
115595,S267,Streaming subscription,3,2025-01-24,32.37,C58759,United Kingdom,97.10999999999999
115592,S803,Streaming subscription,2,2025-01-24,34.85,C81737,Germany,69.7
115593,S391,Streaming subscription,3,2025-01-24,37.56,C83045,United Kingdom,112.68
115594,S245,Streaming subscription,2,2025-01-24,32.32,C23262,United Kingdom,64.64
115596,S344,Streaming subscription,5,2025-01-24,38.59,C10186,United Kingdom,192.95000000000002
115597,S705,Streaming subscription,1,2025-01-24,40.0,C72549,United Kingdom,40.0
115598,S120,Streaming subscription,3,2025-01-24,39.22,C48308,United Kingdom,117.66
115599,S967,Streaming subscription,3,2025-01-24,37.88,C47493,United Kingdom,113.64000000000001
115582,S327,Streaming subscription,1,2025-01-24,22.05,C46716,France,22.05
115591,S297,Streaming subscription,1,2025-01-24,30.83,C65040,Germany,30.83
115600,S336,Streaming subscription,5,2025-01-24,37.53,C61924,United Kingdom,187.65
115581,S173,Streaming subscription,4,2025-01-24,27.1,C37844,France,108.4
115579,S210,Streaming subscription,4,2025-01-24,35.04,C12130,France,140.16
115580,S804,Streaming subscription,4,2025-01-24,30.19,C93535,France,120.76
115561,S992,Streaming subscription,2,2025-01-24,24.93,C13145,Australia,49.86
115562,S705,Streaming subscription,4,2025-01-24,21.06,C47165,Australia,84.24
115563,S760,Streaming subscription,3,2025-01-24,20.29,C66447,Australia,60.87
115564,S173,Streaming subscription,4,2025-01-24,26.49,C38446,Australia,105.96
115566,S811,Streaming subscription,4,2025-01-24,25.88,C32013,Australia,103.52
115567,S586,Streaming subscription,2,2025-01-24,17.29,C75703,Australia,34.58
115568,S267,Streaming subscription,3,2025-01-24,23.58,C43581,Australia,70.74
115569,S255,Streaming subscription,1,2025-01-24,21.58,C69100,Canada,21.58
115565,S320,Streaming subscription,5,2025-01-24,23.01,C94916,Australia,115.05000000000001
115571,S545,Streaming subscription,3,2025-01-24,20.42,C98056,Canada,61.260000000000005
115570,S532,Streaming subscription,5,2025-01-24,17.61,C22601,Canada,88.05
115577,S543,Streaming subscription,5,2025-01-24,27.92,C56250,France,139.60000000000002
115576,S814,Streaming subscription,2,2025-01-24,22.78,C50923,Canada,45.56
115575,S377,Streaming subscription,-1,2025-01-24,23.86,C14928,Canada,-23.86
115578,S582,Streaming subscription,5,2025-01-24,25.26,C21174,France,126.30000000000001
115573,S596,Streaming subscription,4,2025-01-24,20.4,C35480,Canada,81.6
115572,S318,Streaming subscription,1,2025-01-24,23.58,C31533,Canada,23.58
115574,S680,Streaming subscription,3,2025-01-24,19.82,C73163,Canada,59.46
115630,S614,Streaming subscription,3,2025-01-25,24.42,C43435,Germany,73.26
115623,S934,Streaming subscription,5,2025-01-25,25.48,C35528,France,127.4
115624,S814,Streaming subscription,4,2025-01-25,29.85,C90904,France,119.4
115625,S975,Streaming subscription,5,2025-01-25,25.5,C88527,Germany,127.5
115626,S408,Streaming subscription,4,2025-01-25,29.72,C65272,Germany,118.88
115627,S410,Streaming subscription,4,2025-01-25,30.23,C77685,Germany,120.92
115628,S736,Streaming subscription,3,2025-01-25,30.82,C59486,Germany,92.46000000000001
115629,S760,Streaming subscription,3,2025-01-25,29.85,C53220,Germany,89.55000000000001
115631,S975,Streaming subscription,5,2025-01-25,22.56,C79368,Germany,112.8
115622,S478,Streaming subscription,3,2025-01-25,20.18,C54603,France,60.54
115633,S346,Streaming subscription,5,2025-01-25,37.12,C10690,United Kingdom,185.6
115634,S728,Streaming subscription,5,2025-01-25,34.16,C22888,United Kingdom,170.79999999999998
115635,S627,Streaming subscription,2,2025-01-25,35.33,C13983,United Kingdom,70.66
115636,S102,Streaming subscription,5,2025-01-25,27.74,C12504,United Kingdom,138.7
115637,S814,Streaming subscription,5,2025-01-25,28.51,C96530,United Kingdom,142.55
115638,S233,Streaming subscription,3,2025-01-25,31.05,C75878,United Kingdom,93.15
115639,S875,Streaming subscription,4,2025-01-25,32.6,C81948,United Kingdom,130.4
115640,S312,Streaming subscription,2,2025-01-25,26.97,C44115,United Kingdom,53.94
115632,S679,Streaming subscription,2,2025-01-25,29.07,C22327,Germany,58.14
115621,S359,Streaming subscription,1,2025-01-25,24.2,C48912,France,24.2
115620,S626,Streaming subscription,2,2025-01-25,22.51,C40009,France,45.02
115619,S308,Streaming subscription,-1,2025-01-25,19.72,C36160,France,-19.72
115601,S293,Streaming subscription,3,2025-01-25,16.53,C60908,Australia,49.59
115602,S193,Streaming subscription,3,2025-01-25,18.61,C83752,Australia,55.83
115603,S461,Streaming subscription,5,2025-01-25,15.09,C78813,Australia,75.45
115604,S309,Streaming subscription,2,2025-01-25,23.87,C11772,Australia,47.74
115605,S789,Streaming subscription,1,2025-01-25,25.34,C26068,Australia,25.34
115607,S325,Streaming subscription,1,2025-01-25,24.27,C10233,Australia,24.27
115608,S217,Streaming subscription,2,2025-01-25,22.73,C37751,Australia,45.46
115609,S119,Streaming subscription,2,2025-01-25,15.28,C98871,Canada,30.56
115606,S664,Streaming subscription,3,2025-01-25,22.55,C38627,Australia,67.65
115611,S510,Streaming subscription,2,2025-01-25,22.9,C28469,Canada,45.8
115610,S698,Streaming subscription,2,2025-01-25,16.87,C25467,Canada,33.74
115617,S368,Streaming subscription,1,2025-01-25,27.1,C79512,France,27.1
115616,S580,Streaming subscription,2,2025-01-25,20.93,C13707,Canada,41.86
115615,S822,Streaming subscription,3,2025-01-25,20.67,C28494,Canada,62.010000000000005
115618,S975,Streaming subscription,2,2025-01-25,28.22,C43771,France,56.44
115613,S604,Streaming subscription,2,2025-01-25,13.84,C98266,Canada,27.68
115612,S727,Streaming subscription,4,2025-01-25,16.4,C54444,Canada,65.6
115614,S681,Streaming subscription,4,2025-01-25,21.42,C34600,Canada,85.68
115670,S774,Streaming subscription,4,2025-01-26,32.0,C47088,Germany,128.0
115663,S436,Streaming subscription,1,2025-01-26,18.37,C68055,France,18.37
115664,S712,Streaming subscription,4,2025-01-26,22.67,C48271,France,90.68
115665,S678,Streaming subscription,4,2025-01-26,31.72,C65394,Germany,126.88
115666,S273,Streaming subscription,1,2025-01-26,32.15,C88297,Germany,32.15
115667,S123,Streaming subscription,5,2025-01-26,23.78,C15525,Germany,118.9
115668,S988,Streaming subscription,3,2025-01-26,23.29,C14696,Germany,69.87
115669,S685,Streaming subscription,5,2025-01-26,24.46,C86831,Germany,122.30000000000001
115671,S958,Streaming subscription,4,2025-01-26,25.75,C16653,Germany,103.0
115680,S520,Streaming subscription,4,2025-01-26,33.21,C49944,United Kingdom,132.84
115673,S567,Streaming subscription,3,2025-01-26,34.18,C21727,United Kingdom,102.53999999999999
115674,S408,Streaming subscription,3,2025-01-26,30.26,C77416,United Kingdom,90.78
115675,S980,Streaming subscription,1,2025-01-26,24.05,C70302,United Kingdom,24.05
115676,S128,Streaming subscription,4,2025-01-26,35.74,C95158,United Kingdom,142.96
115677,S649,Streaming subscription,3,2025-01-26,35.16,C35525,United Kingdom,105.47999999999999
115678,S835,Streaming subscription,4,2025-01-26,31.06,C72865,United Kingdom,124.24
115679,S186,Streaming subscription,5,2025-01-26,30.94,C54209,United Kingdom,154.70000000000002
115662,S246,Streaming subscription,5,2025-01-26,26.18,C46434,France,130.9
115672,S260,Streaming subscription,2,2025-01-26,26.39,C14572,Germany,52.78
115661,S760,Streaming subscription,5,2025-01-26,21.54,C64040,France,107.69999999999999
115660,S740,Streaming subscription,5,2025-01-26,24.73,C36662,France,123.65
115659,S689,Streaming subscription,3,2025-01-26,24.47,C94565,France,73.41
115642,S668,Streaming subscription,2,2025-01-26,23.65,C81864,Australia,47.3
115643,S429,Streaming subscription,2,2025-01-26,24.74,C82144,Australia,49.48
115644,S131,Streaming subscription,4,2025-01-26,22.85,C15129,Australia,91.4
115645,S183,Streaming subscription,5,2025-01-26,23.66,C37257,Australia,118.3
115646,S997,Streaming subscription,4,2025-01-26,22.7,C34384,Australia,90.8
115647,S772,Streaming subscription,4,2025-01-26,26.89,C89751,Australia,107.56
115648,S842,Streaming subscription,1,2025-01-26,22.43,C74779,Australia,22.43
115649,S448,Streaming subscription,5,2025-01-26,12.73,C94643,Canada,63.650000000000006
115641,S672,Streaming subscription,1,2025-01-26,25.98,C21395,Australia,25.98
115651,S351,Streaming subscription,2,2025-01-26,14.97,C41455,Canada,29.94
115652,S428,Streaming subscription,5,2025-01-26,16.65,C69522,Canada,83.25
115653,S815,Streaming subscription,5,2025-01-26,14.77,C43998,Canada,73.85
115654,S759,Streaming subscription,3,2025-01-26,17.56,C26215,Canada,52.67999999999999
115655,S803,Streaming subscription,5,2025-01-26,17.67,C10174,Canada,88.35000000000001
115656,S468,Streaming subscription,2,2025-01-26,13.94,C17419,Canada,27.88
115657,S111,Streaming subscription,3,2025-01-26,23.45,C13266,France,70.35
115658,S736,Streaming subscription,2,2025-01-26,20.73,C53283,France,41.46
115650,S265,Streaming subscription,-2,2025-01-26,18.66,C62060,Canada,-37.32
115708,S128,Streaming subscription,1,2025-01-27,32.45,C11751,Germany,32.45
115707,S166,Streaming subscription,1,2025-01-27,29.67,C87316,Germany,29.67
115703,S125,Streaming subscription,2,2025-01-27,27.8,C33383,France,55.6
115705,S521,Streaming subscription,2,2025-01-27,26.12,C75918,Germany,52.24
115704,S228,Streaming subscription,1,2025-01-27,27.96,C46664,France,27.96
115709,S368,Streaming subscription,4,2025-01-27,34.24,C73143,Germany,136.96
115706,S405,Streaming subscription,2,2025-01-27,28.3,C82263,Germany,56.6
115710,S609,Streaming subscription,5,2025-01-27,33.94,C31684,Germany,169.7
115715,S875,Streaming subscription,2,2025-01-27,37.49,C52499,United Kingdom,74.98
115712,S429,Streaming subscription,5,2025-01-27,34.04,C44426,Germany,170.2
115713,S634,Streaming subscription,3,2025-01-27,33.29,C47954,United Kingdom,99.87
115714,S984,Streaming subscription,2,2025-01-27,40.0,C96271,United Kingdom,80.0
115716,S632,Streaming subscription,5,2025-01-27,37.28,C87546,United Kingdom,186.4
115717,S985,Streaming subscription,3,2025-01-27,35.13,C89567,United Kingdom,105.39000000000001
115718,S601,Streaming subscription,1,2025-01-27,35.71,C61048,United Kingdom,35.71
115719,S847,Streaming subscription,1,2025-01-27,40.0,C98473,United Kingdom,40.0
115702,S608,Streaming subscription,3,2025-01-27,27.84,C24909,France,83.52
115711,S654,Streaming subscription,2,2025-01-27,29.63,C85640,Germany,59.26
115701,S788,Streaming subscription,3,2025-01-27,22.57,C77977,France,67.71000000000001
115720,S235,Streaming subscription,1,2025-01-27,40.0,C27905,United Kingdom,40.0
115699,S674,Streaming subscription,2,2025-01-27,25.39,C46407,France,50.78
115681,S952,Streaming subscription,1,2025-01-27,26.13,C96764,Australia,26.13
115682,S237,Streaming subscription,4,2025-01-27,27.79,C91209,Australia,111.16
115683,S414,Streaming subscription,5,2025-01-27,23.67,C31003,Australia,118.35000000000001
115684,S961,Streaming subscription,4,2025-01-27,31.04,C39881,Australia,124.16
115685,S718,Streaming subscription,5,2025-01-27,25.81,C11796,Australia,129.04999999999998
115686,S300,Streaming subscription,1,2025-01-27,23.66,C70764,Australia,23.66
115687,S557,Streaming subscription,4,2025-01-27,29.21,C37001,Australia,116.84
115688,S945,Streaming subscription,4,2025-01-27,24.18,C12423,Australia,96.72
115689,S341,Streaming subscription,1,2025-01-27,18.24,C36407,Canada,18.24
115700,S886,Streaming subscription,5,2025-01-27,29.16,C81053,France,145.8
115691,S706,Streaming subscription,1,2025-01-27,17.97,C77894,Canada,17.97
115692,S881,Streaming subscription,1,2025-01-27,29.85,C31431,Canada,29.85
115693,S397,Streaming subscription,4,2025-01-27,19.3,C88364,Canada,77.2
115694,S574,Streaming subscription,1,2025-01-27,15.23,C98821,Canada,15.23
115695,S830,Streaming subscription,1,2025-01-27,26.41,C49207,Canada,26.41
115696,S752,Streaming subscription,5,2025-01-27,21.21,C37944,Canada,106.05000000000001
115697,S760,Streaming subscription,5,2025-01-27,20.57,C23482,France,102.85
115698,S989,Streaming subscription,1,2025-01-27,27.48,C34454,France,27.48
115690,S700,Streaming subscription,2,2025-01-27,20.1,C74921,Canada,40.2
115748,S665,Streaming subscription,4,2025-01-28,38.59,C57876,Germany,154.36
115747,S403,Streaming subscription,4,2025-01-28,35.08,C24345,Germany,140.32
115743,S307,Streaming subscription,2,2025-01-28,25.03,C40877,France,50.06
115745,S426,Streaming subscription,5,2025-01-28,27.0,C88351,Germany,135.0
115744,S870,Streaming subscription,2,2025-01-28,29.7,C37738,France,59.4
115749,S773,Streaming subscription,5,2025-01-28,33.0,C74767,Germany,165.0
115746,S394,Streaming subscription,1,2025-01-28,35.24,C45941,Germany,35.24
115750,S161,Streaming subscription,2,2025-01-28,29.98,C11713,Germany,59.96
115755,S497,Streaming subscription,4,2025-01-28,35.6,C41793,United Kingdom,142.4
115752,S249,Streaming subscription,5,2025-01-28,26.92,C36227,Germany,134.60000000000002
115753,S713,Streaming subscription,2,2025-01-28,40.0,C44069,United Kingdom,80.0
115754,S188,Streaming subscription,1,2025-01-28,35.91,C67388,United Kingdom,35.91
115756,S396,Streaming subscription,1,2025-01-28,37.37,C24544,United Kingdom,37.37
115757,S169,Streaming subscription,4,2025-01-28,39.51,C17463,United Kingdom,158.04
115758,S695,Streaming subscription,5,2025-01-28,33.25,C75973,United Kingdom,166.25
115759,S519,Streaming subscription,4,2025-01-28,34.51,C32755,United Kingdom,138.04
115742,S541,Streaming subscription,4,2025-01-28,21.45,C46184,France,85.8
115751,S493,Streaming subscription,2,2025-01-28,28.95,C61382,Germany,57.9
115741,S847,Streaming subscription,3,2025-01-28,29.47,C34102,France,88.41
115760,S665,Streaming subscription,3,2025-01-28,33.87,C44191,United Kingdom,101.60999999999999
115739,S558,Streaming subscription,2,2025-01-28,29.34,C27414,France,58.68
115721,S986,Streaming subscription,4,2025-01-28,25.13,C58068,Australia,100.52
115722,S671,Streaming subscription,1,2025-01-28,28.37,C77780,Australia,28.37
115723,S167,Streaming subscription,4,2025-01-28,25.77,C74884,Australia,103.08
115724,S456,Streaming subscription,1,2025-01-28,24.33,C58283,Australia,24.33
115725,S986,Streaming subscription,-1,2025-01-28,28.28,C29551,Australia,-28.28
115726,S639,Streaming subscription,1,2025-01-28,26.45,C39344,Australia,26.45
115727,S154,Streaming subscription,-1,2025-01-28,22.54,C23867,Australia,-22.54
115728,S651,Streaming subscription,1,2025-01-28,36.02,C25721,Australia,36.02
115729,S742,Streaming subscription,5,2025-01-28,18.22,C47663,Canada,91.1
115740,S334,Streaming subscription,3,2025-01-28,26.07,C56285,France,78.21000000000001
115731,S622,Streaming subscription,3,2025-01-28,22.38,C81146,Canada,67.14
115732,S729,Streaming subscription,2,2025-01-28,16.42,C76177,Canada,32.84
115733,S757,Streaming subscription,1,2025-01-28,18.21,C45116,Canada,18.21
115734,S858,Streaming subscription,3,2025-01-28,19.63,C30717,Canada,58.89
115735,S741,Streaming subscription,5,2025-01-28,19.35,C88015,Canada,96.75
115736,S544,Streaming subscription,2,2025-01-28,19.92,C19776,Canada,39.84
115737,S438,Streaming subscription,5,2025-01-28,26.59,C42464,France,132.95
115738,S289,Streaming subscription,1,2025-01-28,28.77,C82494,France,28.77
115730,S278,Streaming subscription,2,2025-01-28,21.9,C23933,Canada,43.8
115788,S149,Streaming subscription,1,2025-01-29,31.01,C15696,Germany,31.01
115787,S173,Streaming subscription,5,2025-01-29,31.26,C13752,Germany,156.3
115786,S133,Streaming subscription,1,2025-01-29,32.05,C49652,Germany,32.05
115782,S888,Streaming subscription,5,2025-01-29,28.32,C16545,France,141.6
115784,S891,Streaming subscription,4,2025-01-29,29.53,C92988,France,118.12
115783,S891,Streaming subscription,5,2025-01-29,28.07,C79127,France,140.35
115789,S420,Streaming subscription,4,2025-01-29,33.33,C11505,Germany,133.32
115785,S413,Streaming subscription,4,2025-01-29,30.1,C59927,Germany,120.4
115790,S156,Streaming subscription,5,2025-01-29,35.83,C51849,Germany,179.14999999999998
115794,S719,Streaming subscription,2,2025-01-29,36.53,C20638,United Kingdom,73.06
115792,S591,Streaming subscription,1,2025-01-29,27.86,C87709,Germany,27.86
115793,S271,Streaming subscription,4,2025-01-29,39.61,C70941,United Kingdom,158.44
115795,S352,Streaming subscription,5,2025-01-29,34.37,C90704,United Kingdom,171.85
115796,S585,Streaming subscription,5,2025-01-29,33.33,C58887,United Kingdom,166.64999999999998
115797,S925,Streaming subscription,5,2025-01-29,40.0,C48859,United Kingdom,200.0
115798,S120,Streaming subscription,1,2025-01-29,30.86,C76684,United Kingdom,30.86
115799,S506,Streaming subscription,4,2025-01-29,40.0,C24542,United Kingdom,160.0
115781,S636,Streaming subscription,2,2025-01-29,23.42,C38943,France,46.84
115791,S988,Streaming subscription,5,2025-01-29,29.81,C88189,Germany,149.04999999999998
115800,S888,Streaming subscription,2,2025-01-29,37.92,C61213,United Kingdom,75.84
115780,S769,Streaming subscription,1,2025-01-29,31.28,C57160,France,31.28
115778,S344,Streaming subscription,1,2025-01-29,26.27,C65062,France,26.27
115779,S702,Streaming subscription,3,2025-01-29,25.0,C40381,France,75.0
115761,S414,Streaming subscription,5,2025-01-29,26.73,C41327,Australia,133.65
115762,S688,Streaming subscription,2,2025-01-29,27.7,C31786,Australia,55.4
115763,S216,Streaming subscription,1,2025-01-29,22.19,C38871,Australia,22.19
115764,S173,Streaming subscription,3,2025-01-29,27.7,C18015,Australia,83.1
115766,S374,Streaming subscription,3,2025-01-29,22.69,C82543,Australia,68.07000000000001
115767,S652,Streaming subscription,1,2025-01-29,22.16,C46166,Australia,22.16
115768,S707,Streaming subscription,3,2025-01-29,29.41,C75434,Australia,88.23
115765,S925,Streaming subscription,2,2025-01-29,23.83,C88535,Australia,47.66
115770,S206,Streaming subscription,4,2025-01-29,19.7,C76922,Canada,78.8
115769,S399,Streaming subscription,1,2025-01-29,21.38,C33115,Canada,21.38
115776,S139,Streaming subscription,5,2025-01-29,20.66,C33743,Canada,103.3
115775,S894,Streaming subscription,3,2025-01-29,25.52,C97310,Canada,76.56
115774,S109,Streaming subscription,2,2025-01-29,18.64,C25963,Canada,37.28
115777,S286,Streaming subscription,-2,2025-01-29,28.56,C31534,France,-57.12
115772,S889,Streaming subscription,-2,2025-01-29,18.31,C66531,Canada,-36.62
115771,S514,Streaming subscription,5,2025-01-29,27.69,C85461,Canada,138.45000000000002
115773,S439,Streaming subscription,-2,2025-01-29,21.55,C91377,Canada,-43.1
115830,S961,Streaming subscription,4,2025-01-30,28.37,C50825,Germany,113.48
115824,S981,Streaming subscription,2,2025-01-30,33.29,C93346,France,66.58
115825,S226,Streaming subscription,4,2025-01-30,31.83,C38751,Germany,127.32
115826,S880,Streaming subscription,1,2025-01-30,31.56,C28077,Germany,31.56
115827,S944,Streaming subscription,4,2025-01-30,37.28,C84540,Germany,149.12
115828,S552,Streaming subscription,4,2025-01-30,32.5,C20850,Germany,130.0
115829,S842,Streaming subscription,3,2025-01-30,30.11,C16035,Germany,90.33
115831,S444,Streaming subscription,1,2025-01-30,30.47,C50728,Germany,30.47
115823,S756,Streaming subscription,1,2025-01-30,29.55,C24235,France,29.55
115833,S865,Streaming subscription,1,2025-01-30,35.56,C17994,United Kingdom,35.56
115834,S688,Streaming subscription,2,2025-01-30,40.0,C83663,United Kingdom,80.0
115835,S591,Streaming subscription,3,2025-01-30,37.49,C82556,United Kingdom,112.47
115836,S859,Streaming subscription,2,2025-01-30,40.0,C25052,United Kingdom,80.0
115837,S625,Streaming subscription,5,2025-01-30,39.11,C92005,United Kingdom,195.55
115838,S861,Streaming subscription,4,2025-01-30,37.6,C35029,United Kingdom,150.4
115839,S238,Streaming subscription,5,2025-01-30,36.48,C64312,United Kingdom,182.39999999999998
115840,S873,Streaming subscription,2,2025-01-30,31.21,C19447,United Kingdom,62.42
115832,S727,Streaming subscription,4,2025-01-30,32.67,C15165,Germany,130.68
115822,S479,Streaming subscription,3,2025-01-30,23.75,C24391,France,71.25
115821,S935,Streaming subscription,4,2025-01-30,28.05,C41401,France,112.2
115801,S572,Streaming subscription,2,2025-01-30,28.04,C75559,Australia,56.08
115820,S402,Streaming subscription,5,2025-01-30,26.27,C61548,France,131.35
115802,S318,Streaming subscription,1,2025-01-30,18.32,C35631,Australia,18.32
115803,S978,Streaming subscription,1,2025-01-30,27.75,C74929,Australia,27.75
115804,S262,Streaming subscription,4,2025-01-30,22.14,C64824,Australia,88.56
115805,S514,Streaming subscription,-1,2025-01-30,22.17,C99721,Australia,-22.17
115807,S685,Streaming subscription,3,2025-01-30,19.15,C59278,Australia,57.449999999999996
115808,S316,Streaming subscription,4,2025-01-30,24.71,C39076,Australia,98.84
115809,S168,Streaming subscription,2,2025-01-30,18.05,C46330,Canada,36.1
115810,S936,Streaming subscription,3,2025-01-30,18.48,C88072,Canada,55.44
115806,S610,Streaming subscription,5,2025-01-30,22.55,C82754,Australia,112.75
115812,S396,Streaming subscription,2,2025-01-30,20.58,C39411,Canada,41.16
115813,S786,Streaming subscription,-1,2025-01-30,22.64,C12190,Canada,-22.64
115814,S759,Streaming subscription,1,2025-01-30,20.17,C29945,Canada,20.17
115815,S824,Streaming subscription,5,2025-01-30,21.59,C77973,Canada,107.95
115816,S280,Streaming subscription,5,2025-01-30,30.88,C22251,Canada,154.4
115817,S249,Streaming subscription,4,2025-01-30,21.76,C68304,France,87.04
115818,S813,Streaming subscription,3,2025-01-30,27.27,C63518,France,81.81
115811,S476,Streaming subscription,4,2025-01-30,19.32,C11886,Canada,77.28
115819,S234,Streaming subscription,4,2025-01-30,22.56,C81046,France,90.24
115870,S593,Streaming subscription,2,2025-01-31,29.35,C56670,Germany,58.7
115869,S366,Streaming subscription,2,2025-01-31,35.08,C88410,Germany,70.16
115868,S535,Streaming subscription,1,2025-01-31,32.7,C63958,Germany,32.7
115864,S128,Streaming subscription,1,2025-01-31,25.06,C47578,France,25.06
115866,S426,Streaming subscription,3,2025-01-31,32.32,C76041,Germany,96.96000000000001
115865,S976,Streaming subscription,2,2025-01-31,32.29,C16276,Germany,64.58
115871,S214,Streaming subscription,1,2025-01-31,32.67,C88411,Germany,32.67
115867,S147,Streaming subscription,5,2025-01-31,24.34,C90044,Germany,121.7
115872,S614,Streaming subscription,4,2025-01-31,33.47,C28150,Germany,133.88
115860,S863,Streaming subscription,1,2025-01-31,28.73,C82847,France,28.73
115874,S171,Streaming subscription,5,2025-01-31,36.77,C59422,United Kingdom,183.85000000000002
115875,S740,Streaming subscription,2,2025-01-31,35.65,C57619,United Kingdom,71.3
115876,S771,Streaming subscription,5,2025-01-31,32.29,C95332,United Kingdom,161.45
115877,S898,Streaming subscription,2,2025-01-31,35.8,C87881,United Kingdom,71.6
115878,S437,Streaming subscription,3,2025-01-31,39.21,C69435,United Kingdom,117.63
115879,S690,Streaming subscription,2,2025-01-31,39.49,C11457,United Kingdom,78.98
115880,S970,Streaming subscription,5,2025-01-31,30.77,C48043,United Kingdom,153.85
115863,S716,Streaming subscription,1,2025-01-31,27.33,C75787,France,27.33
115873,S342,Streaming subscription,1,2025-01-31,36.5,C27516,United Kingdom,36.5
115862,S514,Streaming subscription,2,2025-01-31,30.77,C93800,France,61.54
115854,S734,Streaming subscription,4,2025-01-31,21.73,C13964,Canada,86.92
115847,S747,Streaming subscription,4,2025-01-31,28.15,C28620,Australia,112.6
115841,S334,Streaming subscription,2,2025-01-31,29.42,C43563,Australia,58.84
115842,S539,Streaming subscription,4,2025-01-31,33.13,C72950,Australia,132.52
115843,S570,Streaming subscription,-1,2025-01-31,29.4,C74343,Australia,-29.4
115844,S832,Streaming subscription,5,2025-01-31,33.48,C88857,Australia,167.39999999999998
115845,S518,Streaming subscription,2,2025-01-31,23.96,C42711,Australia,47.92
115846,S551,Streaming subscription,1,2025-01-31,33.03,C36018,Australia,33.03
115861,S357,Streaming subscription,3,2025-01-31,30.41,C82410,France,91.23
115848,S684,Streaming subscription,2,2025-01-31,25.49,C15920,Australia,50.98
115849,S605,Streaming subscription,5,2025-01-31,16.16,C99537,Canada,80.8
115850,S444,Streaming subscription,5,2025-01-31,16.15,C38204,Canada,80.75
115851,S571,Streaming subscription,1,2025-01-31,17.39,C50878,Canada,17.39
115852,S512,Streaming subscription,5,2025-01-31,26.8,C78223,Canada,134.0
115853,S488,Streaming subscription,5,2025-01-31,28.95,C13714,Canada,144.75
115855,S927,Streaming subscription,1,2025-01-31,25.57,C86116,Canada,25.57
115856,S680,Streaming subscription,5,2025-01-31,21.98,C53307,Canada,109.9
115857,S501,Streaming subscription,3,2025-01-31,23.07,C52047,France,69.21000000000001
115858,S673,Streaming subscription,2,2025-01-31,25.83,C24113,France,51.66
115859,S632,Streaming subscription,3,2025-01-31,16.18,C95114,France,48.54
115908,S772,Streaming subscription,2,2025-02-01,24.71,C68184,Germany,49.42
115907,S145,Streaming subscription,4,2025-02-01,31.26,C95233,Germany,125.04
115906,S420,Streaming subscription,1,2025-02-01,28.0,C50804,Germany,28.0
115903,S910,Streaming subscription,5,2025-02-01,22.85,C36275,France,114.25
115904,S246,Streaming subscription,4,2025-02-01,23.51,C89960,France,94.04
115909,S973,Streaming subscription,3,2025-02-01,29.15,C20068,Germany,87.44999999999999
115905,S638,Streaming subscription,1,2025-02-01,27.55,C59009,Germany,27.55
115910,S566,Streaming subscription,4,2025-02-01,25.65,C47702,Germany,102.6
115920,S193,Streaming subscription,2,2025-02-01,38.3,C40292,United Kingdom,76.6
115912,S402,Streaming subscription,4,2025-02-01,22.14,C56719,Germany,88.56
115913,S570,Streaming subscription,1,2025-02-01,26.39,C57875,United Kingdom,26.39
115914,S404,Streaming subscription,4,2025-02-01,28.9,C35928,United Kingdom,115.6
115916,S338,Streaming subscription,4,2025-02-01,28.28,C20378,United Kingdom,113.12
115917,S381,Streaming subscription,3,2025-02-01,30.5,C67025,United Kingdom,91.5
115918,S754,Streaming subscription,4,2025-02-01,33.82,C80310,United Kingdom,135.28
115919,S401,Streaming subscription,1,2025-02-01,36.75,C94898,United Kingdom,36.75
115902,S261,Streaming subscription,5,2025-02-01,27.19,C14418,France,135.95000000000002
115911,S507,Streaming subscription,2,2025-02-01,18.58,C58392,Germany,37.16
115901,S403,Streaming subscription,2,2025-02-01,25.09,C90702,France,50.18
115915,S418,Streaming subscription,3,2025-02-01,28.5,C33032,United Kingdom,85.5
115899,S611,Streaming subscription,3,2025-02-01,20.26,C91568,France,60.78
115900,S816,Streaming subscription,2,2025-02-01,20.06,C98233,France,40.12
115882,S237,Streaming subscription,1,2025-02-01,26.9,C56522,Australia,26.9
115883,S938,Streaming subscription,3,2025-02-01,22.78,C61522,Australia,68.34
115884,S884,Streaming subscription,5,2025-02-01,16.17,C75414,Australia,80.85000000000001
115885,S784,Streaming subscription,3,2025-02-01,23.11,C58586,Australia,69.33
115886,S537,Streaming subscription,5,2025-02-01,22.16,C89150,Australia,110.8
115887,S678,Streaming subscription,1,2025-02-01,18.68,C14304,Australia,18.68
115888,S148,Streaming subscription,3,2025-02-01,25.15,C99993,Australia,75.44999999999999
115889,S489,Streaming subscription,3,2025-02-01,20.48,C64591,Canada,61.44
115881,S239,Streaming subscription,1,2025-02-01,22.52,C88439,Australia,22.52
115891,S798,Streaming subscription,1,2025-02-01,13.18,C85771,Canada,13.18
115890,S906,Streaming subscription,5,2025-02-01,14.97,C16253,Canada,74.85000000000001
115897,S564,Streaming subscription,5,2025-02-01,26.66,C80862,France,133.3
115896,S382,Streaming subscription,4,2025-02-01,18.05,C35160,Canada,72.2
115895,S975,Streaming subscription,1,2025-02-01,19.78,C49870,Canada,19.78
115898,S779,Streaming subscription,1,2025-02-01,20.3,C74131,France,20.3
115893,S664,Streaming subscription,2,2025-02-01,16.48,C17372,Canada,32.96
115892,S582,Streaming subscription,5,2025-02-01,16.74,C58791,Canada,83.69999999999999
115894,S963,Streaming subscription,2,2025-02-01,20.68,C69855,Canada,41.36
115960,S775,Streaming subscription,5,2025-02-02,31.37,C72595,United Kingdom,156.85
115943,S193,Streaming subscription,4,2025-02-02,18.92,C71423,France,75.68
115944,S190,Streaming subscription,1,2025-02-02,24.03,C80979,France,24.03
115945,S600,Streaming subscription,2,2025-02-02,30.19,C53337,Germany,60.38
115946,S848,Streaming subscription,4,2025-02-02,29.79,C15592,Germany,119.16
115947,S801,Streaming subscription,1,2025-02-02,23.36,C68074,Germany,23.36
115948,S116,Streaming subscription,4,2025-02-02,25.15,C33827,Germany,100.6
115949,S515,Streaming subscription,1,2025-02-02,30.97,C32393,Germany,30.97
115950,S540,Streaming subscription,3,2025-02-02,27.23,C42910,Germany,81.69
115952,S384,Streaming subscription,5,2025-02-02,21.94,C75075,Germany,109.7
115953,S431,Streaming subscription,2,2025-02-02,35.1,C10352,United Kingdom,70.2
115954,S253,Streaming subscription,2,2025-02-02,29.32,C23461,United Kingdom,58.64
115956,S251,Streaming subscription,3,2025-02-02,30.98,C38024,United Kingdom,92.94
115957,S161,Streaming subscription,2,2025-02-02,24.57,C41950,United Kingdom,49.14
115958,S570,Streaming subscription,1,2025-02-02,26.2,C49030,United Kingdom,26.2
115959,S933,Streaming subscription,1,2025-02-02,35.01,C13317,United Kingdom,35.01
115942,S539,Streaming subscription,4,2025-02-02,25.09,C38155,France,100.36
115951,S724,Streaming subscription,2,2025-02-02,29.48,C95920,Germany,58.96
115941,S577,Streaming subscription,5,2025-02-02,30.73,C72905,France,153.65
115955,S158,Streaming subscription,5,2025-02-02,30.31,C65989,United Kingdom,151.54999999999998
115939,S986,Streaming subscription,5,2025-02-02,27.64,C93233,France,138.2
115940,S355,Streaming subscription,1,2025-02-02,22.74,C50696,France,22.74
115921,S432,Streaming subscription,1,2025-02-02,20.53,C35801,Australia,20.53
115922,S614,Streaming subscription,4,2025-02-02,21.39,C21014,Australia,85.56
115923,S279,Streaming subscription,4,2025-02-02,20.84,C12325,Australia,83.36
115924,S816,Streaming subscription,5,2025-02-02,24.37,C36106,Australia,121.85000000000001
115925,S208,Streaming subscription,3,2025-02-02,21.52,C63014,Australia,64.56
115927,S611,Streaming subscription,2,2025-02-02,25.45,C47732,Australia,50.9
115928,S629,Streaming subscription,2,2025-02-02,18.06,C21047,Australia,36.12
115929,S780,Streaming subscription,1,2025-02-02,21.92,C34317,Canada,21.92
115926,S975,Streaming subscription,4,2025-02-02,22.5,C76286,Australia,90.0
115931,S455,Streaming subscription,3,2025-02-02,17.41,C22891,Canada,52.230000000000004
115932,S721,Streaming subscription,5,2025-02-02,21.43,C72079,Canada,107.15
115933,S183,Streaming subscription,2,2025-02-02,11.85,C13742,Canada,23.7
115934,S430,Streaming subscription,2,2025-02-02,21.97,C39920,Canada,43.94
115935,S174,Streaming subscription,3,2025-02-02,16.04,C85222,Canada,48.12
115936,S321,Streaming subscription,4,2025-02-02,15.73,C48624,Canada,62.92
115937,S194,Streaming subscription,3,2025-02-02,22.28,C76809,France,66.84
115930,S268,Streaming subscription,4,2025-02-02,19.44,C23869,Canada,77.76
115938,S489,Streaming subscription,4,2025-02-02,20.26,C99858,France,81.04
115988,S780,Streaming subscription,5,2025-02-03,35.87,C36334,Germany,179.35
115987,S466,Streaming subscription,1,2025-02-03,31.55,C81397,Germany,31.55
115986,S719,Streaming subscription,4,2025-02-03,33.84,C67915,Germany,135.36
115983,S132,Streaming subscription,2,2025-02-03,22.73,C64095,France,45.46
115984,S364,Streaming subscription,5,2025-02-03,21.94,C88882,France,109.7
115989,S253,Streaming subscription,2,2025-02-03,32.6,C27201,Germany,65.2
115985,S709,Streaming subscription,5,2025-02-03,31.0,C83398,Germany,155.0
115990,S327,Streaming subscription,4,2025-02-03,25.3,C30331,Germany,101.2
116000,S466,Streaming subscription,3,2025-02-03,36.65,C81666,United Kingdom,109.94999999999999
115992,S278,Streaming subscription,1,2025-02-03,31.5,C38578,Germany,31.5
115993,S254,Streaming subscription,1,2025-02-03,33.38,C84573,United Kingdom,33.38
115994,S730,Streaming subscription,1,2025-02-03,38.59,C10561,United Kingdom,38.59
115995,S374,Streaming subscription,4,2025-02-03,36.66,C49293,United Kingdom,146.64
115996,S239,Streaming subscription,3,2025-02-03,33.36,C46124,United Kingdom,100.08
115997,S599,Streaming subscription,3,2025-02-03,29.6,C44305,United Kingdom,88.80000000000001
115998,S298,Streaming subscription,1,2025-02-03,40.0,C93611,United Kingdom,40.0
115999,S509,Streaming subscription,1,2025-02-03,35.11,C52651,United Kingdom,35.11
115982,S290,Streaming subscription,-2,2025-02-03,29.72,C50057,France,-59.44
115991,S181,Streaming subscription,3,2025-02-03,28.35,C40988,Germany,85.05000000000001
115981,S269,Streaming subscription,1,2025-02-03,29.28,C71192,France,29.28
115975,S745,Streaming subscription,-2,2025-02-03,17.1,C56053,Canada,-34.2
115979,S832,Streaming subscription,5,2025-02-03,27.63,C94554,France,138.15
115961,S993,Streaming subscription,1,2025-02-03,26.25,C30957,Australia,26.25
115962,S129,Streaming subscription,3,2025-02-03,19.91,C86072,Australia,59.730000000000004
115963,S309,Streaming subscription,4,2025-02-03,19.16,C97462,Australia,76.64
115964,S814,Streaming subscription,3,2025-02-03,26.66,C12436,Australia,79.98
115980,S624,Streaming subscription,3,2025-02-03,30.94,C76076,France,92.82000000000001
115966,S889,Streaming subscription,4,2025-02-03,27.62,C47933,Australia,110.48
115967,S355,Streaming subscription,2,2025-02-03,27.63,C63261,Australia,55.26
115968,S354,Streaming subscription,2,2025-02-03,26.03,C42586,Australia,52.06
115965,S987,Streaming subscription,-1,2025-02-03,27.24,C80630,Australia,-27.24
115970,S438,Streaming subscription,3,2025-02-03,17.17,C66574,Canada,51.510000000000005
115971,S221,Streaming subscription,5,2025-02-03,18.13,C50790,Canada,90.64999999999999
115972,S101,Streaming subscription,2,2025-02-03,17.28,C36472,Canada,34.56
115973,S834,Streaming subscription,5,2025-02-03,19.32,C49117,Canada,96.6
115974,S989,Streaming subscription,3,2025-02-03,26.47,C22176,Canada,79.41
115976,S280,Streaming subscription,2,2025-02-03,14.32,C58246,Canada,28.64
115977,S208,Streaming subscription,1,2025-02-03,27.06,C66913,France,27.06
115978,S844,Streaming subscription,2,2025-02-03,26.16,C38941,France,52.32
115969,S807,Streaming subscription,4,2025-02-03,13.98,C90485,Canada,55.92
116029,S875,Streaming subscription,2,2025-02-04,33.25,C83847,Germany,66.5
116028,S474,Streaming subscription,4,2025-02-04,26.7,C38639,Germany,106.8
116027,S852,Streaming subscription,2,2025-02-04,33.63,C55120,Germany,67.26
116030,S484,Streaming subscription,5,2025-02-04,29.36,C13607,Germany,146.8
116025,S933,Streaming subscription,2,2025-02-04,27.05,C56335,Germany,54.1
116024,S281,Streaming subscription,2,2025-02-04,25.52,C49395,France,51.04
116023,S133,Streaming subscription,4,2025-02-04,26.89,C51361,France,107.56
116026,S517,Streaming subscription,5,2025-02-04,31.23,C20271,Germany,156.15
116040,S453,Streaming subscription,3,2025-02-04,36.99,C73659,United Kingdom,110.97
116022,S625,Streaming subscription,3,2025-02-04,28.57,C69705,France,85.71000000000001
116032,S869,Streaming subscription,5,2025-02-04,35.18,C98480,Germany,175.9
116033,S704,Streaming subscription,4,2025-02-04,36.38,C78120,United Kingdom,145.52
116034,S998,Streaming subscription,5,2025-02-04,32.5,C99000,United Kingdom,162.5
116035,S534,Streaming subscription,1,2025-02-04,30.05,C90091,United Kingdom,30.05
116036,S203,Streaming subscription,4,2025-02-04,34.54,C62622,United Kingdom,138.16
116037,S114,Streaming subscription,4,2025-02-04,35.8,C12175,United Kingdom,143.2
116038,S117,Streaming subscription,2,2025-02-04,34.97,C90840,United Kingdom,69.94
116039,S579,Streaming subscription,3,2025-02-04,36.85,C60286,United Kingdom,110.55000000000001
116031,S692,Streaming subscription,3,2025-02-04,30.33,C14829,Germany,90.99
116021,S731,Streaming subscription,4,2025-02-04,32.45,C32516,France,129.8
116010,S899,Streaming subscription,2,2025-02-04,16.9,C19401,Canada,33.8
116019,S436,Streaming subscription,4,2025-02-04,25.94,C43964,France,103.76
116020,S915,Streaming subscription,2,2025-02-04,24.91,C56786,France,49.82
116001,S239,Streaming subscription,4,2025-02-04,24.42,C77535,Australia,97.68
116002,S710,Streaming subscription,5,2025-02-04,20.58,C70434,Australia,102.89999999999999
116003,S160,Streaming subscription,1,2025-02-04,23.8,C13086,Australia,23.8
116004,S602,Streaming subscription,2,2025-02-04,19.55,C62263,Australia,39.1
116006,S873,Streaming subscription,4,2025-02-04,23.22,C78229,Australia,92.88
116007,S980,Streaming subscription,3,2025-02-04,29.47,C28855,Australia,88.41
116008,S889,Streaming subscription,2,2025-02-04,22.98,C94820,Australia,45.96
116005,S433,Streaming subscription,2,2025-02-04,24.96,C55527,Australia,49.92
116011,S683,Streaming subscription,4,2025-02-04,22.6,C83927,Canada,90.4
116009,S686,Streaming subscription,2,2025-02-04,19.49,C64384,Canada,38.98
116017,S401,Streaming subscription,1,2025-02-04,24.72,C35183,France,24.72
116016,S937,Streaming subscription,2,2025-02-04,26.99,C39026,Canada,53.98
116015,S179,Streaming subscription,2,2025-02-04,13.63,C75310,Canada,27.26
116018,S275,Streaming subscription,4,2025-02-04,20.97,C70251,France,83.88
116013,S904,Streaming subscription,5,2025-02-04,19.21,C51147,Canada,96.05000000000001
116012,S473,Streaming subscription,2,2025-02-04,21.06,C70046,Canada,42.12
116014,S297,Streaming subscription,3,2025-02-04,16.9,C94956,Canada,50.699999999999996
116070,S225,Streaming subscription,1,2025-02-05,29.68,C89386,Germany,29.68
116063,S473,Streaming subscription,2,2025-02-05,24.63,C68676,France,49.26
116064,S790,Streaming subscription,3,2025-02-05,27.14,C14920,France,81.42
116065,S947,Streaming subscription,4,2025-02-05,28.05,C92867,Germany,112.2
116066,S491,Streaming subscription,4,2025-02-05,35.7,C96684,Germany,142.8
116067,S240,Streaming subscription,5,2025-02-05,33.89,C63565,Germany,169.45
116068,S904,Streaming subscription,2,2025-02-05,32.38,C32315,Germany,64.76
116069,S906,Streaming subscription,1,2025-02-05,37.02,C87412,Germany,37.02
116071,S770,Streaming subscription,2,2025-02-05,32.16,C20367,Germany,64.32
116080,S667,Streaming subscription,2,2025-02-05,38.03,C75699,United Kingdom,76.06
116073,S438,Streaming subscription,4,2025-02-05,36.83,C31647,United Kingdom,147.32
116074,S163,Streaming subscription,2,2025-02-05,38.46,C50653,United Kingdom,76.92
116075,S241,Streaming subscription,5,2025-02-05,36.61,C10619,United Kingdom,183.05
116076,S180,Streaming subscription,1,2025-02-05,37.03,C41789,United Kingdom,37.03
116077,S781,Streaming subscription,2,2025-02-05,32.65,C26580,United Kingdom,65.3
116078,S852,Streaming subscription,1,2025-02-05,38.12,C10471,United Kingdom,38.12
116079,S645,Streaming subscription,5,2025-02-05,31.2,C58772,United Kingdom,156.0
116062,S963,Streaming subscription,3,2025-02-05,23.6,C98463,France,70.80000000000001
116072,S824,Streaming subscription,3,2025-02-05,31.93,C69960,Germany,95.78999999999999
116061,S973,Streaming subscription,1,2025-02-05,32.16,C77453,France,32.16
116060,S578,Streaming subscription,3,2025-02-05,25.49,C97573,France,76.47
116059,S917,Streaming subscription,1,2025-02-05,26.47,C90316,France,26.47
116042,S176,Streaming subscription,1,2025-02-05,26.75,C47719,Australia,26.75
116043,S826,Streaming subscription,4,2025-02-05,23.83,C83497,Australia,95.32
116044,S888,Streaming subscription,1,2025-02-05,23.95,C94189,Australia,23.95
116045,S359,Streaming subscription,3,2025-02-05,19.64,C22447,Australia,58.92
116046,S365,Streaming subscription,3,2025-02-05,26.25,C86981,Australia,78.75
116047,S268,Streaming subscription,2,2025-02-05,25.44,C33550,Australia,50.88
116048,S615,Streaming subscription,4,2025-02-05,29.35,C84391,Australia,117.4
116049,S919,Streaming subscription,1,2025-02-05,21.69,C59792,Canada,21.69
116041,S221,Streaming subscription,1,2025-02-05,22.31,C68404,Australia,22.31
116051,S494,Streaming subscription,1,2025-02-05,21.7,C95813,Canada,21.7
116052,S659,Streaming subscription,3,2025-02-05,15.06,C25972,Canada,45.18
116053,S271,Streaming subscription,5,2025-02-05,25.23,C71342,Canada,126.15
116054,S496,Streaming subscription,2,2025-02-05,21.47,C95753,Canada,42.94
116055,S455,Streaming subscription,5,2025-02-05,18.6,C45125,Canada,93.0
116056,S549,Streaming subscription,5,2025-02-05,23.84,C87771,Canada,119.2
116057,S148,Streaming subscription,3,2025-02-05,25.07,C30358,France,75.21000000000001
116058,S767,Streaming subscription,1,2025-02-05,31.63,C61926,France,31.63
116050,S592,Streaming subscription,5,2025-02-05,17.85,C51792,Canada,89.25
116108,S848,Streaming subscription,1,2025-02-06,34.55,C95612,Germany,34.55
116107,S735,Streaming subscription,5,2025-02-06,29.11,C80767,Germany,145.55
116103,S451,Streaming subscription,3,2025-02-06,22.93,C72148,France,68.78999999999999
116105,S915,Streaming subscription,3,2025-02-06,31.38,C89265,Germany,94.14
116104,S483,Streaming subscription,1,2025-02-06,28.54,C19606,France,28.54
116109,S345,Streaming subscription,5,2025-02-06,31.64,C72210,Germany,158.2
116106,S199,Streaming subscription,3,2025-02-06,32.58,C78819,Germany,97.74
116110,S390,Streaming subscription,3,2025-02-06,30.72,C62945,Germany,92.16
116115,S485,Streaming subscription,5,2025-02-06,35.03,C50481,United Kingdom,175.15
116112,S128,Streaming subscription,4,2025-02-06,31.49,C25498,Germany,125.96
116113,S476,Streaming subscription,3,2025-02-06,34.48,C67774,United Kingdom,103.44
116114,S757,Streaming subscription,4,2025-02-06,32.86,C76554,United Kingdom,131.44
116116,S998,Streaming subscription,1,2025-02-06,35.78,C95950,United Kingdom,35.78
116117,S451,Streaming subscription,5,2025-02-06,34.23,C39098,United Kingdom,171.14999999999998
116118,S205,Streaming subscription,1,2025-02-06,31.88,C54496,United Kingdom,31.88
116119,S425,Streaming subscription,1,2025-02-06,35.43,C45168,United Kingdom,35.43
116102,S619,Streaming subscription,3,2025-02-06,31.07,C14056,France,93.21000000000001
116111,S220,Streaming subscription,1,2025-02-06,26.16,C35839,Germany,26.16
116101,S524,Streaming subscription,5,2025-02-06,23.67,C48864,France,118.35000000000001
116120,S649,Streaming subscription,2,2025-02-06,40.0,C20397,United Kingdom,80.0
116099,S738,Streaming subscription,5,2025-02-06,21.41,C44344,France,107.05
116081,S946,Streaming subscription,2,2025-02-06,20.84,C18050,Australia,41.68
116082,S746,Streaming subscription,4,2025-02-06,19.41,C12204,Australia,77.64
116083,S893,Streaming subscription,2,2025-02-06,22.91,C52018,Australia,45.82
116084,S930,Streaming subscription,4,2025-02-06,24.24,C35008,Australia,96.96
116085,S306,Streaming subscription,5,2025-02-06,24.08,C18964,Australia,120.39999999999999
116086,S487,Streaming subscription,1,2025-02-06,21.47,C61700,Australia,21.47
116087,S727,Streaming subscription,2,2025-02-06,25.46,C92947,Australia,50.92
116088,S775,Streaming subscription,4,2025-02-06,25.35,C81097,Australia,101.4
116089,S398,Streaming subscription,3,2025-02-06,16.44,C70844,Canada,49.32000000000001
116100,S359,Streaming subscription,4,2025-02-06,27.15,C18096,France,108.6
116091,S316,Streaming subscription,4,2025-02-06,16.57,C25998,Canada,66.28
116092,S437,Streaming subscription,2,2025-02-06,19.1,C66495,Canada,38.2
116093,S861,Streaming subscription,-2,2025-02-06,18.1,C12893,Canada,-36.2
116094,S800,Streaming subscription,4,2025-02-06,20.83,C36092,Canada,83.32
116095,S258,Streaming subscription,5,2025-02-06,19.6,C65962,Canada,98.0
116096,S652,Streaming subscription,2,2025-02-06,18.42,C75358,Canada,36.84
116097,S225,Streaming subscription,4,2025-02-06,25.28,C71957,France,101.12
116098,S434,Streaming subscription,1,2025-02-06,29.51,C11533,France,29.51
116090,S466,Streaming subscription,4,2025-02-06,17.8,C56577,Canada,71.2
116148,S972,Streaming subscription,2,2025-02-07,33.67,C44993,Germany,67.34
116147,S674,Streaming subscription,3,2025-02-07,30.14,C60060,Germany,90.42
116143,S520,Streaming subscription,5,2025-02-07,30.81,C62646,France,154.04999999999998
116145,S823,Streaming subscription,3,2025-02-07,37.5,C16665,Germany,112.5
116144,S936,Streaming subscription,2,2025-02-07,20.5,C28513,France,41.0
116149,S738,Streaming subscription,1,2025-02-07,29.24,C78187,Germany,29.24
116146,S939,Streaming subscription,3,2025-02-07,28.35,C45892,Germany,85.05000000000001
116150,S939,Streaming subscription,1,2025-02-07,25.84,C18448,Germany,25.84
116155,S573,Streaming subscription,1,2025-02-07,37.47,C53297,United Kingdom,37.47
116152,S918,Streaming subscription,2,2025-02-07,31.74,C31165,Germany,63.48
116153,S153,Streaming subscription,2,2025-02-07,38.08,C37516,United Kingdom,76.16
116154,S448,Streaming subscription,2,2025-02-07,36.11,C25045,United Kingdom,72.22
116156,S858,Streaming subscription,4,2025-02-07,38.42,C91364,United Kingdom,153.68
116157,S542,Streaming subscription,1,2025-02-07,39.54,C39006,United Kingdom,39.54
116158,S846,Streaming subscription,4,2025-02-07,35.93,C19549,United Kingdom,143.72
116159,S227,Streaming subscription,2,2025-02-07,35.35,C44028,United Kingdom,70.7
116142,S364,Streaming subscription,2,2025-02-07,29.41,C78620,France,58.82
116151,S321,Streaming subscription,2,2025-02-07,32.58,C13833,Germany,65.16
116141,S816,Streaming subscription,4,2025-02-07,26.11,C44236,France,104.44
116160,S913,Streaming subscription,4,2025-02-07,31.09,C19177,United Kingdom,124.36
116139,S355,Streaming subscription,5,2025-02-07,23.86,C30678,France,119.3
116121,S988,Streaming subscription,2,2025-02-07,24.82,C24197,Australia,49.64
116122,S998,Streaming subscription,4,2025-02-07,21.55,C64037,Australia,86.2
116123,S962,Streaming subscription,5,2025-02-07,23.72,C40932,Australia,118.6
116124,S294,Streaming subscription,4,2025-02-07,27.5,C34484,Australia,110.0
116125,S973,Streaming subscription,5,2025-02-07,24.74,C65905,Australia,123.69999999999999
116126,S605,Streaming subscription,1,2025-02-07,27.41,C37075,Australia,27.41
116127,S991,Streaming subscription,2,2025-02-07,25.96,C50182,Australia,51.92
116128,S906,Streaming subscription,3,2025-02-07,17.71,C46972,Australia,53.13
116129,S801,Streaming subscription,5,2025-02-07,23.15,C19353,Canada,115.75
116140,S167,Streaming subscription,5,2025-02-07,20.2,C43444,France,101.0
116131,S490,Streaming subscription,4,2025-02-07,25.67,C42420,Canada,102.68
116132,S931,Streaming subscription,3,2025-02-07,22.67,C76027,Canada,68.01
116133,S274,Streaming subscription,4,2025-02-07,14.51,C94765,Canada,58.04
116134,S456,Streaming subscription,5,2025-02-07,23.12,C32473,Canada,115.60000000000001
116135,S857,Streaming subscription,5,2025-02-07,20.02,C46863,Canada,100.1
116136,S144,Streaming subscription,1,2025-02-07,20.67,C37947,Canada,20.67
116137,S965,Streaming subscription,3,2025-02-07,31.33,C19276,France,93.99
116138,S508,Streaming subscription,2,2025-02-07,21.56,C88699,France,43.12
116130,S205,Streaming subscription,5,2025-02-07,23.08,C86843,Canada,115.39999999999999
116188,S666,Streaming subscription,5,2025-02-08,31.83,C33410,Germany,159.14999999999998
116187,S455,Streaming subscription,2,2025-02-08,22.8,C97264,Germany,45.6
116186,S611,Streaming subscription,5,2025-02-08,25.43,C65231,Germany,127.15
116182,S423,Streaming subscription,5,2025-02-08,21.29,C50931,France,106.44999999999999
116184,S246,Streaming subscription,1,2025-02-08,25.34,C41966,France,25.34
116183,S278,Streaming subscription,5,2025-02-08,19.53,C50613,France,97.65
116189,S132,Streaming subscription,4,2025-02-08,22.93,C36440,Germany,91.72
116185,S845,Streaming subscription,1,2025-02-08,29.43,C45791,Germany,29.43
116190,S142,Streaming subscription,1,2025-02-08,30.19,C91686,Germany,30.19
116194,S516,Streaming subscription,2,2025-02-08,25.42,C57872,United Kingdom,50.84
116192,S460,Streaming subscription,3,2025-02-08,21.82,C78802,Germany,65.46000000000001
116193,S775,Streaming subscription,1,2025-02-08,30.71,C52347,United Kingdom,30.71
116195,S717,Streaming subscription,5,2025-02-08,32.75,C86278,United Kingdom,163.75
116196,S458,Streaming subscription,5,2025-02-08,29.6,C49868,United Kingdom,148.0
116197,S874,Streaming subscription,3,2025-02-08,24.85,C79163,United Kingdom,74.55000000000001
116198,S444,Streaming subscription,4,2025-02-08,30.74,C29368,United Kingdom,122.96
116199,S536,Streaming subscription,2,2025-02-08,35.05,C55521,United Kingdom,70.1
116181,S696,Streaming subscription,3,2025-02-08,25.96,C32089,France,77.88
116191,S561,Streaming subscription,3,2025-02-08,25.4,C46296,Germany,76.19999999999999
116200,S445,Streaming subscription,3,2025-02-08,30.64,C75815,United Kingdom,91.92
116180,S358,Streaming subscription,4,2025-02-08,19.71,C81834,France,78.84
116178,S402,Streaming subscription,4,2025-02-08,20.86,C70043,France,83.44
116179,S629,Streaming subscription,2,2025-02-08,22.57,C69450,France,45.14
116161,S265,Streaming subscription,5,2025-02-08,23.4,C34034,Australia,117.0
116162,S433,Streaming subscription,2,2025-02-08,26.48,C86400,Australia,52.96
116163,S622,Streaming subscription,2,2025-02-08,16.43,C83314,Australia,32.86
116164,S989,Streaming subscription,3,2025-02-08,22.77,C10628,Australia,68.31
116166,S522,Streaming subscription,3,2025-02-08,19.9,C89536,Australia,59.699999999999996
116167,S558,Streaming subscription,5,2025-02-08,20.24,C45047,Australia,101.19999999999999
116168,S928,Streaming subscription,4,2025-02-08,18.07,C69593,Australia,72.28
116165,S605,Streaming subscription,4,2025-02-08,18.18,C41607,Australia,72.72
116170,S357,Streaming subscription,5,2025-02-08,16.3,C22514,Canada,81.5
116169,S651,Streaming subscription,2,2025-02-08,17.12,C60307,Canada,34.24
116176,S673,Streaming subscription,2,2025-02-08,10.53,C61822,Canada,21.06
116175,S946,Streaming subscription,4,2025-02-08,18.19,C68931,Canada,72.76
116174,S492,Streaming subscription,2,2025-02-08,11.59,C73180,Canada,23.18
116177,S129,Streaming subscription,5,2025-02-08,25.64,C51922,France,128.2
116172,S443,Streaming subscription,4,2025-02-08,13.54,C48970,Canada,54.16
116171,S126,Streaming subscription,2,2025-02-08,8.22,C82469,Canada,16.44
116173,S512,Streaming subscription,2,2025-02-08,11.4,C82633,Canada,22.8
116230,S165,Streaming subscription,5,2025-02-09,25.78,C63360,Germany,128.9
116224,S932,Streaming subscription,2,2025-02-09,21.14,C52803,France,42.28
116225,S684,Streaming subscription,5,2025-02-09,28.95,C75210,Germany,144.75
116226,S896,Streaming subscription,1,2025-02-09,32.38,C43672,Germany,32.38
116227,S983,Streaming subscription,4,2025-02-09,29.84,C70276,Germany,119.36
116228,S179,Streaming subscription,3,2025-02-09,27.37,C81176,Germany,82.11
116229,S263,Streaming subscription,1,2025-02-09,27.81,C24744,Germany,27.81
116231,S742,Streaming subscription,4,2025-02-09,24.83,C70143,Germany,99.32
116223,S370,Streaming subscription,1,2025-02-09,24.63,C53947,France,24.63
116233,S641,Streaming subscription,2,2025-02-09,30.84,C43920,United Kingdom,61.68
116234,S263,Streaming subscription,1,2025-02-09,32.25,C54796,United Kingdom,32.25
116235,S393,Streaming subscription,1,2025-02-09,36.56,C61116,United Kingdom,36.56
116236,S184,Streaming subscription,4,2025-02-09,31.06,C68380,United Kingdom,124.24
116237,S898,Streaming subscription,5,2025-02-09,28.77,C35387,United Kingdom,143.85
116238,S810,Streaming subscription,1,2025-02-09,28.24,C84228,United Kingdom,28.24
116239,S337,Streaming subscription,5,2025-02-09,26.44,C95723,United Kingdom,132.20000000000002
116240,S901,Streaming subscription,2,2025-02-09,27.16,C72509,United Kingdom,54.32
116232,S510,Streaming subscription,3,2025-02-09,31.08,C69364,Germany,93.24
116222,S243,Streaming subscription,1,2025-02-09,22.63,C30795,France,22.63
116221,S346,Streaming subscription,5,2025-02-09,22.18,C13387,France,110.9
116201,S830,Streaming subscription,1,2025-02-09,22.65,C65457,Australia,22.65
116220,S422,Streaming subscription,5,2025-02-09,21.75,C17126,France,108.75
116202,S182,Streaming subscription,3,2025-02-09,20.17,C96335,Australia,60.510000000000005
116203,S859,Streaming subscription,1,2025-02-09,28.99,C12285,Australia,28.99
116204,S327,Streaming subscription,3,2025-02-09,17.64,C28257,Australia,52.92
116205,S398,Streaming subscription,4,2025-02-09,22.36,C96396,Australia,89.44
116207,S958,Streaming subscription,1,2025-02-09,19.48,C42261,Australia,19.48
116208,S700,Streaming subscription,2,2025-02-09,23.09,C85900,Australia,46.18
116209,S478,Streaming subscription,2,2025-02-09,15.42,C19710,Canada,30.84
116210,S839,Streaming subscription,3,2025-02-09,14.6,C82525,Canada,43.8
116206,S407,Streaming subscription,2,2025-02-09,18.74,C23192,Australia,37.48
116212,S701,Streaming subscription,2,2025-02-09,13.06,C93421,Canada,26.12
116213,S311,Streaming subscription,4,2025-02-09,18.03,C10800,Canada,72.12
116214,S965,Streaming subscription,3,2025-02-09,17.92,C75280,Canada,53.760000000000005
116215,S992,Streaming subscription,5,2025-02-09,15.55,C55852,Canada,77.75
116216,S285,Streaming subscription,4,2025-02-09,12.04,C24922,Canada,48.16
116217,S786,Streaming subscription,3,2025-02-09,23.14,C17574,France,69.42
116218,S857,Streaming subscription,2,2025-02-09,18.3,C88802,France,36.6
116211,S812,Streaming subscription,1,2025-02-09,20.43,C62735,Canada,20.43
116219,S517,Streaming subscription,1,2025-02-09,22.98,C80237,France,22.98
116270,S135,Streaming subscription,1,2025-02-10,27.12,C43871,Germany,27.12
116269,S252,Streaming subscription,2,2025-02-10,34.72,C55190,Germany,69.44
116268,S943,Streaming subscription,1,2025-02-10,27.94,C30439,Germany,27.94
116264,S845,Streaming subscription,3,2025-02-10,32.43,C76729,France,97.28999999999999
116266,S313,Streaming subscription,5,2025-02-10,34.56,C86144,Germany,172.8
116265,S665,Streaming subscription,5,2025-02-10,28.83,C97854,Germany,144.14999999999998
116271,S956,Streaming subscription,3,2025-02-10,31.25,C45595,Germany,93.75
116267,S141,Streaming subscription,4,2025-02-10,28.12,C50281,Germany,112.48
116272,S328,Streaming subscription,2,2025-02-10,28.03,C68062,Germany,56.06
116260,S632,Streaming subscription,2,2025-02-10,28.81,C67492,France,57.62
116274,S770,Streaming subscription,2,2025-02-10,37.49,C65409,United Kingdom,74.98
116275,S581,Streaming subscription,2,2025-02-10,34.88,C74839,United Kingdom,69.76
116276,S313,Streaming subscription,2,2025-02-10,29.85,C45789,United Kingdom,59.7
116277,S675,Streaming subscription,3,2025-02-10,32.91,C25308,United Kingdom,98.72999999999999
116278,S414,Streaming subscription,5,2025-02-10,36.83,C73232,United Kingdom,184.14999999999998
116279,S539,Streaming subscription,1,2025-02-10,34.63,C54895,United Kingdom,34.63
116280,S441,Streaming subscription,4,2025-02-10,36.51,C89985,United Kingdom,146.04
116263,S417,Streaming subscription,5,2025-02-10,16.93,C76063,France,84.65
116273,S789,Streaming subscription,4,2025-02-10,38.24,C36265,United Kingdom,152.96
116262,S399,Streaming subscription,1,2025-02-10,22.17,C98937,France,22.17
116254,S538,Streaming subscription,3,2025-02-10,19.59,C63775,Canada,58.769999999999996
116247,S864,Streaming subscription,3,2025-02-10,24.5,C68076,Australia,73.5
116241,S207,Streaming subscription,1,2025-02-10,28.56,C84758,Australia,28.56
116242,S391,Streaming subscription,5,2025-02-10,24.87,C22230,Australia,124.35000000000001
116243,S458,Streaming subscription,1,2025-02-10,20.52,C96975,Australia,20.52
116244,S154,Streaming subscription,5,2025-02-10,21.15,C32300,Australia,105.75
116245,S595,Streaming subscription,4,2025-02-10,23.76,C60486,Australia,95.04
116246,S801,Streaming subscription,5,2025-02-10,22.13,C23546,Australia,110.64999999999999
116261,S694,Streaming subscription,5,2025-02-10,26.71,C78315,France,133.55
116248,S622,Streaming subscription,-2,2025-02-10,19.56,C23578,Australia,-39.12
116249,S457,Streaming subscription,5,2025-02-10,20.72,C21925,Canada,103.6
116250,S363,Streaming subscription,3,2025-02-10,17.35,C22498,Canada,52.050000000000004
116251,S499,Streaming subscription,1,2025-02-10,21.14,C64777,Canada,21.14
116252,S148,Streaming subscription,1,2025-02-10,13.89,C89668,Canada,13.89
116253,S802,Streaming subscription,2,2025-02-10,22.28,C94288,Canada,44.56
116255,S297,Streaming subscription,3,2025-02-10,24.22,C81318,Canada,72.66
116256,S815,Streaming subscription,5,2025-02-10,19.27,C34254,Canada,96.35
116257,S357,Streaming subscription,2,2025-02-10,24.66,C78961,France,49.32
116258,S855,Streaming subscription,5,2025-02-10,17.9,C45913,France,89.5
116259,S513,Streaming subscription,5,2025-02-10,28.26,C47922,France,141.3
116308,S417,Streaming subscription,2,2025-02-11,32.65,C26781,Germany,65.3
116307,S926,Streaming subscription,3,2025-02-11,30.48,C14440,Germany,91.44
116306,S846,Streaming subscription,3,2025-02-11,25.41,C21632,Germany,76.23
116303,S665,Streaming subscription,4,2025-02-11,28.35,C82381,France,113.4
116304,S252,Streaming subscription,5,2025-02-11,20.02,C72447,France,100.1
116309,S235,Streaming subscription,4,2025-02-11,29.7,C96703,Germany,118.8
116305,S732,Streaming subscription,2,2025-02-11,30.12,C58936,Germany,60.24
116310,S154,Streaming subscription,4,2025-02-11,31.96,C80307,Germany,127.84
116320,S694,Streaming subscription,2,2025-02-11,28.99,C24631,United Kingdom,57.98
116312,S323,Streaming subscription,5,2025-02-11,31.31,C58953,Germany,156.54999999999998
116313,S619,Streaming subscription,1,2025-02-11,38.55,C50101,United Kingdom,38.55
116314,S609,Streaming subscription,2,2025-02-11,36.78,C40188,United Kingdom,73.56
116316,S593,Streaming subscription,2,2025-02-11,30.91,C66936,United Kingdom,61.82
116317,S728,Streaming subscription,5,2025-02-11,37.05,C11872,United Kingdom,185.25
116318,S308,Streaming subscription,5,2025-02-11,34.85,C75955,United Kingdom,174.25
116319,S401,Streaming subscription,5,2025-02-11,36.62,C54897,United Kingdom,183.1
116302,S916,Streaming subscription,1,2025-02-11,22.4,C42354,France,22.4
116311,S302,Streaming subscription,4,2025-02-11,30.16,C87978,Germany,120.64
116301,S822,Streaming subscription,1,2025-02-11,24.17,C47266,France,24.17
116315,S363,Streaming subscription,1,2025-02-11,34.48,C98735,United Kingdom,34.48
116299,S442,Streaming subscription,5,2025-02-11,25.3,C98284,France,126.5
116300,S626,Streaming subscription,5,2025-02-11,21.12,C67357,France,105.60000000000001
116282,S607,Streaming subscription,5,2025-02-11,24.4,C17664,Australia,122.0
116283,S918,Streaming subscription,4,2025-02-11,22.6,C97002,Australia,90.4
116284,S423,Streaming subscription,3,2025-02-11,26.39,C34276,Australia,79.17
116285,S752,Streaming subscription,4,2025-02-11,31.6,C65925,Australia,126.4
116286,S733,Streaming subscription,3,2025-02-11,22.04,C69641,Australia,66.12
116287,S662,Streaming subscription,2,2025-02-11,24.46,C89610,Australia,48.92
116288,S839,Streaming subscription,-2,2025-02-11,26.93,C21074,Australia,-53.86
116289,S319,Streaming subscription,1,2025-02-11,20.33,C54285,Canada,20.33
116281,S568,Streaming subscription,4,2025-02-11,22.22,C58641,Australia,88.88
116291,S701,Streaming subscription,3,2025-02-11,22.26,C34584,Canada,66.78
116290,S859,Streaming subscription,5,2025-02-11,15.36,C46968,Canada,76.8
116297,S780,Streaming subscription,1,2025-02-11,20.84,C48819,France,20.84
116296,S329,Streaming subscription,5,2025-02-11,15.3,C30792,Canada,76.5
116295,S338,Streaming subscription,-2,2025-02-11,16.88,C76082,Canada,-33.76
116298,S798,Streaming subscription,2,2025-02-11,19.49,C42697,France,38.98
116293,S996,Streaming subscription,1,2025-02-11,22.23,C12984,Canada,22.23
116292,S284,Streaming subscription,5,2025-02-11,16.21,C80204,Canada,81.05000000000001
116294,S509,Streaming subscription,5,2025-02-11,16.55,C97168,Canada,82.75
116360,S669,Streaming subscription,5,2025-02-12,37.43,C55727,United Kingdom,187.15
116343,S643,Streaming subscription,5,2025-02-12,27.53,C52362,France,137.65
116344,S682,Streaming subscription,4,2025-02-12,25.64,C31867,France,102.56
116345,S985,Streaming subscription,5,2025-02-12,26.98,C58946,Germany,134.9
116346,S585,Streaming subscription,1,2025-02-12,30.48,C87143,Germany,30.48
116347,S607,Streaming subscription,4,2025-02-12,26.79,C41761,Germany,107.16
116348,S599,Streaming subscription,1,2025-02-12,30.93,C14528,Germany,30.93
116349,S138,Streaming subscription,2,2025-02-12,34.87,C25695,Germany,69.74
116350,S820,Streaming subscription,2,2025-02-12,31.21,C50173,Germany,62.42
116352,S924,Streaming subscription,1,2025-02-12,28.76,C22868,Germany,28.76
116353,S131,Streaming subscription,5,2025-02-12,38.64,C64893,United Kingdom,193.2
116354,S586,Streaming subscription,5,2025-02-12,37.42,C70273,United Kingdom,187.10000000000002
116356,S778,Streaming subscription,-2,2025-02-12,35.18,C40165,United Kingdom,-70.36
116357,S168,Streaming subscription,2,2025-02-12,36.28,C12006,United Kingdom,72.56
116358,S445,Streaming subscription,1,2025-02-12,34.64,C87342,United Kingdom,34.64
116359,S960,Streaming subscription,4,2025-02-12,37.52,C91325,United Kingdom,150.08
116342,S317,Streaming subscription,5,2025-02-12,34.85,C75237,France,174.25
116351,S838,Streaming subscription,-2,2025-02-12,27.37,C39540,Germany,-54.74
116341,S399,Streaming subscription,5,2025-02-12,20.43,C41566,France,102.15
116355,S791,Streaming subscription,4,2025-02-12,33.7,C16548,United Kingdom,134.8
116339,S922,Streaming subscription,1,2025-02-12,25.66,C38782,France,25.66
116340,S612,Streaming subscription,1,2025-02-12,27.14,C62669,France,27.14
116321,S663,Streaming subscription,1,2025-02-12,24.64,C23646,Australia,24.64
116322,S312,Streaming subscription,5,2025-02-12,20.91,C61877,Australia,104.55
116323,S247,Streaming subscription,-1,2025-02-12,20.86,C29935,Australia,-20.86
116324,S174,Streaming subscription,2,2025-02-12,19.45,C68943,Australia,38.9
116325,S441,Streaming subscription,1,2025-02-12,28.09,C46065,Australia,28.09
116327,S656,Streaming subscription,1,2025-02-12,15.2,C51805,Australia,15.2
116328,S672,Streaming subscription,3,2025-02-12,27.76,C78235,Australia,83.28
116329,S485,Streaming subscription,5,2025-02-12,17.59,C92402,Canada,87.95
116326,S949,Streaming subscription,3,2025-02-12,30.01,C94841,Australia,90.03
116331,S653,Streaming subscription,2,2025-02-12,21.42,C97768,Canada,42.84
116332,S925,Streaming subscription,3,2025-02-12,19.19,C62473,Canada,57.57000000000001
116333,S882,Streaming subscription,3,2025-02-12,24.98,C92291,Canada,74.94
116334,S562,Streaming subscription,2,2025-02-12,18.99,C94729,Canada,37.98
116335,S861,Streaming subscription,2,2025-02-12,13.34,C24899,Canada,26.68
116336,S647,Streaming subscription,1,2025-02-12,26.56,C39603,Canada,26.56
116337,S561,Streaming subscription,3,2025-02-12,21.75,C97472,France,65.25
116330,S206,Streaming subscription,1,2025-02-12,17.01,C48609,Canada,17.01
116338,S899,Streaming subscription,5,2025-02-12,29.1,C83225,France,145.5
116388,S213,Streaming subscription,4,2025-02-13,28.58,C59546,Germany,114.32
116387,S235,Streaming subscription,3,2025-02-13,27.83,C11144,Germany,83.49
116386,S399,Streaming subscription,4,2025-02-13,29.53,C57576,Germany,118.12
116383,S367,Streaming subscription,2,2025-02-13,33.17,C57877,France,66.34
116384,S279,Streaming subscription,5,2025-02-13,25.39,C62668,France,126.95
116389,S803,Streaming subscription,2,2025-02-13,40.0,C92842,Germany,80.0
116385,S325,Streaming subscription,5,2025-02-13,30.43,C65297,Germany,152.15
116390,S533,Streaming subscription,4,2025-02-13,33.24,C57151,Germany,132.96
116400,S234,Streaming subscription,3,2025-02-13,35.15,C39193,United Kingdom,105.44999999999999
116392,S386,Streaming subscription,2,2025-02-13,33.35,C43460,Germany,66.7
116393,S808,Streaming subscription,4,2025-02-13,32.81,C78486,United Kingdom,131.24
116394,S541,Streaming subscription,3,2025-02-13,32.54,C13899,United Kingdom,97.62
116395,S763,Streaming subscription,5,2025-02-13,36.69,C74879,United Kingdom,183.45
116396,S365,Streaming subscription,3,2025-02-13,35.99,C52143,United Kingdom,107.97
116397,S791,Streaming subscription,1,2025-02-13,31.71,C95789,United Kingdom,31.71
116398,S826,Streaming subscription,4,2025-02-13,31.07,C13948,United Kingdom,124.28
116399,S365,Streaming subscription,5,2025-02-13,38.3,C62963,United Kingdom,191.5
116382,S511,Streaming subscription,2,2025-02-13,22.51,C29687,France,45.02
116391,S437,Streaming subscription,2,2025-02-13,35.18,C27990,Germany,70.36
116381,S650,Streaming subscription,1,2025-02-13,30.23,C18283,France,30.23
116375,S823,Streaming subscription,4,2025-02-13,17.19,C91029,Canada,68.76
116379,S172,Streaming subscription,2,2025-02-13,24.02,C96536,France,48.04
116361,S448,Streaming subscription,2,2025-02-13,25.35,C87500,Australia,50.7
116362,S728,Streaming subscription,1,2025-02-13,25.53,C47705,Australia,25.53
116363,S651,Streaming subscription,1,2025-02-13,25.15,C51571,Australia,25.15
116364,S823,Streaming subscription,3,2025-02-13,24.02,C20899,Australia,72.06
116380,S420,Streaming subscription,1,2025-02-13,32.89,C18079,France,32.89
116366,S245,Streaming subscription,2,2025-02-13,28.97,C70891,Australia,57.94
116367,S627,Streaming subscription,5,2025-02-13,21.84,C84791,Australia,109.2
116368,S459,Streaming subscription,2,2025-02-13,25.55,C42839,Australia,51.1
116365,S295,Streaming subscription,2,2025-02-13,27.78,C14474,Australia,55.56
116370,S321,Streaming subscription,5,2025-02-13,24.33,C22625,Canada,121.64999999999999
116371,S398,Streaming subscription,3,2025-02-13,21.85,C73240,Canada,65.55000000000001
116372,S542,Streaming subscription,3,2025-02-13,19.19,C51326,Canada,57.57000000000001
116373,S764,Streaming subscription,3,2025-02-13,19.01,C70550,Canada,57.03
116374,S942,Streaming subscription,3,2025-02-13,15.77,C44899,Canada,47.31
116376,S259,Streaming subscription,4,2025-02-13,24.27,C55077,Canada,97.08
116377,S849,Streaming subscription,1,2025-02-13,26.82,C67875,France,26.82
116378,S951,Streaming subscription,5,2025-02-13,28.85,C45437,France,144.25
116369,S676,Streaming subscription,3,2025-02-13,22.99,C40435,Canada,68.97
116429,S857,Streaming subscription,5,2025-02-14,27.49,C33942,Germany,137.45
116428,S476,Streaming subscription,5,2025-02-14,31.42,C83631,Germany,157.10000000000002
116427,S425,Streaming subscription,5,2025-02-14,27.37,C29611,Germany,136.85
116440,S522,Streaming subscription,2,2025-02-14,35.27,C98128,United Kingdom,70.54
116425,S351,Streaming subscription,3,2025-02-14,34.24,C76734,Germany,102.72
116424,S541,Streaming subscription,3,2025-02-14,29.73,C84023,France,89.19
116423,S543,Streaming subscription,3,2025-02-14,25.43,C81217,France,76.28999999999999
116426,S479,Streaming subscription,5,2025-02-14,36.77,C91413,Germany,183.85000000000002
116430,S738,Streaming subscription,5,2025-02-14,27.93,C35712,Germany,139.65
116422,S312,Streaming subscription,3,2025-02-14,32.27,C12180,France,96.81
116432,S665,Streaming subscription,5,2025-02-14,31.02,C76909,Germany,155.1
116433,S147,Streaming subscription,2,2025-02-14,34.6,C22753,United Kingdom,69.2
116434,S629,Streaming subscription,4,2025-02-14,35.32,C73539,United Kingdom,141.28
116435,S765,Streaming subscription,2,2025-02-14,32.71,C60581,United Kingdom,65.42
116436,S170,Streaming subscription,4,2025-02-14,34.13,C78425,United Kingdom,136.52
116437,S405,Streaming subscription,4,2025-02-14,35.06,C44578,United Kingdom,140.24
116438,S133,Streaming subscription,4,2025-02-14,38.58,C84944,United Kingdom,154.32
116439,S625,Streaming subscription,5,2025-02-14,40.0,C94703,United Kingdom,200.0
116431,S171,Streaming subscription,3,2025-02-14,36.12,C31867,Germany,108.35999999999999
116421,S333,Streaming subscription,2,2025-02-14,31.38,C96177,France,62.76
116411,S514,Streaming subscription,2,2025-02-14,20.19,C48899,Canada,40.38
116419,S876,Streaming subscription,1,2025-02-14,28.52,C37559,France,28.52
116401,S226,Streaming subscription,3,2025-02-14,27.12,C11323,Australia,81.36
116402,S922,Streaming subscription,2,2025-02-14,24.84,C44169,Australia,49.68
116403,S910,Streaming subscription,2,2025-02-14,16.62,C88791,Australia,33.24
116404,S342,Streaming subscription,3,2025-02-14,22.54,C97181,Australia,67.62
116405,S826,Streaming subscription,4,2025-02-14,21.04,C19166,Australia,84.16
116406,S695,Streaming subscription,1,2025-02-14,32.65,C54771,Australia,32.65
116407,S215,Streaming subscription,2,2025-02-14,26.48,C79031,Australia,52.96
116408,S148,Streaming subscription,4,2025-02-14,29.88,C43153,Australia,119.52
116420,S946,Streaming subscription,4,2025-02-14,29.67,C80855,France,118.68
116410,S549,Streaming subscription,2,2025-02-14,14.52,C95749,Canada,29.04
116412,S832,Streaming subscription,3,2025-02-14,17.25,C29097,Canada,51.75
116413,S988,Streaming subscription,2,2025-02-14,25.83,C23613,Canada,51.66
116414,S630,Streaming subscription,2,2025-02-14,17.71,C31389,Canada,35.42
116415,S269,Streaming subscription,2,2025-02-14,21.58,C69959,Canada,43.16
116416,S469,Streaming subscription,3,2025-02-14,17.73,C23075,Canada,53.19
116417,S465,Streaming subscription,1,2025-02-14,23.83,C66983,France,23.83
116418,S651,Streaming subscription,3,2025-02-14,31.61,C17844,France,94.83
116409,S161,Streaming subscription,3,2025-02-14,25.16,C86735,Canada,75.48
116469,S133,Streaming subscription,2,2025-02-15,29.31,C65333,Germany,58.62
116468,S898,Streaming subscription,1,2025-02-15,28.96,C20832,Germany,28.96
116464,S326,Streaming subscription,4,2025-02-15,21.7,C91286,France,86.8
116466,S849,Streaming subscription,2,2025-02-15,29.6,C44640,Germany,59.2
116465,S228,Streaming subscription,5,2025-02-15,27.19,C17718,Germany,135.95000000000002
116470,S420,Streaming subscription,4,2025-02-15,32.82,C67205,Germany,131.28
116467,S753,Streaming subscription,2,2025-02-15,27.08,C99807,Germany,54.16
116471,S568,Streaming subscription,5,2025-02-15,22.72,C42432,Germany,113.6
116476,S279,Streaming subscription,5,2025-02-15,31.14,C64793,United Kingdom,155.7
116473,S773,Streaming subscription,3,2025-02-15,31.98,C44509,United Kingdom,95.94
116474,S943,Streaming subscription,4,2025-02-15,27.71,C79471,United Kingdom,110.84
116475,S226,Streaming subscription,5,2025-02-15,36.05,C42283,United Kingdom,180.25
116477,S111,Streaming subscription,1,2025-02-15,26.65,C28759,United Kingdom,26.65
116478,S648,Streaming subscription,2,2025-02-15,29.49,C80915,United Kingdom,58.98
116479,S299,Streaming subscription,-2,2025-02-15,23.2,C77876,United Kingdom,-46.4
116480,S936,Streaming subscription,1,2025-02-15,30.34,C33061,United Kingdom,30.34
116463,S169,Streaming subscription,4,2025-02-15,23.37,C33640,France,93.48
116472,S785,Streaming subscription,1,2025-02-15,28.45,C75283,Germany,28.45
116462,S680,Streaming subscription,5,2025-02-15,24.11,C64865,France,120.55
116461,S721,Streaming subscription,5,2025-02-15,29.34,C33318,France,146.7
116441,S805,Streaming subscription,5,2025-02-15,21.62,C78624,Australia,108.10000000000001
116460,S669,Streaming subscription,5,2025-02-15,23.54,C62567,France,117.69999999999999
116442,S214,Streaming subscription,4,2025-02-15,27.6,C14856,Australia,110.4
116443,S342,Streaming subscription,4,2025-02-15,18.7,C19592,Australia,74.8
116444,S289,Streaming subscription,-1,2025-02-15,24.2,C89121,Australia,-24.2
116445,S775,Streaming subscription,3,2025-02-15,17.65,C34449,Australia,52.949999999999996
116447,S697,Streaming subscription,5,2025-02-15,28.29,C91058,Australia,141.45
116448,S411,Streaming subscription,1,2025-02-15,21.59,C46469,Australia,21.59
116449,S106,Streaming subscription,2,2025-02-15,15.76,C95226,Canada,31.52
116450,S914,Streaming subscription,5,2025-02-15,14.57,C28522,Canada,72.85
116446,S399,Streaming subscription,2,2025-02-15,17.67,C17995,Australia,35.34
116452,S722,Streaming subscription,4,2025-02-15,12.6,C91160,Canada,50.4
116451,S160,Streaming subscription,2,2025-02-15,24.43,C23057,Canada,48.86
116458,S292,Streaming subscription,2,2025-02-15,22.76,C37381,France,45.52
116457,S175,Streaming subscription,1,2025-02-15,21.23,C24603,France,21.23
116456,S114,Streaming subscription,5,2025-02-15,19.93,C79638,Canada,99.65
116459,S850,Streaming subscription,1,2025-02-15,22.25,C46532,France,22.25
116454,S877,Streaming subscription,3,2025-02-15,21.46,C67691,Canada,64.38
116453,S582,Streaming subscription,5,2025-02-15,12.98,C97181,Canada,64.9
116455,S700,Streaming subscription,4,2025-02-15,13.23,C35247,Canada,52.92
116510,S236,Streaming subscription,5,2025-02-16,25.39,C80271,Germany,126.95
116503,S145,Streaming subscription,5,2025-02-16,26.95,C67309,France,134.75
116504,S773,Streaming subscription,5,2025-02-16,23.51,C21363,France,117.55000000000001
116505,S811,Streaming subscription,1,2025-02-16,26.53,C18436,Germany,26.53
116506,S838,Streaming subscription,2,2025-02-16,26.02,C10037,Germany,52.04
116507,S572,Streaming subscription,1,2025-02-16,22.52,C32714,Germany,22.52
116508,S496,Streaming subscription,5,2025-02-16,25.1,C81788,Germany,125.5
116509,S403,Streaming subscription,4,2025-02-16,22.37,C61275,Germany,89.48
116511,S560,Streaming subscription,-2,2025-02-16,22.61,C75517,Germany,-45.22
116502,S892,Streaming subscription,1,2025-02-16,26.18,C79318,France,26.18
116513,S206,Streaming subscription,2,2025-02-16,27.38,C82606,United Kingdom,54.76
116514,S493,Streaming subscription,1,2025-02-16,30.62,C30435,United Kingdom,30.62
116515,S608,Streaming subscription,1,2025-02-16,30.34,C25860,United Kingdom,30.34
116516,S551,Streaming subscription,4,2025-02-16,27.7,C17068,United Kingdom,110.8
116517,S976,Streaming subscription,3,2025-02-16,26.24,C49215,United Kingdom,78.72
116518,S352,Streaming subscription,5,2025-02-16,28.78,C61425,United Kingdom,143.9
116519,S745,Streaming subscription,4,2025-02-16,34.01,C12473,United Kingdom,136.04
116520,S439,Streaming subscription,3,2025-02-16,32.37,C59960,United Kingdom,97.10999999999999
116512,S361,Streaming subscription,1,2025-02-16,28.15,C47602,Germany,28.15
116501,S660,Streaming subscription,-1,2025-02-16,23.23,C83782,France,-23.23
116481,S773,Streaming subscription,5,2025-02-16,21.87,C35465,Australia,109.35000000000001
116499,S619,Streaming subscription,3,2025-02-16,24.81,C80122,France,74.42999999999999
116500,S448,Streaming subscription,4,2025-02-16,25.45,C58533,France,101.8
116482,S861,Streaming subscription,1,2025-02-16,21.9,C76766,Australia,21.9
116483,S120,Streaming subscription,2,2025-02-16,21.66,C88508,Australia,43.32
116484,S869,Streaming subscription,3,2025-02-16,21.0,C56244,Australia,63.0
116485,S279,Streaming subscription,3,2025-02-16,17.25,C24541,Australia,51.75
116487,S299,Streaming subscription,1,2025-02-16,22.31,C94912,Australia,22.31
116488,S533,Streaming subscription,1,2025-02-16,19.68,C89364,Australia,19.68
116489,S110,Streaming subscription,1,2025-02-16,18.02,C51660,Canada,18.02
116486,S531,Streaming subscription,3,2025-02-16,20.88,C91283,Australia,62.64
116491,S424,Streaming subscription,4,2025-02-16,11.65,C21353,Canada,46.6
116492,S330,Streaming subscription,5,2025-02-16,18.37,C12434,Canada,91.85000000000001
116493,S241,Streaming subscription,5,2025-02-16,16.35,C64901,Canada,81.75
116494,S463,Streaming subscription,3,2025-02-16,14.84,C96612,Canada,44.519999999999996
116495,S675,Streaming subscription,3,2025-02-16,21.39,C50873,Canada,64.17
116496,S547,Streaming subscription,3,2025-02-16,15.21,C67797,Canada,45.63
116497,S229,Streaming subscription,2,2025-02-16,24.85,C94896,France,49.7
116490,S712,Streaming subscription,1,2025-02-16,20.89,C33066,Canada,20.89
116498,S890,Streaming subscription,4,2025-02-16,23.23,C41575,France,92.92
116549,S330,Streaming subscription,1,2025-02-17,29.36,C86499,Germany,29.36
116548,S694,Streaming subscription,4,2025-02-17,24.15,C97882,Germany,96.6
116547,S678,Streaming subscription,5,2025-02-17,28.78,C24233,Germany,143.9
116543,S932,Streaming subscription,2,2025-02-17,28.28,C96165,France,56.56
116545,S269,Streaming subscription,4,2025-02-17,33.66,C50655,Germany,134.64
116544,S106,Streaming subscription,5,2025-02-17,31.65,C13210,France,158.25
116550,S859,Streaming subscription,4,2025-02-17,29.33,C91655,Germany,117.32
116546,S414,Streaming subscription,2,2025-02-17,35.14,C63051,Germany,70.28
116551,S349,Streaming subscription,2,2025-02-17,27.57,C94502,Germany,55.14
116560,S144,Streaming subscription,3,2025-02-17,35.68,C83926,United Kingdom,107.03999999999999
116553,S405,Streaming subscription,5,2025-02-17,30.16,C84907,United Kingdom,150.8
116554,S563,Streaming subscription,3,2025-02-17,40.0,C45975,United Kingdom,120.0
116555,S190,Streaming subscription,4,2025-02-17,35.53,C35846,United Kingdom,142.12
116556,S457,Streaming subscription,4,2025-02-17,40.0,C32037,United Kingdom,160.0
116557,S276,Streaming subscription,2,2025-02-17,37.12,C22743,United Kingdom,74.24
116558,S694,Streaming subscription,1,2025-02-17,39.17,C35517,United Kingdom,39.17
116559,S891,Streaming subscription,4,2025-02-17,34.33,C91007,United Kingdom,137.32
116542,S838,Streaming subscription,4,2025-02-17,28.56,C84334,France,114.24
116552,S985,Streaming subscription,4,2025-02-17,37.63,C12543,Germany,150.52
116541,S475,Streaming subscription,3,2025-02-17,24.03,C83336,France,72.09
116521,S593,Streaming subscription,1,2025-02-17,29.58,C99342,Australia,29.58
116539,S937,Streaming subscription,3,2025-02-17,27.83,C74633,France,83.49
116522,S221,Streaming subscription,3,2025-02-17,29.8,C46282,Australia,89.4
116523,S766,Streaming subscription,3,2025-02-17,28.73,C51892,Australia,86.19
116524,S341,Streaming subscription,1,2025-02-17,24.09,C59104,Australia,24.09
116525,S861,Streaming subscription,2,2025-02-17,26.61,C49873,Australia,53.22
116526,S219,Streaming subscription,4,2025-02-17,25.07,C89348,Australia,100.28
116527,S339,Streaming subscription,5,2025-02-17,30.27,C47435,Australia,151.35
116528,S680,Streaming subscription,1,2025-02-17,30.0,C89732,Australia,30.0
116529,S778,Streaming subscription,4,2025-02-17,22.85,C58499,Canada,91.4
116540,S253,Streaming subscription,5,2025-02-17,30.74,C50703,France,153.7
116531,S811,Streaming subscription,2,2025-02-17,19.74,C47077,Canada,39.48
116532,S225,Streaming subscription,4,2025-02-17,17.91,C52508,Canada,71.64
116533,S586,Streaming subscription,5,2025-02-17,22.89,C43908,Canada,114.45
116534,S558,Streaming subscription,2,2025-02-17,20.99,C25521,Canada,41.98
116535,S232,Streaming subscription,5,2025-02-17,20.55,C20285,Canada,102.75
116536,S595,Streaming subscription,5,2025-02-17,22.3,C60251,Canada,111.5
116537,S696,Streaming subscription,5,2025-02-17,24.33,C14326,France,121.64999999999999
116538,S420,Streaming subscription,2,2025-02-17,30.81,C74845,France,61.62
116530,S542,Streaming subscription,5,2025-02-17,19.74,C57990,Canada,98.69999999999999
116588,S675,Streaming subscription,5,2025-02-18,32.77,C51966,Germany,163.85000000000002
116587,S970,Streaming subscription,5,2025-02-18,26.81,C27677,Germany,134.04999999999998
116583,S132,Streaming subscription,2,2025-02-18,29.4,C59965,France,58.8
116585,S175,Streaming subscription,2,2025-02-18,30.63,C37027,Germany,61.26
116584,S287,Streaming subscription,5,2025-02-18,32.1,C25301,France,160.5
116589,S889,Streaming subscription,4,2025-02-18,30.75,C13650,Germany,123.0
116586,S178,Streaming subscription,2,2025-02-18,34.43,C45613,Germany,68.86
116590,S518,Streaming subscription,4,2025-02-18,35.38,C26761,Germany,141.52
116595,S958,Streaming subscription,1,2025-02-18,40.0,C66366,United Kingdom,40.0
116592,S101,Streaming subscription,4,2025-02-18,30.14,C41989,Germany,120.56
116593,S248,Streaming subscription,3,2025-02-18,27.35,C33259,United Kingdom,82.05000000000001
116594,S220,Streaming subscription,1,2025-02-18,38.0,C44233,United Kingdom,38.0
116596,S714,Streaming subscription,3,2025-02-18,40.0,C90603,United Kingdom,120.0
116597,S523,Streaming subscription,1,2025-02-18,38.1,C26669,United Kingdom,38.1
116598,S945,Streaming subscription,4,2025-02-18,37.9,C95989,United Kingdom,151.6
116599,S676,Streaming subscription,5,2025-02-18,38.21,C32391,United Kingdom,191.05
116582,S836,Streaming subscription,2,2025-02-18,23.49,C17999,France,46.98
116591,S422,Streaming subscription,1,2025-02-18,29.31,C74167,Germany,29.31
116600,S839,Streaming subscription,4,2025-02-18,40.0,C98789,United Kingdom,160.0
116581,S911,Streaming subscription,5,2025-02-18,32.83,C16101,France,164.14999999999998
116579,S668,Streaming subscription,1,2025-02-18,29.79,C59197,France,29.79
116580,S725,Streaming subscription,2,2025-02-18,26.45,C64259,France,52.9
116561,S654,Streaming subscription,5,2025-02-18,24.23,C59388,Australia,121.15
116562,S771,Streaming subscription,1,2025-02-18,27.92,C13229,Australia,27.92
116563,S448,Streaming subscription,1,2025-02-18,25.9,C84921,Australia,25.9
116564,S883,Streaming subscription,5,2025-02-18,30.4,C36204,Australia,152.0
116566,S487,Streaming subscription,3,2025-02-18,24.8,C18824,Australia,74.4
116567,S122,Streaming subscription,3,2025-02-18,23.19,C74539,Australia,69.57000000000001
116568,S823,Streaming subscription,2,2025-02-18,21.39,C34862,Australia,42.78
116569,S797,Streaming subscription,2,2025-02-18,25.43,C95221,Canada,50.86
116565,S890,Streaming subscription,4,2025-02-18,28.55,C49325,Australia,114.2
116571,S833,Streaming subscription,4,2025-02-18,28.65,C39322,Canada,114.6
116570,S420,Streaming subscription,4,2025-02-18,23.87,C45851,Canada,95.48
116577,S273,Streaming subscription,1,2025-02-18,27.09,C80190,France,27.09
116576,S267,Streaming subscription,5,2025-02-18,21.36,C36795,Canada,106.8
116575,S123,Streaming subscription,5,2025-02-18,21.44,C78929,Canada,107.2
116578,S280,Streaming subscription,2,2025-02-18,26.3,C38028,France,52.6
116573,S726,Streaming subscription,5,2025-02-18,29.19,C78065,Canada,145.95000000000002
116572,S145,Streaming subscription,1,2025-02-18,17.7,C91470,Canada,17.7
116574,S378,Streaming subscription,4,2025-02-18,18.87,C96314,Canada,75.48
116640,S287,Streaming subscription,4,2025-02-19,39.72,C69147,United Kingdom,158.88
116623,S923,Streaming subscription,2,2025-02-19,34.51,C34120,France,69.02
116624,S662,Streaming subscription,2,2025-02-19,28.42,C76377,France,56.84
116625,S752,Streaming subscription,4,2025-02-19,39.27,C12293,Germany,157.08
116626,S166,Streaming subscription,2,2025-02-19,35.52,C51362,Germany,71.04
116627,S201,Streaming subscription,2,2025-02-19,30.77,C86782,Germany,61.54
116628,S263,Streaming subscription,2,2025-02-19,34.69,C82526,Germany,69.38
116629,S536,Streaming subscription,5,2025-02-19,31.6,C44630,Germany,158.0
116630,S246,Streaming subscription,-1,2025-02-19,36.54,C56334,Germany,-36.54
116622,S546,Streaming subscription,2,2025-02-19,23.56,C93685,France,47.12
116632,S891,Streaming subscription,1,2025-02-19,25.2,C42520,Germany,25.2
116633,S628,Streaming subscription,2,2025-02-19,35.96,C87408,United Kingdom,71.92
116634,S744,Streaming subscription,3,2025-02-19,35.18,C59177,United Kingdom,105.53999999999999
116635,S583,Streaming subscription,5,2025-02-19,39.95,C96045,United Kingdom,199.75
116636,S146,Streaming subscription,3,2025-02-19,40.0,C58659,United Kingdom,120.0
116637,S497,Streaming subscription,2,2025-02-19,34.68,C45854,United Kingdom,69.36
116638,S925,Streaming subscription,5,2025-02-19,33.67,C97282,United Kingdom,168.35000000000002
116639,S893,Streaming subscription,3,2025-02-19,31.07,C63979,United Kingdom,93.21000000000001
116631,S276,Streaming subscription,4,2025-02-19,32.49,C24706,Germany,129.96
116621,S872,Streaming subscription,4,2025-02-19,32.95,C28943,France,131.8
116611,S594,Streaming subscription,4,2025-02-19,17.89,C70500,Canada,71.56
116619,S128,Streaming subscription,4,2025-02-19,31.09,C13400,France,124.36
116620,S481,Streaming subscription,2,2025-02-19,30.1,C18623,France,60.2
116601,S604,Streaming subscription,1,2025-02-19,19.14,C48113,Australia,19.14
116602,S899,Streaming subscription,3,2025-02-19,29.39,C41143,Australia,88.17
116603,S453,Streaming subscription,1,2025-02-19,26.96,C33061,Australia,26.96
116604,S795,Streaming subscription,3,2025-02-19,29.49,C58158,Australia,88.47
116606,S605,Streaming subscription,2,2025-02-19,22.44,C12970,Australia,44.88
116607,S590,Streaming subscription,3,2025-02-19,26.52,C96092,Australia,79.56
116608,S152,Streaming subscription,1,2025-02-19,26.04,C44721,Australia,26.04
116605,S828,Streaming subscription,2,2025-02-19,24.05,C18500,Australia,48.1
116610,S261,Streaming subscription,4,2025-02-19,18.03,C29086,Canada,72.12
116609,S811,Streaming subscription,5,2025-02-19,29.48,C31304,Canada,147.4
116617,S455,Streaming subscription,5,2025-02-19,23.9,C48888,France,119.5
116616,S397,Streaming subscription,2,2025-02-19,24.11,C80546,Canada,48.22
116615,S370,Streaming subscription,3,2025-02-19,23.64,C74055,Canada,70.92
116618,S330,Streaming subscription,2,2025-02-19,33.85,C73160,France,67.7
116613,S319,Streaming subscription,5,2025-02-19,18.61,C77436,Canada,93.05
116612,S650,Streaming subscription,5,2025-02-19,18.41,C98573,Canada,92.05
116614,S227,Streaming subscription,5,2025-02-19,24.38,C36095,Canada,121.89999999999999
116670,S460,Streaming subscription,2,2025-02-20,37.64,C83492,Germany,75.28
116663,S818,Streaming subscription,1,2025-02-20,25.78,C43024,France,25.78
116664,S150,Streaming subscription,4,2025-02-20,34.97,C28447,France,139.88
116665,S410,Streaming subscription,1,2025-02-20,30.7,C90419,Germany,30.7
116666,S733,Streaming subscription,2,2025-02-20,38.72,C83015,Germany,77.44
116667,S960,Streaming subscription,5,2025-02-20,30.49,C31055,Germany,152.45
116668,S784,Streaming subscription,5,2025-02-20,33.22,C34738,Germany,166.1
116669,S282,Streaming subscription,2,2025-02-20,26.04,C95499,Germany,52.08
116671,S977,Streaming subscription,5,2025-02-20,30.74,C20430,Germany,153.7
116680,S566,Streaming subscription,5,2025-02-20,38.16,C82057,United Kingdom,190.79999999999998
116673,S917,Streaming subscription,5,2025-02-20,32.61,C92884,United Kingdom,163.05
116674,S803,Streaming subscription,1,2025-02-20,35.33,C40160,United Kingdom,35.33
116675,S226,Streaming subscription,4,2025-02-20,39.71,C76865,United Kingdom,158.84
116676,S800,Streaming subscription,5,2025-02-20,39.08,C81914,United Kingdom,195.39999999999998
116677,S219,Streaming subscription,5,2025-02-20,31.83,C38034,United Kingdom,159.14999999999998
116678,S875,Streaming subscription,4,2025-02-20,40.0,C68611,United Kingdom,160.0
116679,S296,Streaming subscription,5,2025-02-20,39.7,C81916,United Kingdom,198.5
116662,S163,Streaming subscription,1,2025-02-20,25.48,C74220,France,25.48
116672,S135,Streaming subscription,1,2025-02-20,36.19,C59515,Germany,36.19
116661,S104,Streaming subscription,5,2025-02-20,29.9,C57713,France,149.5
116660,S717,Streaming subscription,4,2025-02-20,32.81,C13187,France,131.24
116659,S167,Streaming subscription,4,2025-02-20,35.09,C31934,France,140.36
116642,S828,Streaming subscription,1,2025-02-20,29.67,C80057,Australia,29.67
116643,S773,Streaming subscription,5,2025-02-20,29.83,C59193,Australia,149.14999999999998
116644,S275,Streaming subscription,4,2025-02-20,16.64,C21795,Australia,66.56
116645,S940,Streaming subscription,-1,2025-02-20,23.65,C68527,Australia,-23.65
116646,S586,Streaming subscription,5,2025-02-20,28.54,C33375,Australia,142.7
116647,S829,Streaming subscription,4,2025-02-20,28.98,C50013,Australia,115.92
116648,S799,Streaming subscription,1,2025-02-20,22.49,C48098,Australia,22.49
116649,S413,Streaming subscription,3,2025-02-20,19.67,C34767,Canada,59.010000000000005
116641,S872,Streaming subscription,5,2025-02-20,29.37,C34924,Australia,146.85
116651,S413,Streaming subscription,2,2025-02-20,21.86,C77472,Canada,43.72
116652,S371,Streaming subscription,5,2025-02-20,23.25,C75915,Canada,116.25
116653,S420,Streaming subscription,4,2025-02-20,13.43,C89849,Canada,53.72
116654,S462,Streaming subscription,2,2025-02-20,23.23,C64032,Canada,46.46
116655,S381,Streaming subscription,1,2025-02-20,18.2,C78481,Canada,18.2
116656,S855,Streaming subscription,4,2025-02-20,21.48,C93374,Canada,85.92
116657,S364,Streaming subscription,4,2025-02-20,28.23,C22602,France,112.92
116658,S332,Streaming subscription,4,2025-02-20,28.11,C15365,France,112.44
116650,S461,Streaming subscription,4,2025-02-20,20.62,C38176,Canada,82.48
116708,S200,Streaming subscription,3,2025-02-21,28.72,C46822,Germany,86.16
116707,S153,Streaming subscription,5,2025-02-21,39.77,C41371,Germany,198.85000000000002
116703,S383,Streaming subscription,1,2025-02-21,28.81,C77323,France,28.81
116705,S563,Streaming subscription,5,2025-02-21,34.43,C76889,Germany,172.15
116704,S139,Streaming subscription,3,2025-02-21,28.37,C99731,France,85.11
116709,S639,Streaming subscription,2,2025-02-21,31.36,C87576,Germany,62.72
116706,S892,Streaming subscription,3,2025-02-21,32.61,C61303,Germany,97.83
116710,S106,Streaming subscription,1,2025-02-21,27.16,C20913,Germany,27.16
116715,S737,Streaming subscription,5,2025-02-21,36.92,C77848,United Kingdom,184.60000000000002
116712,S174,Streaming subscription,3,2025-02-21,32.16,C15921,Germany,96.47999999999999
116713,S356,Streaming subscription,3,2025-02-21,40.0,C94908,United Kingdom,120.0
116714,S372,Streaming subscription,3,2025-02-21,37.72,C64417,United Kingdom,113.16
116716,S693,Streaming subscription,5,2025-02-21,40.0,C64997,United Kingdom,200.0
116717,S259,Streaming subscription,3,2025-02-21,40.0,C80759,United Kingdom,120.0
116718,S234,Streaming subscription,2,2025-02-21,37.88,C62609,United Kingdom,75.76
116719,S419,Streaming subscription,4,2025-02-21,40.0,C68569,United Kingdom,160.0
116702,S921,Streaming subscription,2,2025-02-21,31.9,C99278,France,63.8
116720,S756,Streaming subscription,4,2025-02-21,40.0,C90140,United Kingdom,160.0
116701,S962,Streaming subscription,2,2025-02-21,28.1,C44134,France,56.2
116711,S315,Streaming subscription,2,2025-02-21,34.51,C57207,Germany,69.02
116699,S679,Streaming subscription,5,2025-02-21,27.82,C39525,France,139.1
116681,S427,Streaming subscription,2,2025-02-21,26.18,C27611,Australia,52.36
116682,S995,Streaming subscription,5,2025-02-21,25.38,C32398,Australia,126.89999999999999
116683,S755,Streaming subscription,4,2025-02-21,26.63,C36746,Australia,106.52
116684,S330,Streaming subscription,5,2025-02-21,29.04,C57191,Australia,145.2
116685,S495,Streaming subscription,1,2025-02-21,30.07,C37419,Australia,30.07
116700,S302,Streaming subscription,1,2025-02-21,30.2,C86661,France,30.2
116687,S826,Streaming subscription,1,2025-02-21,27.68,C13666,Australia,27.68
116688,S136,Streaming subscription,2,2025-02-21,22.3,C33953,Australia,44.6
116689,S289,Streaming subscription,1,2025-02-21,23.9,C50017,Canada,23.9
116686,S489,Streaming subscription,5,2025-02-21,25.0,C53441,Australia,125.0
116691,S801,Streaming subscription,2,2025-02-21,21.52,C42326,Canada,43.04
116692,S539,Streaming subscription,4,2025-02-21,24.82,C38380,Canada,99.28
116693,S658,Streaming subscription,4,2025-02-21,28.27,C23787,Canada,113.08
116694,S519,Streaming subscription,4,2025-02-21,15.87,C86399,Canada,63.48
116695,S759,Streaming subscription,2,2025-02-21,19.23,C73062,Canada,38.46
116696,S654,Streaming subscription,4,2025-02-21,26.62,C88967,Canada,106.48
116697,S706,Streaming subscription,1,2025-02-21,30.92,C12432,France,30.92
116698,S922,Streaming subscription,3,2025-02-21,30.97,C23085,France,92.91
116690,S837,Streaming subscription,5,2025-02-21,19.69,C80244,Canada,98.45
116749,S779,Streaming subscription,5,2025-02-22,24.49,C96195,Germany,122.44999999999999
116748,S204,Streaming subscription,3,2025-02-22,25.15,C81619,Germany,75.44999999999999
116747,S113,Streaming subscription,4,2025-02-22,34.79,C99189,Germany,139.16
116743,S777,Streaming subscription,5,2025-02-22,23.21,C68080,France,116.05000000000001
116745,S910,Streaming subscription,1,2025-02-22,22.23,C72752,Germany,22.23
116744,S663,Streaming subscription,2,2025-02-22,29.14,C69061,France,58.28
116746,S637,Streaming subscription,2,2025-02-22,31.47,C89418,Germany,62.94
116751,S224,Streaming subscription,4,2025-02-22,29.54,C14068,Germany,118.16
116760,S818,Streaming subscription,3,2025-02-22,32.58,C60082,United Kingdom,97.74
116753,S816,Streaming subscription,3,2025-02-22,34.24,C94573,United Kingdom,102.72
116754,S539,Streaming subscription,3,2025-02-22,40.0,C40909,United Kingdom,120.0
116755,S931,Streaming subscription,5,2025-02-22,31.49,C99713,United Kingdom,157.45
116756,S203,Streaming subscription,5,2025-02-22,31.71,C14727,United Kingdom,158.55
116757,S667,Streaming subscription,4,2025-02-22,31.15,C60041,United Kingdom,124.6
116758,S325,Streaming subscription,3,2025-02-22,35.14,C87006,United Kingdom,105.42
116759,S229,Streaming subscription,4,2025-02-22,33.17,C24672,United Kingdom,132.68
116742,S737,Streaming subscription,2,2025-02-22,22.93,C49308,France,45.86
116752,S907,Streaming subscription,3,2025-02-22,27.02,C59159,Germany,81.06
116741,S763,Streaming subscription,4,2025-02-22,27.31,C92681,France,109.24
116750,S617,Streaming subscription,1,2025-02-22,29.0,C24301,Germany,29.0
116739,S602,Streaming subscription,5,2025-02-22,22.73,C92501,France,113.65
116721,S223,Streaming subscription,2,2025-02-22,31.61,C36143,Australia,63.22
116722,S346,Streaming subscription,3,2025-02-22,23.64,C87431,Australia,70.92
116723,S420,Streaming subscription,3,2025-02-22,13.41,C32484,Australia,40.230000000000004
116724,S956,Streaming subscription,3,2025-02-22,29.66,C94578,Australia,88.98
116725,S108,Streaming subscription,3,2025-02-22,25.17,C49788,Australia,75.51
116740,S605,Streaming subscription,5,2025-02-22,22.5,C38417,France,112.5
116727,S806,Streaming subscription,3,2025-02-22,26.04,C84425,Australia,78.12
116728,S533,Streaming subscription,4,2025-02-22,23.2,C20286,Australia,92.8
116729,S820,Streaming subscription,3,2025-02-22,23.13,C96061,Canada,69.39
116726,S703,Streaming subscription,2,2025-02-22,25.95,C76290,Australia,51.9
116731,S753,Streaming subscription,4,2025-02-22,23.21,C95694,Canada,92.84
116732,S378,Streaming subscription,5,2025-02-22,23.71,C12727,Canada,118.55000000000001
116733,S358,Streaming subscription,2,2025-02-22,22.52,C42142,Canada,45.04
116734,S889,Streaming subscription,4,2025-02-22,17.74,C66737,Canada,70.96
116735,S207,Streaming subscription,3,2025-02-22,22.8,C60726,Canada,68.4
116736,S408,Streaming subscription,5,2025-02-22,12.42,C39428,Canada,62.1
116737,S100,Streaming subscription,5,2025-02-22,29.56,C19944,France,147.79999999999998
116738,S902,Streaming subscription,4,2025-02-22,15.83,C43871,France,63.32
116730,S249,Streaming subscription,2,2025-02-22,17.33,C59071,Canada,34.66
116788,S119,Streaming subscription,1,2025-02-23,27.82,C32636,Germany,27.82
116787,S323,Streaming subscription,3,2025-02-23,29.47,C76962,Germany,88.41
116786,S501,Streaming subscription,5,2025-02-23,24.87,C87096,Germany,124.35000000000001
116782,S673,Streaming subscription,3,2025-02-23,16.02,C30344,France,48.06
116784,S840,Streaming subscription,5,2025-02-23,26.05,C50191,France,130.25
116783,S531,Streaming subscription,1,2025-02-23,28.11,C66535,France,28.11
116785,S564,Streaming subscription,5,2025-02-23,29.33,C18679,Germany,146.64999999999998
116789,S994,Streaming subscription,2,2025-02-23,21.85,C36901,Germany,43.7
116798,S158,Streaming subscription,4,2025-02-23,33.85,C56336,United Kingdom,135.4
116791,S497,Streaming subscription,2,2025-02-23,27.78,C62085,Germany,55.56
116792,S196,Streaming subscription,2,2025-02-23,32.01,C10032,Germany,64.02
116793,S612,Streaming subscription,2,2025-02-23,34.15,C87894,United Kingdom,68.3
116794,S664,Streaming subscription,3,2025-02-23,34.26,C18290,United Kingdom,102.78
116795,S982,Streaming subscription,2,2025-02-23,36.02,C59973,United Kingdom,72.04
116796,S784,Streaming subscription,4,2025-02-23,33.75,C96664,United Kingdom,135.0
116797,S829,Streaming subscription,5,2025-02-23,29.29,C36048,United Kingdom,146.45
116781,S707,Streaming subscription,5,2025-02-23,28.38,C39671,France,141.9
116790,S137,Streaming subscription,3,2025-02-23,27.39,C40959,Germany,82.17
116780,S270,Streaming subscription,3,2025-02-23,23.65,C93817,France,70.94999999999999
116770,S626,Streaming subscription,4,2025-02-23,21.2,C65059,Canada,84.8
116778,S797,Streaming subscription,5,2025-02-23,24.43,C42295,France,122.15
116799,S864,Streaming subscription,5,2025-02-23,35.06,C45064,United Kingdom,175.3
116761,S484,Streaming subscription,2,2025-02-23,21.94,C76626,Australia,43.88
116762,S311,Streaming subscription,3,2025-02-23,32.74,C54150,Australia,98.22
116763,S414,Streaming subscription,1,2025-02-23,24.42,C58619,Australia,24.42
116764,S794,Streaming subscription,3,2025-02-23,19.86,C95786,Australia,59.58
116765,S189,Streaming subscription,2,2025-02-23,23.62,C77226,Australia,47.24
116766,S587,Streaming subscription,5,2025-02-23,23.03,C40384,Australia,115.15
116767,S533,Streaming subscription,4,2025-02-23,22.08,C41132,Australia,88.32
116768,S257,Streaming subscription,1,2025-02-23,24.95,C80800,Australia,24.95
116769,S760,Streaming subscription,5,2025-02-23,18.72,C82654,Canada,93.6
116771,S787,Streaming subscription,4,2025-02-23,19.98,C89804,Canada,79.92
116772,S681,Streaming subscription,5,2025-02-23,13.09,C91858,Canada,65.45
116773,S760,Streaming subscription,3,2025-02-23,19.12,C46411,Canada,57.36
116774,S606,Streaming subscription,4,2025-02-23,18.15,C15423,Canada,72.6
116775,S686,Streaming subscription,5,2025-02-23,24.42,C58424,Canada,122.10000000000001
116776,S498,Streaming subscription,2,2025-02-23,14.36,C75037,Canada,28.72
116777,S358,Streaming subscription,2,2025-02-23,29.15,C99798,France,58.3
116779,S192,Streaming subscription,1,2025-02-23,24.91,C20578,France,24.91
116800,S199,Streaming subscription,5,2025-02-23,27.43,C72967,United Kingdom,137.15
